{"type":"FeatureCollection","name":"화성시 법정동 경계","source":{"provider":"VWorld 공간정보 오픈플랫폼","dataset":"LT_C_ADEMD_INFO","fetchedAt":"2026-07-26T06:10:13.813Z","domain":"https://www.stargateedu.co.kr"},"features":[{"type":"Feature","id":"41597114","properties":{"code":"41597114","name":"금곡동","district":"동탄구","city":"화성시","province":"경기도","fullName":"경기도 화성시 동탄구 금곡동","source":"VWorld LT_C_ADEMD_INFO"},"geometry":{"type":"MultiPolygon","coordinates":[[[[127.07118578790073,37.18403227248788],[127.0715256161814,37.18375291694459],[127.0714462550582,37.18355642738975],[127.0717390771531,37.18320371043597],[127.07159207018333,37.18254576259273],[127.07177750272209,37.182329960039816],[127.07197885471763,37.18219580965418],[127.07213152646507,37.181943984114554],[127.07200736250253,37.181632079359055],[127.07208591514943,37.180960184478984],[127.07218667540013,37.1807016408774],[127.07187076624653,37.17986216050747],[127.07201838349576,37.179677357955654],[127.07207329993155,37.179310715917985],[127.07221899985464,37.17894316369789],[127.07210520578437,37.17786254156207],[127.07222864586393,37.17740405970719],[127.07199167826198,37.17667744240858],[127.07202654133586,37.17614495615852],[127.07235245878923,37.17583898197216],[127.07237417672997,37.175534009137216],[127.07258887494186,37.17502648210897],[127.07309390918371,37.17456157041471],[127.07261600415161,37.17430900587865],[127.07234957836542,37.17406841425217],[127.07186550945909,37.17399915970391],[127.07127947709387,37.1740355481437],[127.07075600726016,37.1739753137311],[127.07073911525636,37.17359068390917],[127.07085134325118,37.17338028646984],[127.07058104900794,37.173110688326595],[127.0706932004818,37.17281665570612],[127.07065887184197,37.17241205070943],[127.07077130391669,37.172032138835355],[127.07084907301201,37.171080630565115],[127.07069097645423,37.1705747387848],[127.07079377541474,37.17025283293861],[127.07092877753145,37.17011759653617],[127.0709281339752,37.16999257631954],[127.07137740368209,37.169556708985525],[127.0712770726307,37.16931376407898],[127.07142492127515,37.16899747165716],[127.0712472212214,37.16861236868545],[127.07130265358869,37.16823587754109],[127.07214455028199,37.167580135420366],[127.07203304742946,37.167418859867354],[127.07212974019731,37.16735770210411],[127.07242244340878,37.16732148532708],[127.07325524245333,37.16692453118256],[127.0735587491573,37.166410739635],[127.07337805960029,37.165834177406055],[127.07338905396459,37.16555484524456],[127.0742892775973,37.165049707792726],[127.07479550458044,37.16461689177567],[127.07462646779216,37.16445480715924],[127.0747164130014,37.16433761510979],[127.07496394044517,37.16415725190913],[127.0752791647284,37.16413903510616],[127.07557167818624,37.16392260061058],[127.07560530446634,37.16376940104892],[127.0756953642839,37.163760334204795],[127.07576297744205,37.16382336537901],[127.07589796568148,37.16370614419097],[127.07586375750236,37.163264651008966],[127.07566092841088,37.16308456801951],[127.07584073757893,37.162751066734046],[127.075435285036,37.162598141767674],[127.07598661092241,37.162255406412896],[127.07605420527446,37.16230040742931],[127.07623420599072,37.16216513649799],[127.07618911944614,37.16211110188673],[127.07632421943744,37.162111025688695],[127.07689569245795,37.1622819532525],[127.07793951381986,37.163022083284915],[127.07814734031318,37.163608226473094],[127.07846414463553,37.164140974372806],[127.0784064595445,37.164367373640744],[127.07847516278613,37.16450339662437],[127.07873469958635,37.164692898836584],[127.07936818827793,37.165751938955474],[127.08117852130763,37.170048760379345],[127.08225078770501,37.17230309022009],[127.08360173728065,37.1777292762532],[127.08364416587933,37.17815431626767],[127.08372876124594,37.17820035521705],[127.08377109968981,37.17837517419557],[127.08389954969107,37.179338242090395],[127.08387187325354,37.17962092002852],[127.08393628996298,37.179572921473216],[127.08393093253461,37.17993825501675],[127.08327416490715,37.18248334939459],[127.08331417629861,37.18266066591525],[127.08323269080716,37.18263107768662],[127.08303373189189,37.183549399920835],[127.08294211295548,37.183669248133874],[127.0829921155972,37.18424716340771],[127.08257575802004,37.18424331319015],[127.08194833331333,37.18441824657818],[127.08107785351575,37.1844832141365],[127.08080330117956,37.1844359400383],[127.08007112697473,37.1845575194673],[127.07968333796057,37.18473872421489],[127.07915798361142,37.18523745676901],[127.07891195904568,37.18535891667995],[127.07861233940463,37.18564719474809],[127.07802566014813,37.18585392380856],[127.07723376192298,37.18603669625196],[127.0767779583771,37.18621652888381],[127.07645579206299,37.18643642633216],[127.07595303937839,37.186474127702354],[127.07517642030741,37.18690858424387],[127.07450291700493,37.18700136736892],[127.07424149934508,37.18709181300688],[127.07348560442958,37.18710615071755],[127.07320286671191,37.1870423478178],[127.0733090186282,37.18699047335392],[127.07311404285383,37.18672009711327],[127.07314768009061,37.18632415682153],[127.07181965765167,37.18477676444439],[127.07118578790073,37.18403227248788]]]]}},{"type":"Feature","id":"41597101","properties":{"code":"41597101","name":"능동","district":"동탄구","city":"화성시","province":"경기도","fullName":"경기도 화성시 동탄구 능동","source":"VWorld LT_C_ADEMD_INFO"},"geometry":{"type":"MultiPolygon","coordinates":[[[[127.0514547067628,37.2107691826879],[127.05125134663083,37.21094971115728],[127.05128904553726,37.21123055046083],[127.05109096904903,37.21118981628059],[127.05097173895749,37.21130150536479],[127.05113613669263,37.21152237236656],[127.05093702434841,37.211621750559075],[127.0508040575742,37.211919510578305],[127.05070609758725,37.211999473815666],[127.05034771803243,37.21145007597294],[127.04938191942028,37.21039111378863],[127.0490295128944,37.209818011949594],[127.04883960082643,37.20913329501711],[127.04871832067734,37.207581746427216],[127.04881607480169,37.206636332342214],[127.04893246725578,37.20649707453503],[127.04905010460506,37.20582890334661],[127.04907879529883,37.205235284057174],[127.05288309299358,37.20302884025008],[127.05306959173363,37.20280448928505],[127.05313737171151,37.20259271433252],[127.05299725756537,37.20228218529354],[127.05333585601514,37.20194315481826],[127.05342457043845,37.201708754292675],[127.05337574896885,37.20157361899329],[127.05342267540654,37.20157331010502],[127.05334612438543,37.20131043683496],[127.05294773398754,37.20139399315097],[127.05265883285546,37.200879946125305],[127.0522451828206,37.20049483728042],[127.05194159845027,37.20029763810334],[127.05156839220096,37.200252744149665],[127.05152835385508,37.20000452321936],[127.05123481114605,37.19965531170585],[127.05129830634098,37.19960464631611],[127.05106397900163,37.19954635685545],[127.05108035470435,37.1994399366024],[127.05116322137812,37.199385749101005],[127.05136740317573,37.19865167211692],[127.05097470636906,37.19841468167489],[127.05097859036233,37.198497936616306],[127.05056211772438,37.198417376150395],[127.05011750342088,37.1981872522842],[127.05028855993844,37.19795155867937],[127.050034867546,37.19789723973562],[127.05053339052152,37.19719079526941],[127.04990796338613,37.19689686113776],[127.05061269884014,37.196484798960945],[127.05128301247349,37.19669626489731],[127.05177881128206,37.197006916190546],[127.0523195325341,37.1971148109546],[127.05278130080133,37.19706054929848],[127.0532094191765,37.19721354093972],[127.05377263999993,37.19727636698543],[127.05445159556629,37.19748527921223],[127.05521287975198,37.197406653763544],[127.05612522619053,37.197151691413275],[127.05668211290788,37.19722183204556],[127.05672771329782,37.19724489557944],[127.05674021367707,37.19748930727384],[127.05714413620389,37.19774872741308],[127.05808952302513,37.19791018848739],[127.05900228177559,37.19844136564751],[127.05926404200912,37.19851838580458],[127.05957200646627,37.19872746693206],[127.06019059138833,37.199339854684595],[127.06053906650017,37.19944740148058],[127.06047564826198,37.1995309689315],[127.06014252121507,37.199607182454464],[127.05947719348757,37.199500645946905],[127.05934905458749,37.20460511950804],[127.0594791457304,37.20546699509882],[127.05983584170262,37.20641435775446],[127.06179653293125,37.210278672568],[127.06224907595872,37.21099170714702],[127.06282106937918,37.21159691340168],[127.06351384588558,37.212208000551925],[127.06401803393692,37.21198878214384],[127.0641221433648,37.21214199456146],[127.06291739966343,37.21716737909681],[127.06151852790565,37.22026984270576],[127.06017360181164,37.221290459489744],[127.05967003207128,37.22095725937872],[127.05938461165984,37.220953650849374],[127.05898981208574,37.22074427884143],[127.05865547312044,37.22034023333658],[127.0582806957353,37.220155051260335],[127.0578219581321,37.21977166073222],[127.05771506713008,37.21958688080175],[127.05738294452978,37.21927080919691],[127.05710804157384,37.21915690179356],[127.05654847329511,37.2187205180966],[127.05651249866783,37.218674095105875],[127.05662039899057,37.21861043139165],[127.05577918928515,37.21804170364762],[127.05552028826467,37.21792439818385],[127.05515406410842,37.21761869686273],[127.0551214847749,37.21752829203715],[127.05528855440755,37.217318678954456],[127.05534821842868,37.21713926336697],[127.05553107023104,37.21623345245184],[127.05552421252705,37.21608035947759],[127.05540211810018,37.21592064226038],[127.05490202568132,37.215645257886976],[127.05411802574729,37.215383675644006],[127.0538209798508,37.21515532985916],[127.05368450017043,37.21513790982841],[127.05337568175896,37.214973019515824],[127.05296659724169,37.21492634371987],[127.05277871921939,37.214738530785525],[127.05302348117479,37.214579796051616],[127.053337822131,37.21420774458727],[127.05407084843169,37.21380038458162],[127.05422934717751,37.21361821341524],[127.05462526345954,37.213338803401946],[127.05478251225638,37.212984442763],[127.05501656093526,37.21274474998457],[127.05483938959429,37.212642381307646],[127.05524510641277,37.21253118947462],[127.05556082689725,37.21260412041062],[127.05573676620556,37.212557906604495],[127.05597691486548,37.212347132597394],[127.05702594785673,37.21167987381267],[127.05784932073874,37.21137234653272],[127.05828073075827,37.211090717782575],[127.05872181217933,37.210984813217834],[127.05880040640395,37.21063435955862],[127.05854569031992,37.21033218248616],[127.05837651889463,37.21023053603959],[127.05789997874604,37.210216887780724],[127.05759928533197,37.210040786480675],[127.05716231676335,37.21006595147448],[127.05697788712376,37.21020065383728],[127.05682572784458,37.210406162841615],[127.05617428607631,37.21062154425964],[127.05553275107883,37.21067436938621],[127.0547510522744,37.210859977774355],[127.05453817396099,37.21091873117017],[127.05447293717248,37.211066981949294],[127.05432754944039,37.21097892484696],[127.05425276196166,37.211002024873494],[127.0541333817121,37.210890348619046],[127.05412047745865,37.21080178180975],[127.0546535659897,37.210643681087674],[127.05439442927785,37.210279054772],[127.05428528853317,37.21031045975093],[127.05420168747878,37.21045655607262],[127.05375140869228,37.20997208434672],[127.05384306816472,37.20942294808793],[127.0540956397221,37.20910125385176],[127.05440279551085,37.20854625454404],[127.0543528099936,37.20843076307483],[127.0540838418359,37.208333570050776],[127.05377088695819,37.2083226256948],[127.05357500881759,37.20835713181112],[127.05334464793573,37.20854023477237],[127.0530310692617,37.208441346888854],[127.05264406467157,37.20854261165652],[127.05251955151991,37.20866196349694],[127.05233528505185,37.20871123967433],[127.05203644129415,37.208915543965986],[127.05149074186056,37.20890216971054],[127.05150923042487,37.20943485877318],[127.05118158561999,37.20987731878767],[127.0510781220159,37.210150017824205],[127.05107642191227,37.21030652974814],[127.05113761955536,37.210518249282515],[127.05135307013636,37.21059988344188],[127.05140629051672,37.210671313761154],[127.05148649081326,37.21065551169647],[127.05147202236083,37.210752740358465],[127.0514547067628,37.2107691826879]]]]}},{"type":"Feature","id":"41597109","properties":{"code":"41597109","name":"목동","district":"동탄구","city":"화성시","province":"경기도","fullName":"경기도 화성시 동탄구 목동","source":"VWorld LT_C_ADEMD_INFO"},"geometry":{"type":"MultiPolygon","coordinates":[[[[127.13150077195387,37.1956915976154],[127.13110529819734,37.195695833268935],[127.13082318845538,37.19591529366749],[127.13037753252688,37.195955695534565],[127.12999839032432,37.196091534371746],[127.12852152369521,37.196036964695935],[127.12800507967287,37.195850325126095],[127.12699740140154,37.19571216723918],[127.12638222551774,37.19620713048339],[127.12597981813829,37.19597381385824],[127.12519800759527,37.19603017304473],[127.12445580573248,37.195278645048525],[127.12392087383078,37.19508654649058],[127.12340339803976,37.1949826939339],[127.12272973607904,37.19513195843105],[127.12160350633037,37.19428806012822],[127.1212541321623,37.19409312119335],[127.12121356870587,37.19412556377176],[127.11981080293467,37.193508936711694],[127.12013020554545,37.192850764080504],[127.1203266545347,37.19275830017779],[127.12062744903106,37.19226862229242],[127.12074129183941,37.191615700223736],[127.121432408213,37.191254043812584],[127.11931481615704,37.18974005042428],[127.11881494177887,37.18972390405914],[127.11778778542761,37.18936401156671],[127.1178391698712,37.189323522181176],[127.11662020932587,37.18915282013691],[127.11604781692854,37.189394891236155],[127.11551557442657,37.18876989834288],[127.11566726889738,37.18839007845348],[127.11538921177025,37.18755498601648],[127.11549400488862,37.18728466144587],[127.11545329322301,37.18698528288054],[127.11559233655846,37.18668735323353],[127.11560972557744,37.18630589647107],[127.11507531133465,37.186236813053306],[127.11442779164281,37.18596139628308],[127.11358578958266,37.18495754667716],[127.11358489088632,37.18463894639422],[127.1134247761908,37.184298078535925],[127.11307909964205,37.183929966450904],[127.11307107154654,37.18370886610118],[127.1149861613222,37.18366187804994],[127.1150343253207,37.18372854543009],[127.11706559092488,37.183720211489145],[127.1162280352865,37.18297490437031],[127.11489326177878,37.18201730377615],[127.11301698964286,37.18090219200913],[127.1115921364361,37.180184271262114],[127.11203025956323,37.17990735897841],[127.1126193036793,37.1796570197069],[127.11328105265976,37.179504084272565],[127.11374615176507,37.17945891665081],[127.11453436794572,37.179502634147134],[127.11600144380846,37.179833441957165],[127.11662316361921,37.179879252569904],[127.1170857960415,37.17987419698379],[127.11862220070775,37.17969076697621],[127.12008990091512,37.179649401724625],[127.12209446608354,37.17927116349633],[127.12256481732439,37.17928952482534],[127.1229264694764,37.17937247467743],[127.12411828362738,37.17983607086277],[127.12615378531878,37.1795298157738],[127.13083637806146,37.19155030964724],[127.13116249498883,37.19267331370399],[127.13094802697574,37.19272583586571],[127.13102998387554,37.193212004451595],[127.1310084732321,37.193397598250186],[127.13127156831676,37.19347844952612],[127.13142988539491,37.194565720468574],[127.13149977694023,37.19564533905871],[127.13150077195387,37.1956915976154]]]]}},{"type":"Feature","id":"41597102","properties":{"code":"41597102","name":"반송동","district":"동탄구","city":"화성시","province":"경기도","fullName":"경기도 화성시 동탄구 반송동","source":"VWorld LT_C_ADEMD_INFO"},"geometry":{"type":"MultiPolygon","coordinates":[[[[127.08299208274576,37.184247204197185],[127.08354278666172,37.18833875733468],[127.08355875962897,37.18897666009827],[127.0835098629144,37.18939728435215],[127.0832929055645,37.18999376473342],[127.082839752217,37.190805793086085],[127.08213856940704,37.19229248458298],[127.08235982998764,37.19428076145993],[127.082621307924,37.196064562121414],[127.08269295334192,37.1961057719125],[127.08270691529796,37.19634334094576],[127.08210522301236,37.19634294084653],[127.08170080252881,37.19649567212408],[127.08156348511179,37.19669381472402],[127.08135352759561,37.197650325689615],[127.08114449434176,37.19809774512137],[127.08045746391237,37.198149654600485],[127.08008365521172,37.19839895193182],[127.08004640110732,37.19864424105928],[127.07981676930207,37.19900652299414],[127.07956245535365,37.19957588081475],[127.07959287988866,37.19980625790564],[127.07945502058999,37.20014586232752],[127.0794345749539,37.200418351678806],[127.079531692575,37.201315007302945],[127.07977859588051,37.20185366901889],[127.0796485124283,37.20198089225359],[127.07941910945421,37.20246787760095],[127.07892317925884,37.202615613552744],[127.07862783723436,37.20262472651473],[127.07826326690623,37.20256954904949],[127.07811189498184,37.20247873165275],[127.07787247990092,37.20243104076365],[127.07750635266517,37.20261914393622],[127.07707069001808,37.202661771691425],[127.07659246024849,37.2030583550173],[127.07641786739968,37.20329201620413],[127.07594719436129,37.203591099130506],[127.07562698360299,37.20340045874173],[127.07534033763731,37.20343613887126],[127.0750803358986,37.20353397381174],[127.07484015732283,37.20374649883191],[127.07431784751252,37.20365626604979],[127.07412341836246,37.203534744420736],[127.07447014350107,37.20447531153928],[127.07492558174415,37.20529903487791],[127.07534542464232,37.205883010783616],[127.07570536346249,37.20625608833579],[127.07581678608015,37.20626917373693],[127.07597238520422,37.20641531543346],[127.06847972420809,37.21110151955024],[127.06791691919904,37.21138719671825],[127.06713878922973,37.21163451615721],[127.06484009600332,37.211719924807625],[127.064270408511,37.21187917198382],[127.06351384588558,37.212208000551925],[127.06282106822074,37.21159691292904],[127.0622490748003,37.21099170667438],[127.06179653177287,37.21027867209535],[127.05983584054428,37.20641435728187],[127.05947914457208,37.20546699462621],[127.05934905458749,37.20460511950804],[127.05947719346834,37.19950064621868],[127.06014532076685,37.199612851646336],[127.06047844783588,37.19953663811554],[127.06054186832917,37.19945307156314],[127.06108702844062,37.19946671079675],[127.0615579303513,37.19937215257528],[127.0618165183142,37.19922052764752],[127.06211178988146,37.19915139387741],[127.06241606894098,37.19912054824801],[127.06344113253576,37.19918760420413],[127.0639566684772,37.1990248571665],[127.06443576250403,37.19905049879467],[127.06452254360603,37.19864949758174],[127.06473626217432,37.19829825549106],[127.06511005481791,37.19744656780622],[127.06538906063783,37.197080368093616],[127.0655463199136,37.19658442898787],[127.06618736939107,37.19584634988932],[127.06620902646314,37.195658812493946],[127.0663214521172,37.19541602742415],[127.06634669346884,37.195087132011274],[127.06596364884837,37.19456501392056],[127.06562247214184,37.19422674828178],[127.06577933815959,37.19387356151346],[127.0654184530541,37.193118562348715],[127.06560948120357,37.192595862466874],[127.06565624623893,37.19213178859101],[127.06701445188466,37.19107880478652],[127.06728939332586,37.1909595431717],[127.06776761798935,37.19085931463999],[127.0683722372914,37.190805470855736],[127.06850187878142,37.19075190251343],[127.06860381904714,37.19060204590323],[127.06793077886827,37.19029296981303],[127.06783644991901,37.18966876877957],[127.06802884037353,37.1891359172541],[127.0676196894708,37.18892805859234],[127.06692379578452,37.188398511463234],[127.0666999126412,37.18834486130022],[127.0662967570457,37.188132210183184],[127.06620452062106,37.18789573585133],[127.0659545331704,37.187576279854184],[127.06585273843214,37.18706273855728],[127.06571240527472,37.186747159077626],[127.06553587147994,37.18670474411659],[127.06517576550334,37.186391545065355],[127.06566092388745,37.18599820168093],[127.06553538657616,37.185289821410485],[127.06578486500013,37.18483353127055],[127.0660799488745,37.184415510230856],[127.06642888070301,37.184192869041915],[127.06675388679366,37.18420114234874],[127.06791559471402,37.1843992859942],[127.06842672574494,37.18395100588605],[127.06860456326571,37.183894032118765],[127.06878088535348,37.18389365281927],[127.06987172464484,37.18415433216422],[127.07055504584389,37.18401877887377],[127.0711857546062,37.18403231372868],[127.0731476467895,37.18632419806231],[127.07311400955174,37.18672013835438],[127.07330898532538,37.18699051459517],[127.07320283340901,37.187042389059116],[127.0734855711264,37.18710619195866],[127.07424146604156,37.18709185424712],[127.07450288370144,37.187001408608886],[127.07517638700375,37.18690862548313],[127.07595300607538,37.18647416894048],[127.07645575875972,37.1864364675697],[127.07677792507424,37.1862165701209],[127.07723372923947,37.1860367371046],[127.07802562729552,37.18585396460423],[127.07861230655217,37.185647235543],[127.0789119261938,37.18535895747434],[127.07915795075971,37.18523749756309],[127.07968330510973,37.18473876500804],[127.08007109412407,37.184557560259854],[127.08080326832885,37.184435980830045],[127.08107782066477,37.184483254928075],[127.08194830046199,37.184418287368715],[127.08257572516884,37.184243353979966],[127.08289645635405,37.18424352156299],[127.08299208274576,37.184247204197185]]]]}},{"type":"Feature","id":"41597113","properties":{"code":"41597113","name":"방교동","district":"동탄구","city":"화성시","province":"경기도","fullName":"경기도 화성시 동탄구 방교동","source":"VWorld LT_C_ADEMD_INFO"},"geometry":{"type":"MultiPolygon","coordinates":[[[[127.09437264961434,37.18396203325159],[127.09151572429916,37.18414433912595],[127.08962524329169,37.18467211570118],[127.08931164385004,37.18468591826505],[127.08896417426696,37.184420916008726],[127.08767386053754,37.18382686391209],[127.08529073074875,37.18296727091788],[127.08331417629859,37.18266066591534],[127.08327416490715,37.18248334939459],[127.08393093253461,37.179938255016665],[127.08393628996298,37.179572921473216],[127.08387187325354,37.17962092002852],[127.08389954969105,37.179338242090395],[127.08377109968981,37.17837517419547],[127.08372876124594,37.17820035521695],[127.08364416587933,37.17815431626767],[127.08360173728065,37.1777292762532],[127.08226358384414,37.172339483876904],[127.08117852130766,37.170048760379345],[127.07936818827793,37.165751938955474],[127.07873469958635,37.164692898836584],[127.07847516278613,37.16450339662437],[127.07840645954447,37.164367373640744],[127.07846414463553,37.164140974372806],[127.07814734031318,37.163608226473094],[127.07793951381986,37.163022083284915],[127.07680847069686,37.162254878071984],[127.07742760801935,37.16218239903817],[127.07764168821463,37.16235346129926],[127.07786692806995,37.162425400429285],[127.07822715974156,37.162389125767795],[127.07856471884789,37.162199686174176],[127.07891405827746,37.162523836690845],[127.07909390707563,37.16224439344818],[127.0796675077844,37.161685356223266],[127.07986985164418,37.161378874420755],[127.08016277822819,37.16159494153049],[127.08052314739672,37.161684797865036],[127.08132233871265,37.1615671257747],[127.08280844856702,37.16157512614964],[127.0830973519791,37.16163236958706],[127.08317130778211,37.161695392189095],[127.08334050258838,37.161669090956615],[127.0835660156159,37.16150111436579],[127.08367625379775,37.16129069674065],[127.08371973808917,37.160993878531826],[127.08380386477016,37.1608744309346],[127.08391973500532,37.161155649418795],[127.08866954044325,37.160602051892035],[127.08876217578401,37.1608500519841],[127.08933445760731,37.160956766903006],[127.09523026836175,37.173618328942354],[127.09580797343087,37.17496616361358],[127.09607918349855,37.17536033636498],[127.09650856457374,37.175776610631544],[127.09753908882432,37.17634461175309],[127.09797319780672,37.17685529763691],[127.09814487922374,37.177282389705226],[127.09812515827875,37.17781981785237],[127.09782214842267,37.17839912297324],[127.09732570275922,37.178886298519345],[127.09672471056709,37.17922573911786],[127.09658522207174,37.180187187913766],[127.09635980250127,37.18104564339578],[127.09624313550724,37.181964237435075],[127.09573135957832,37.18191333084293],[127.09539821770299,37.183988157351784],[127.09459819582275,37.18395227814174],[127.09437264961434,37.18396203325159]]]]}},{"type":"Feature","id":"41597110","properties":{"code":"41597110","name":"산척동","district":"동탄구","city":"화성시","province":"경기도","fullName":"경기도 화성시 동탄구 산척동","source":"VWorld LT_C_ADEMD_INFO"},"geometry":{"type":"MultiPolygon","coordinates":[[[[127.11354285528947,37.17947194896266],[127.1126193036793,37.1796570197069],[127.11203025956323,37.17990735897841],[127.1115921364361,37.180184271262114],[127.10981041241115,37.17944655760835],[127.10742555937443,37.17867309321129],[127.10584681921438,37.17829930472276],[127.10443147534352,37.178055475490055],[127.10585080993263,37.17519915518633],[127.10650241826005,37.17365191199189],[127.10661822093648,37.17325671755338],[127.10675138672579,37.17222932276688],[127.10672263249899,37.16568553206405],[127.11298322818094,37.16570975047593],[127.11463053645299,37.16599721023426],[127.11500927842135,37.164885132943446],[127.11531722359189,37.164236613334054],[127.11557100294444,37.164055528636766],[127.11582017428958,37.1639852409396],[127.11664158717917,37.16401210804064],[127.11813798597031,37.16372939115264],[127.11898126866312,37.1633828614415],[127.11978092256348,37.16323496069415],[127.12020511893846,37.16309722559084],[127.12120249482962,37.1626891460879],[127.12272388730663,37.16250963339773],[127.12281426430762,37.163021995141186],[127.12382880138463,37.16298866775211],[127.1242374579107,37.16304934547398],[127.12493620080906,37.16287438378368],[127.12639486055807,37.16231565533345],[127.12699030082067,37.16220462973198],[127.12738141191339,37.16230411441598],[127.12779089641231,37.16232837658953],[127.12848634845358,37.16226120811162],[127.12890877471197,37.16212791295477],[127.12900729899415,37.1619953805671],[127.12933308900699,37.162033621615656],[127.12943545221454,37.1621286620623],[127.12996889879841,37.162170993064755],[127.1312018376743,37.162628032452275],[127.13142463695482,37.16283582285716],[127.13151649572028,37.16301398585439],[127.1314348317556,37.163451030563294],[127.13149263275307,37.16360865091282],[127.13159753170555,37.16370893980231],[127.13162419982454,37.164028783217525],[127.13182283111465,37.164013039887614],[127.13224229049268,37.163841405488434],[127.13244734204125,37.163827681391645],[127.13252379063671,37.16415545288633],[127.13266752436647,37.164230585623294],[127.1327095516009,37.16438616841829],[127.13325439812958,37.164512684088656],[127.1337527504059,37.16480860142781],[127.13408490272234,37.16509061027548],[127.13406699276469,37.16525981138402],[127.13393883137341,37.16538101067724],[127.13386635556638,37.16585075470624],[127.13396841386519,37.16591970612509],[127.1340007949534,37.16611994619676],[127.13359871018551,37.16634945081225],[127.1334623374955,37.16653488552371],[127.1333222863485,37.16679388583532],[127.13335184942723,37.167012465543976],[127.13320129639914,37.16706618230008],[127.13305175600621,37.16736649691375],[127.13286293517183,37.16747391319175],[127.13252136528098,37.16810563845809],[127.13251949253034,37.168220893727245],[127.1321679644589,37.16805544281428],[127.1307439068275,37.16823863780447],[127.13013780257353,37.16889164777232],[127.12988987749067,37.16889494413513],[127.12907630832703,37.16863189639261],[127.12773825640292,37.16904691971978],[127.12791794350909,37.17000620120782],[127.12759690216743,37.1708606744712],[127.12635337221182,37.17106301502042],[127.12659548612827,37.170016245523875],[127.1262363438217,37.1697503821138],[127.126144453158,37.169749073155266],[127.12561617239163,37.168807103227635],[127.12514420918072,37.16854078688215],[127.12467736373391,37.16840798980644],[127.12425356240003,37.168100135519],[127.12413108617733,37.16826141496585],[127.12410562287799,37.168410961417344],[127.12373702461849,37.16838777070911],[127.12345407599973,37.168448801926885],[127.12385262852031,37.172337129002514],[127.1241121373891,37.17375379560515],[127.12498921856049,37.176584581963205],[127.12615378531878,37.1795298157738],[127.12411828362738,37.17983607086277],[127.1229264694764,37.17937247467743],[127.12256481732439,37.17928952482534],[127.12209446608354,37.17927116349633],[127.12008990091512,37.179649401724625],[127.11862220070775,37.17969076697621],[127.1170857960415,37.17987419698379],[127.11662316361921,37.179879252569904],[127.11600144380846,37.179833441957165],[127.11453436794572,37.179502634147134],[127.11374615176507,37.17945891665081],[127.11354285528947,37.17947194896266]]]]}},{"type":"Feature","id":"41597103","properties":{"code":"41597103","name":"석우동","district":"동탄구","city":"화성시","province":"경기도","fullName":"경기도 화성시 동탄구 석우동","source":"VWorld LT_C_ADEMD_INFO"},"geometry":{"type":"MultiPolygon","coordinates":[[[[127.0879938718286,37.21659916055047],[127.08823399047627,37.21660201647604],[127.08765264469267,37.21701894307286],[127.08725931302524,37.21711215292739],[127.08652757607669,37.21747365582571],[127.0848757053471,37.21883399752484],[127.08436491393881,37.21907987988604],[127.08418236583037,37.21908705448335],[127.08356826647861,37.21952167547976],[127.0825604821662,37.21975607252871],[127.08215861374613,37.21995653935858],[127.08141801272195,37.22064775363159],[127.08141255503381,37.22081444999118],[127.08129708175771,37.220998952098746],[127.08078795048607,37.221499661182584],[127.08036653937899,37.22138364417213],[127.08006708642898,37.221725401812456],[127.07958829144647,37.22178428608079],[127.07926900654769,37.22219531689705],[127.07916087904913,37.22249638967794],[127.07868973811915,37.222652694879145],[127.07827721373715,37.22262564339195],[127.07797366553159,37.22276437482565],[127.07776523243362,37.22294499585858],[127.0782012606703,37.22324882564423],[127.07805188550655,37.22333506990882],[127.07769738986704,37.223761050287315],[127.07741111002792,37.223923142150795],[127.07710434770641,37.224551255774976],[127.07614309395419,37.22546359169213],[127.07529520780867,37.225806258337606],[127.07465768575473,37.22593334010264],[127.07430444504395,37.22593896397439],[127.07344227608813,37.22610456138526],[127.07331861750765,37.22617032228913],[127.07306892430366,37.22617290621865],[127.07302985637753,37.22608697053113],[127.07311030359335,37.22596230799312],[127.0730627833442,37.22587475554915],[127.07299673768603,37.22585749544724],[127.07294879303089,37.22591708316887],[127.07108219385668,37.224842802055136],[127.07077202493224,37.224628806405526],[127.07079387456449,37.22437199694719],[127.06848003014825,37.22304618437471],[127.0685678125238,37.2226749958215],[127.06842185981705,37.2227564423886],[127.06839893493243,37.22244217213732],[127.06861373401854,37.222492238641664],[127.07065889785211,37.21413678176828],[127.07045206810264,37.21415348150913],[127.07054553410019,37.21385968718962],[127.0703677694368,37.21375022387415],[127.07049159739317,37.21314744438273],[127.0641221433648,37.21214199456146],[127.06401803393692,37.21198878214384],[127.06484009600332,37.211719924807625],[127.06713878922973,37.21163451615721],[127.06791691919904,37.21138719671825],[127.06847972420809,37.21110151955024],[127.07597238520422,37.20641531543346],[127.07581678608015,37.20626917373693],[127.07570536346249,37.20625608833579],[127.07534542464232,37.205883010783616],[127.07492558174415,37.20529903487791],[127.07447014350107,37.20447531153928],[127.07412341836246,37.203534744420736],[127.07431784751252,37.20365626604979],[127.07484015732283,37.20374649883191],[127.0750803358986,37.20353397381174],[127.07534033763731,37.20343613887126],[127.07562698360299,37.20340045874173],[127.07594719436129,37.203591099130506],[127.07641786739968,37.20329201620413],[127.07659246024849,37.2030583550173],[127.07707069001808,37.202661771691425],[127.07750635266517,37.20261914393622],[127.07787247990092,37.20243104076365],[127.07811189498184,37.20247873165275],[127.07826326690623,37.20256954904949],[127.07862783723436,37.20262472651473],[127.07892317925884,37.202615613552744],[127.07941910945421,37.20246787760095],[127.0796485124283,37.20198089225359],[127.07977859588051,37.20185366901889],[127.079531692575,37.201315007302945],[127.0794345749539,37.200418351678806],[127.07945502058999,37.20014586232752],[127.07959287988866,37.19980625790564],[127.07956245535365,37.19957588081475],[127.07981676930207,37.19900652299414],[127.08004640110732,37.19864424105928],[127.08008365521172,37.19839895193182],[127.08045746391237,37.198149654600485],[127.08114449434176,37.19809774512137],[127.08135352759561,37.197650325689615],[127.08156348511179,37.19669381472402],[127.08170080252881,37.19649567212408],[127.08210522301236,37.19634294084653],[127.08270691529796,37.19634334094576],[127.08321830638079,37.197627068777194],[127.08338585065864,37.19840752836711],[127.08324830871179,37.199336780782346],[127.08298812372486,37.20007996148024],[127.08296600948997,37.20046499305704],[127.0831425409606,37.20121958645634],[127.08312801504019,37.20164254672964],[127.08308269694615,37.201818461810106],[127.08295616475154,37.20199569419176],[127.08414438971447,37.20291839668406],[127.08418617552685,37.20288274024167],[127.0846727528941,37.20326330709215],[127.08505001030284,37.20364129998745],[127.08500830807797,37.203701717362726],[127.08522354550848,37.20376870225807],[127.08534317740413,37.20371000474348],[127.0856621750072,37.204276255955186],[127.08594531800293,37.20511203403892],[127.08594996817449,37.206010010976165],[127.0857892800956,37.20665280382107],[127.08556100428534,37.20716829085754],[127.08479780609792,37.20846664784552],[127.0843533725235,37.20938558213135],[127.08425616740905,37.20982225955856],[127.08432416829488,37.210082541422864],[127.08428983384437,37.21001279765167],[127.08464608390467,37.21091893441144],[127.08461848586978,37.21096243811124],[127.08769653567862,37.21476353073465],[127.08778331669575,37.21494960489384],[127.08810278812477,37.21641512422245],[127.0879938718286,37.21659916055047]]]]}},{"type":"Feature","id":"41597112","properties":{"code":"41597112","name":"송동","district":"동탄구","city":"화성시","province":"경기도","fullName":"경기도 화성시 동탄구 송동","source":"VWorld LT_C_ADEMD_INFO"},"geometry":{"type":"MultiPolygon","coordinates":[[[[127.10469329805842,37.17752234354911],[127.10443147534453,37.178055476221815],[127.10199872766172,37.177757741441795],[127.10067282631634,37.177671194568966],[127.09815586018308,37.17766399334078],[127.09812420465917,37.17719386130245],[127.09785871790899,37.176700294090764],[127.09753908882533,37.17634461248476],[127.09663296180535,37.17586960787983],[127.09642975149944,37.17571217748286],[127.09607918349948,37.17536033709674],[127.09580797343175,37.17496616434536],[127.09523026836267,37.17361832967402],[127.09112003808265,37.164808219386835],[127.09990298483362,37.16484735957356],[127.10075123659378,37.16500757979956],[127.10300424310365,37.165650129596735],[127.10377594856308,37.16570069086288],[127.10672263250004,37.16568553279583],[127.10675138672678,37.172229323498655],[127.10661822093753,37.17325671828513],[127.10650241826104,37.173651912723656],[127.1059015955244,37.175086652249306],[127.10473281242716,37.177451782307635],[127.10469329805842,37.17752234354911]]]]}},{"type":"Feature","id":"41597108","properties":{"code":"41597108","name":"신동","district":"동탄구","city":"화성시","province":"경기도","fullName":"경기도 화성시 동탄구 신동","source":"VWorld LT_C_ADEMD_INFO"},"geometry":{"type":"MultiPolygon","coordinates":[[[[127.15228293923683,37.198410347557974],[127.15037947751031,37.19822382365648],[127.15024515663843,37.19802792509997],[127.14914863201845,37.197324409518664],[127.14862563189324,37.19709256357246],[127.1481843876441,37.19713554084556],[127.14768111417916,37.19693292321385],[127.14612349934384,37.19685201066808],[127.14578728180066,37.196696846211125],[127.14581514532584,37.1965654489737],[127.14502735429637,37.19683158333179],[127.14471002859594,37.19684972689119],[127.14403553193246,37.196325672672955],[127.14358774970496,37.19619659521131],[127.14302741370584,37.19626040204638],[127.14235441554143,37.19608526600669],[127.14055155003498,37.19624857440548],[127.13997447324901,37.19609012572874],[127.1391898406031,37.19631778805561],[127.13848464563175,37.1961159875026],[127.13814988467506,37.19552735200974],[127.13762171878597,37.19534745362984],[127.13716339883905,37.195576817659955],[127.13683437530239,37.195425349831545],[127.13637965786009,37.1953323939279],[127.1360947460255,37.195315435872125],[127.1358317552801,37.195376275534834],[127.1351995251929,37.19566363104323],[127.13459222148539,37.196172224760915],[127.13398692624678,37.19646834671856],[127.13376874594323,37.19649627057643],[127.13281406115422,37.19593281884936],[127.1324897753055,37.19587261136187],[127.13227045326879,37.195897465666754],[127.13150077195387,37.1956915976154],[127.13142988539491,37.194565720468574],[127.13127156831676,37.19347844952612],[127.1310084732321,37.193397598250186],[127.13102998387554,37.193212004451595],[127.13094802697574,37.19272583586571],[127.13116249498883,37.19267331370399],[127.13083637806146,37.19155030964724],[127.12809592388793,37.18457203566393],[127.1281600374402,37.18459279845095],[127.12498921856049,37.176584581963205],[127.12436200478577,37.17463560186127],[127.1241121373891,37.17375379560515],[127.12385262852031,37.172337129002514],[127.12345407599973,37.168448801926885],[127.12373702461849,37.16838777070911],[127.12410562287799,37.168410961417344],[127.12413108617733,37.16826141496585],[127.12425356240003,37.168100135519],[127.12467736373391,37.16840798980644],[127.12514420918072,37.16854078688215],[127.12561617239163,37.168807103227635],[127.126144453158,37.169749073155266],[127.1262363438217,37.1697503821138],[127.12659548612827,37.170016245523875],[127.12635337221182,37.17106301502042],[127.12759690216743,37.1708606744712],[127.12791794350909,37.17000620120782],[127.12773825640292,37.16904691971978],[127.12907630832703,37.16863189639261],[127.12988987749067,37.16889494413513],[127.13013780257353,37.16889164777232],[127.1307439068275,37.16823863780447],[127.1321679644589,37.16805544281428],[127.13251949253034,37.168220893727245],[127.13275582227021,37.16846081589009],[127.13304216462157,37.16882909057507],[127.13302410975705,37.16896848487979],[127.13348993230723,37.169253770752455],[127.13374564751874,37.16930726930375],[127.13375718673076,37.16926107766685],[127.13404792918618,37.169326916885005],[127.13470920659519,37.169308451836976],[127.13485201398653,37.16927251058423],[127.13522769826612,37.16902514579013],[127.13544870233822,37.169040952907864],[127.1356274340978,37.16893938275461],[127.1375828768556,37.169340391042866],[127.13802626396938,37.16926694119405],[127.13950042226338,37.169495839295],[127.13996974882252,37.16946488147867],[127.14026230732068,37.169165787524165],[127.14041839099731,37.16919376245287],[127.14055763724686,37.169139247882015],[127.1409622194339,37.16921227104676],[127.14150671790382,37.16949010723562],[127.14195351752285,37.16956476209026],[127.14288143968187,37.16988409876431],[127.14318709627273,37.1699177933846],[127.1438996437872,37.17030890459652],[127.14411248589003,37.17019657622664],[127.14458147132662,37.17027006814875],[127.14455454368432,37.170171264619874],[127.14481793195615,37.169995241895215],[127.14489084617948,37.169850985895245],[127.14506001082596,37.16989978013554],[127.14549492905323,37.169732558485904],[127.14575124125712,37.16981052089985],[127.14643203665584,37.169882621198106],[127.14694108859167,37.17010557480897],[127.1470812359661,37.170064567209224],[127.14709385734533,37.1699527675984],[127.1475004376116,37.16977712156586],[127.14770056832025,37.16982643253484],[127.14838430833399,37.169784192918264],[127.14848599779732,37.16986826984909],[127.14871351788578,37.16989135164686],[127.14913704459255,37.170557600830136],[127.14964343355607,37.17077124729211],[127.15000365578335,37.17081387559633],[127.15104918878293,37.171601545987144],[127.15165947318384,37.17167314651979],[127.15179763894004,37.171614961880636],[127.15197008355818,37.171723715858455],[127.15192643725473,37.17215937409908],[127.15205889547715,37.17232280023397],[127.15213631609348,37.17268480613305],[127.15230236404312,37.172842566739206],[127.15236088007183,37.17298327204106],[127.15263903449315,37.17324901518806],[127.15287306761743,37.17335909489149],[127.1531136504668,37.17365865617193],[127.15326432833238,37.17431539041942],[127.153396758834,37.17446164105375],[127.15384786638096,37.17551190911366],[127.15388958155444,37.17586861634262],[127.1547412708756,37.17628115306206],[127.15539717794852,37.1767077330729],[127.15587714368718,37.17669585471663],[127.15632596680676,37.17652040287948],[127.1565848572841,37.1765594851983],[127.15774232815805,37.17695104682589],[127.15795461875578,37.177090996775256],[127.15817317854517,37.17744182821772],[127.15896559929833,37.17784371733663],[127.1591205248214,37.177974442573195],[127.15942558075051,37.178804126275345],[127.15954906844506,37.17895630170147],[127.15980411244367,37.17950560005707],[127.15977196809519,37.17952985412956],[127.16066311893843,37.179844594715405],[127.16049490032806,37.180601132372296],[127.15971757044463,37.18238821879799],[127.15943689127228,37.18279856945425],[127.15867801836148,37.18341229014009],[127.15850494496179,37.18370282776224],[127.15914459883706,37.18447715779722],[127.15967980608879,37.18537241799513],[127.16003427059964,37.185744193517905],[127.1601959080065,37.18604385432834],[127.16021617514558,37.18656390197967],[127.16041482724428,37.18697896388688],[127.16040014502516,37.18710963524341],[127.16021231641405,37.18741089037937],[127.16041631710374,37.18802333717127],[127.16045753619058,37.18863035246957],[127.16057149056648,37.18876592406382],[127.16046124109158,37.18905468596311],[127.16057670355295,37.18956531575838],[127.16081412593464,37.18975280170878],[127.16072710304346,37.18987710077807],[127.1609301720704,37.190292993613085],[127.16129961854003,37.19049185225503],[127.16134040875859,37.19089670001341],[127.1612961092724,37.191082041722126],[127.16136731475228,37.191217102474326],[127.1611481886152,37.19186980876334],[127.16088086926783,37.19203686200266],[127.16084009254403,37.19239339735017],[127.16036394407644,37.19259169897439],[127.16025186993329,37.192856531186145],[127.15984268741745,37.19301758186523],[127.15905326907594,37.19362993015966],[127.15855796069003,37.193838954386045],[127.15806434291729,37.19436080808552],[127.1577125292766,37.194607365811294],[127.15740750957761,37.194934963964464],[127.15674301477227,37.195298227661915],[127.1565536992746,37.1958312092353],[127.1560774409822,37.19633980445252],[127.15581605092204,37.19649472838876],[127.15552696927706,37.196957727843944],[127.1554158235243,37.19769138554411],[127.15473095543166,37.197392675966114],[127.15378502631609,37.197497515639014],[127.15304116350165,37.19726419781184],[127.15292433372326,37.197278989152665],[127.15260806796869,37.19816241646659],[127.15249695530068,37.19830559891401],[127.15230936669518,37.1984060790147],[127.15228293923683,37.198410347557974]]]]}},{"type":"Feature","id":"41597115","properties":{"code":"41597115","name":"여울동","district":"동탄구","city":"화성시","province":"경기도","fullName":"경기도 화성시 동탄구 여울동","source":"VWorld LT_C_ADEMD_INFO"},"geometry":{"type":"MultiPolygon","coordinates":[[[[127.08299208274576,37.184247204197185],[127.08294208010538,37.18366928892289],[127.08303369904209,37.18354944070971],[127.08323265795946,37.18263111847448],[127.08529069790013,37.18296731260501],[127.08767382768558,37.183826905597606],[127.08896414141286,37.18442095769352],[127.08931161099505,37.18468595994966],[127.08962521043662,37.18467215738544],[127.09151569144436,37.184144380808014],[127.09459816296683,37.18395231982062],[127.09539818484646,37.18398819902989],[127.09573132672665,37.181913372518885],[127.09624310265517,37.181964279110666],[127.0963597696513,37.18104568507052],[127.09658518920114,37.18018721156662],[127.09672467772135,37.17922578079064],[127.0972414355877,37.17894615675393],[127.09769806633534,37.178549542169876],[127.09802396056004,37.17807732631134],[127.09815582621331,37.17766403428002],[127.10067279234528,37.17767123550569],[127.10352009537327,37.17791696716258],[127.10584678523992,37.178299346386765],[127.10742552201746,37.17867313307504],[127.10879204846931,37.17909193615909],[127.10981037843186,37.17944659926951],[127.11159210245278,37.180184312021005],[127.11372517780015,37.18129730328279],[127.1156884095276,37.1825707339798],[127.1163631603155,37.18308606647241],[127.11631024397116,37.183094299259224],[127.11706555693003,37.18372025224567],[127.11503429132692,37.18372858618876],[127.1149861273286,37.18366191880857],[127.11307103755385,37.183708906861696],[127.1130790656488,37.18393000721152],[127.11259448069987,37.18393038140631],[127.11244345930339,37.18405875989011],[127.11193228416789,37.18415145951378],[127.11197442530234,37.18422119730585],[127.1119152503301,37.18423998522285],[127.11165221797768,37.184251384977074],[127.11141248036743,37.18403359928414],[127.11124787924032,37.18414137288496],[127.11088539683841,37.18424715755759],[127.11061966950597,37.184162334709015],[127.11050574377833,37.18401896586015],[127.11026956582108,37.184042556035784],[127.10986237783078,37.184245664642056],[127.10868613792242,37.184351093663125],[127.10836346182603,37.18447354001713],[127.10824046518805,37.18446777604563],[127.1080348066534,37.18430064571822],[127.10675579305087,37.18465207966593],[127.1071830984048,37.18469493157769],[127.10697217081784,37.184794874399536],[127.10681839626014,37.18478152249693],[127.10517645413758,37.18517889038895],[127.10446032012261,37.18557809281357],[127.1038845608958,37.18608799842641],[127.1027770393646,37.186649923772286],[127.10292180335547,37.18705610888124],[127.10289963208116,37.18722735372368],[127.10298788137507,37.187244010608545],[127.1030135623742,37.187448580224505],[127.10293611911057,37.18775637192254],[127.1031956342975,37.18836239150481],[127.10351377926774,37.18892206423828],[127.10404213819848,37.18932926852451],[127.1042179164069,37.189816257859995],[127.10412034178661,37.18996847502296],[127.10383242184409,37.190022354283045],[127.10339705719124,37.189869767883565],[127.1030655855779,37.18986508769753],[127.10286659589532,37.18973522812733],[127.10308640861138,37.18959508039061],[127.10304275250789,37.189542379578704],[127.10290052539263,37.18947934704824],[127.1029221696378,37.18941883228565],[127.10275562425076,37.189294405084205],[127.1023743057479,37.18913565060503],[127.10205908973914,37.18910606686493],[127.10164836133922,37.18941159905542],[127.1010965885785,37.188969740525906],[127.10093855012599,37.18916309360608],[127.10011441229683,37.18941121863139],[127.0997494924032,37.1900750791674],[127.09966506286779,37.19005309153349],[127.0993034356625,37.190594495748506],[127.09936542369478,37.190628540149206],[127.09914188425455,37.19081227663953],[127.09914262555289,37.19244655694846],[127.09882347177107,37.19257921016155],[127.09879654452362,37.20471163800534],[127.08582790140156,37.20471315344987],[127.08546904048771,37.203866769362484],[127.08534317740413,37.20371000474348],[127.08522354550848,37.20376870225807],[127.08500830807797,37.203701717362726],[127.08505001030284,37.20364129998745],[127.0846727528941,37.20326330709215],[127.08418617552685,37.20288274024167],[127.08414438971447,37.20291839668406],[127.08295616475154,37.20199569419176],[127.08308269694615,37.201818461810106],[127.08312801504019,37.20164254672964],[127.0831425409606,37.20121958645634],[127.08296600948997,37.20046499305704],[127.08298812372486,37.20007996148024],[127.08324830871179,37.199336780782346],[127.08338585065864,37.19840752836711],[127.08321830638079,37.197627068777194],[127.08270691529796,37.19634334094576],[127.08269295334192,37.1961057719125],[127.082621307924,37.196064562121414],[127.08233212585849,37.19408292877677],[127.08213856940704,37.19229248458298],[127.082839752217,37.190805793086085],[127.0832929055645,37.18999376473342],[127.0835098629144,37.18939728435215],[127.08355494390415,37.1891244433516],[127.08354278666172,37.18833875733468],[127.08300048603095,37.184270166536066],[127.08299208274576,37.184247204197185]]]]}},{"type":"Feature","id":"41597106","properties":{"code":"41597106","name":"영천동","district":"동탄구","city":"화성시","province":"경기도","fullName":"경기도 화성시 동탄구 영천동","source":"VWorld LT_C_ADEMD_INFO"},"geometry":{"type":"MultiPolygon","coordinates":[[[[127.08582790140156,37.20471315344987],[127.09784222308893,37.20471818587313],[127.10068581285981,37.20464615182585],[127.10442586318518,37.20418586312269],[127.10797503333414,37.20347516394665],[127.10898249039171,37.20334526082802],[127.11111537041772,37.203368698138554],[127.11526419298772,37.20371256298066],[127.1166371165143,37.203671284449015],[127.11773094506006,37.203546422004194],[127.12096445390812,37.202920115837976],[127.12079713962243,37.20197969358157],[127.12962994403573,37.2012114027285],[127.13001256860034,37.20120066235874],[127.13050428298122,37.20127408569128],[127.12978574549945,37.202781965118255],[127.1287983499736,37.20440656414049],[127.12868052147162,37.204385362980055],[127.12850326932326,37.204639431175615],[127.1283153887207,37.20473449339879],[127.12801420196764,37.20504354987513],[127.12801419131266,37.205192401379655],[127.12766691383739,37.20541747484349],[127.12712011345164,37.20601034688776],[127.12636789273498,37.206441083948576],[127.12600319217266,37.20697736418426],[127.12590389348009,37.20702608878956],[127.12546401149194,37.20667103422327],[127.12529486104403,37.20661832885644],[127.12613189287721,37.20760583266539],[127.12407537397824,37.21007984466846],[127.12392401050253,37.209939868294015],[127.12371436517722,37.210089328077686],[127.12344941855149,37.210141870593525],[127.12304602890141,37.21088905046259],[127.12305337282685,37.210986617742925],[127.12261430391403,37.21159827168628],[127.12229090013857,37.2118521282211],[127.12160067833354,37.21277315477116],[127.12111008413113,37.213201475053275],[127.12091564378314,37.21357923408119],[127.12026879898855,37.21417748260512],[127.12000078443393,37.214303978905505],[127.11964164295837,37.214591526783956],[127.11946665717825,37.21499009694391],[127.11880859709976,37.215519274653175],[127.11880474887451,37.215734176084375],[127.11838256231155,37.21672378514688],[127.11843401533243,37.21693495659741],[127.11817393703093,37.21754763310667],[127.1179606285732,37.21833362162052],[127.11784316879293,37.21940112074642],[127.11783563039067,37.220002952624895],[127.11729156088685,37.22000183587867],[127.11642260628732,37.219776584653395],[127.1160452644746,37.21973049242822],[127.11568230055052,37.21928876397022],[127.11511626908002,37.21913275224154],[127.11465391816223,37.219211478166],[127.11429368792867,37.2191836641609],[127.11353884936679,37.21943779839901],[127.11326825464738,37.21931641341257],[127.11294713714702,37.219307705535755],[127.11254597602708,37.21945760108903],[127.11230746574208,37.21935588960446],[127.11198469837848,37.21930522816928],[127.11107218711402,37.219500367297826],[127.11046213795379,37.219340148151176],[127.10979805102518,37.21930274217993],[127.10872930841823,37.21944253787239],[127.10845692769804,37.21954302498088],[127.10641850527028,37.219788129099825],[127.10463856526474,37.219833329613586],[127.10390679401428,37.21973568697122],[127.1034959926063,37.21955218476215],[127.10282933088325,37.21943335896484],[127.10220107400278,37.219199913114],[127.10144031993617,37.219151558719126],[127.09969115973958,37.218882419742215],[127.09796538884092,37.21845276214179],[127.0957596907577,37.21839512301591],[127.09410857805123,37.217961104934965],[127.09313827074983,37.21783796623143],[127.09277355703227,37.21772392269759],[127.0919996927486,37.21729371113929],[127.09156547111444,37.21690660301038],[127.09139638326785,37.21683013385761],[127.09040490892373,37.21680835602196],[127.08966543972988,37.216560842766064],[127.08932310512846,37.21661543889204],[127.0888949654981,37.21660223988002],[127.0888099793793,37.21617881274717],[127.08823399047627,37.21660201647604],[127.0879938718286,37.21659916055047],[127.08810278812477,37.21641512422245],[127.08778331669575,37.21494960489384],[127.08769653567862,37.21476353073465],[127.08461848586978,37.21096243811124],[127.08464608390467,37.21091893441144],[127.08428983384437,37.21001279765167],[127.08432416829488,37.210082541422864],[127.08425616740905,37.20982225955856],[127.0843533725235,37.20938558213135],[127.08479780609792,37.20846664784552],[127.08556100428534,37.20716829085754],[127.08585071319041,37.20646524390598],[127.08596410583604,37.20580805897361],[127.08594531800293,37.20511203403892],[127.08586245009108,37.20480422439564],[127.08582790140156,37.20471315344987]]]]}},{"type":"Feature","id":"41597111","properties":{"code":"41597111","name":"장지동","district":"동탄구","city":"화성시","province":"경기도","fullName":"경기도 화성시 동탄구 장지동","source":"VWorld LT_C_ADEMD_INFO"},"geometry":{"type":"MultiPolygon","coordinates":[[[[127.12890877471197,37.16212791295477],[127.12848634845358,37.16226120811162],[127.12779089641231,37.16232837658953],[127.12738141191339,37.16230411441598],[127.12699030082067,37.16220462973198],[127.12639486055807,37.16231565533345],[127.12493620080906,37.16287438378368],[127.1242374579107,37.16304934547398],[127.12382880138463,37.16298866775211],[127.12281426430762,37.163021995141186],[127.12272388730663,37.16250963339773],[127.12120249482962,37.1626891460879],[127.12020511893846,37.16309722559084],[127.11978092256348,37.16323496069415],[127.11898126866312,37.1633828614415],[127.11813798597031,37.16372939115264],[127.11664158717917,37.16401210804064],[127.11582017428958,37.1639852409396],[127.11557100294444,37.164055528636766],[127.11531722359189,37.164236613334054],[127.11500927842135,37.164885132943446],[127.11463053645299,37.16599721023426],[127.11351795938715,37.16577245492845],[127.1123125697803,37.16568570867051],[127.10338577265132,37.16569244818909],[127.10254650770413,37.16555229655362],[127.10075123659281,37.1650075790679],[127.09990298483264,37.1648473588418],[127.09112003808181,37.164808218655075],[127.08915369391933,37.16049328943511],[127.09114176894958,37.15971773689846],[127.09167094071023,37.15946307699666],[127.09271263462352,37.15930064945607],[127.09330128023593,37.159498426193515],[127.09356592021015,37.159423604915915],[127.09370916280722,37.15946714046952],[127.09386265659569,37.15912714458445],[127.09432245331591,37.1589536214456],[127.094508849268,37.15876932755723],[127.09473111571289,37.15870748501485],[127.09468513927011,37.158652890451435],[127.09486127007759,37.158553915574124],[127.09520005290734,37.15854605238598],[127.09513081112866,37.15845881328615],[127.09528135510634,37.15828945887814],[127.0954689755407,37.157815150207206],[127.09571918958657,37.15745255784455],[127.09644471204957,37.156967096265326],[127.09713546560339,37.15626991122086],[127.09810204308764,37.155729911280325],[127.09835342655224,37.15534619164135],[127.09834964118205,37.15499083806731],[127.09809341043635,37.1548905258439],[127.09825426565918,37.15440467382138],[127.098539776242,37.15430335145387],[127.09870523505167,37.153978557983606],[127.0984346627691,37.15352318080952],[127.09880441584296,37.15313937222834],[127.0982904339636,37.152840472644705],[127.09812847817322,37.15287439422065],[127.09792789594029,37.15240009970951],[127.09767985648296,37.15209394358265],[127.09756387713223,37.15204054217775],[127.09764429103534,37.15178761477534],[127.09823997758663,37.15147740251682],[127.09924636438926,37.15117021022422],[127.0994135403695,37.15001081462024],[127.09962010532843,37.149519858673486],[127.09956071826193,37.14916398313699],[127.10029547986028,37.14802945261603],[127.10077513698914,37.14805975074687],[127.10075382935118,37.14749153781646],[127.10037771419587,37.14634892086315],[127.10074729328066,37.146133206339194],[127.10278331067884,37.145671947315265],[127.10309275433657,37.14454988061689],[127.10303836010365,37.14386286523179],[127.10374667496285,37.14326756132457],[127.10364434631651,37.142510764781555],[127.10375608621813,37.14188894161291],[127.10434113237817,37.1417262459066],[127.10527575318835,37.14204080914464],[127.10631125761304,37.142048899674975],[127.10639035606258,37.142274102069464],[127.10769684940877,37.142894656656985],[127.10882226948657,37.14280354682485],[127.10930580673946,37.14248773042797],[127.11027363033614,37.142387739494595],[127.11114232451004,37.14379257320986],[127.11185192500652,37.14413431494094],[127.1134504691171,37.14430401617376],[127.11382222423745,37.144510906699374],[127.11394626588319,37.14467298764392],[127.11451987724341,37.14437509468058],[127.1148574425735,37.144311689648966],[127.115982929178,37.14425654489195],[127.11719912939589,37.14463381537066],[127.11750295396791,37.14458844778273],[127.11816598987414,37.143903014879726],[127.11840217761358,37.143785636297835],[127.1188972291482,37.143658999649915],[127.11982165767346,37.14459517565283],[127.12014778932644,37.1444056375861],[127.12085712448807,37.14454910298571],[127.12146486780031,37.14452143991013],[127.12218485796676,37.14427742482275],[127.12283783405987,37.144375883089474],[127.12327604429376,37.144771031993145],[127.12371197926424,37.14485450743113],[127.12438726604437,37.14525589511871],[127.12469929859483,37.14537975432992],[127.12504493773226,37.145293235949005],[127.12509459272071,37.14533119059289],[127.12552951215842,37.145320320173646],[127.12699352660601,37.14579070570527],[127.12769649990015,37.145470076722646],[127.12832670933466,37.14645719207975],[127.12796235074066,37.14669297230225],[127.12776175541875,37.14717300557801],[127.12785613816877,37.1474437883949],[127.12900204099151,37.14821689873179],[127.12945776750814,37.14864750709731],[127.12946563886806,37.14987208245441],[127.12942059341694,37.14986057958728],[127.12938292757407,37.14995326639437],[127.12949499845892,37.15008068934228],[127.12948526768014,37.150565303596615],[127.12991305632357,37.151099840472575],[127.13037367024033,37.1512927873935],[127.13045950648089,37.1518186829877],[127.13021862383954,37.15259019094251],[127.129583004008,37.15282516188221],[127.12925985415485,37.15332248558156],[127.1291748287169,37.15391108091204],[127.12909995875803,37.15404575157564],[127.12926496295107,37.154478925460396],[127.12917545085698,37.15480340036732],[127.12918742773839,37.15523138679148],[127.12893487199187,37.15566866839191],[127.12942909198397,37.15658327048639],[127.13005205037557,37.157262322271336],[127.1300810876056,37.15767677415596],[127.12959321257745,37.158250028282566],[127.1289741464163,37.15830927299369],[127.12887356635694,37.1585489975325],[127.12902986027885,37.15859699063029],[127.12897378325697,37.158736704793704],[127.12901802478692,37.15888983581236],[127.12891631389572,37.15949590170545],[127.12853061082845,37.1596337259113],[127.12848167217352,37.15972107212368],[127.12797638208094,37.1598776022401],[127.1283086561711,37.160292009744744],[127.12826142065535,37.160664869867794],[127.12840338255256,37.16076411282083],[127.12831581797751,37.16099399239517],[127.12842300622414,37.16114168595116],[127.12851009995791,37.161148638868085],[127.12862204397132,37.16129211923874],[127.12860947185347,37.161347889711614],[127.12888800188465,37.1614897764086],[127.12880366383845,37.16154196574692],[127.12898543845168,37.16169552557617],[127.12900729899415,37.1619953805671],[127.12890877471197,37.16212791295477]]]]}},{"type":"Feature","id":"41597107","properties":{"code":"41597107","name":"중동","district":"동탄구","city":"화성시","province":"경기도","fullName":"경기도 화성시 동탄구 중동","source":"VWorld LT_C_ADEMD_INFO"},"geometry":{"type":"MultiPolygon","coordinates":[[[[127.15086585568297,37.21984229888615],[127.1506908375494,37.2200092219445],[127.1502544108714,37.219732690750966],[127.14978966954631,37.2199202493703],[127.14949637783185,37.21974011870619],[127.1494005366416,37.219616345254344],[127.1492321383898,37.21956250282986],[127.1489663015153,37.21955916682242],[127.14862913079034,37.21944386536178],[127.14844888898537,37.2194581633512],[127.14841556883819,37.219525782765835],[127.14773902849224,37.21925180233535],[127.1467752427248,37.21900520187629],[127.14610415783717,37.21918735751656],[127.14587425432066,37.21919101684127],[127.14538737418516,37.218943822889415],[127.14469231329205,37.218925238653625],[127.14420437563864,37.21876504564985],[127.14322703766402,37.218606851796814],[127.14276175176528,37.21831400956451],[127.14231035613453,37.218116030440946],[127.14214824048135,37.21793404146313],[127.1413380141566,37.217507573614895],[127.1411028329901,37.21731637967315],[127.14051945737516,37.21722779953224],[127.14012501837003,37.217265718060474],[127.1399460553026,37.21721270282239],[127.13932489564392,37.21687047267891],[127.13904530246627,37.21655824430692],[127.13845345812854,37.216353663694754],[127.13826647622953,37.21614495516409],[127.13746589140389,37.215669171557074],[127.13731559909561,37.21560063050643],[127.1366849270008,37.21553208878448],[127.13614962271866,37.21554537519162],[127.13564858934333,37.21572361195427],[127.13472351807954,37.215719583023585],[127.13379046165831,37.21588479757691],[127.13362189923203,37.21613275417402],[127.13288966640448,37.21648442612652],[127.13223694857959,37.216602842340755],[127.13164030888359,37.21688281231812],[127.13112369393713,37.21691436645513],[127.13024382834689,37.21721322835059],[127.1291191611538,37.217240917887594],[127.12805317201197,37.21762105761472],[127.12736071811337,37.21777779267281],[127.12687084020948,37.217808154629665],[127.12631232833311,37.21794953214627],[127.1259442030867,37.2179361244851],[127.12572169617715,37.21805152014477],[127.12517442886333,37.21818246446106],[127.12469460227025,37.21822210567342],[127.12436909123683,37.21832972174948],[127.12370815108272,37.21871222178311],[127.12266611529522,37.21879832347714],[127.12080279620362,37.219420248344235],[127.12060882323097,37.219439869989465],[127.12023102850173,37.21932818672451],[127.11918675026493,37.21934302372177],[127.11877805532883,37.21950928283545],[127.11864884733428,37.219734662925106],[127.1185120804146,37.219853339102436],[127.11783565661776,37.22000291141875],[127.1178432017787,37.21940107953411],[127.11796066268452,37.21833358130914],[127.1181739711391,37.21754759189506],[127.11843404831257,37.21693491538769],[127.11838259641644,37.21672374303517],[127.11880478297864,37.21573413487491],[127.1188086300767,37.21551923344495],[127.1194666912809,37.21499005573567],[127.11964167705875,37.21459148467527],[127.12000081853522,37.21430393769837],[127.12026883196309,37.21417744139946],[127.1209156778832,37.21357919287559],[127.12111011823035,37.213201433848155],[127.12160071243198,37.212773113566875],[127.12229093310714,37.21185208611836],[127.12261433801018,37.21159823048393],[127.1230534057952,37.210986576542744],[127.12304606186953,37.21088900926241],[127.12344945264313,37.210141828492226],[127.12371439925437,37.210089276966265],[127.12392404345859,37.209939820788186],[127.12407540694493,37.21007980347004],[127.12613192583763,37.20760579056989],[127.12529489512806,37.20661828675978],[127.12546404557769,37.20667099302779],[127.12590392756692,37.207026047594226],[127.12600322625944,37.206977322989],[127.12636792569414,37.20644104275533],[127.12712014753666,37.20601030569443],[127.12766694792127,37.20541743365125],[127.12801422539619,37.20519236018793],[127.12801423605084,37.20504350868347],[127.12831542167683,37.20473445220883],[127.12850330340578,37.20463938998483],[127.12868055442705,37.204385321790824],[127.1287983840557,37.20440652295024],[127.12969506763103,37.20294581116881],[127.13050431815223,37.201274044931914],[127.13034258561558,37.20124707246007],[127.13045790132112,37.20095778481876],[127.13041027005676,37.20082867106902],[127.13067518069064,37.200347225833035],[127.13088746485725,37.19966894844885],[127.13092972501022,37.19950280377268],[127.13087910951683,37.19930736035222],[127.13098016700307,37.199154594110865],[127.13109184110488,37.19863659760941],[127.13109328342006,37.198261292058554],[127.13115999557031,37.19822016838292],[127.13131302143547,37.19825150044135],[127.13146592624378,37.19699645782572],[127.13150077195387,37.1956915976154],[127.13227045326879,37.195897465666754],[127.1324897753055,37.19587261136187],[127.13281406115422,37.19593281884936],[127.13376874594323,37.19649627057643],[127.13398692624678,37.19646834671856],[127.13459222148539,37.196172224760915],[127.1351995251929,37.19566363104323],[127.1358317552801,37.195376275534834],[127.1360947460255,37.195315435872125],[127.13683437530239,37.195425349831545],[127.13716339883905,37.195576817659955],[127.13762171878597,37.19534745362984],[127.13814988467506,37.19552735200974],[127.13848464563175,37.1961159875026],[127.1391898406031,37.19631778805561],[127.13997447324901,37.19609012572874],[127.14055155003498,37.19624857440548],[127.14235441554143,37.19608526600669],[127.14302741370584,37.19626040204638],[127.14358774970496,37.19619659521131],[127.14403553193246,37.196325672672955],[127.14471002859594,37.19684972689119],[127.14502735429637,37.19683158333179],[127.14581514532584,37.1965654489737],[127.14578728180066,37.196696846211125],[127.14612349934384,37.19685201066808],[127.14768111417916,37.19693292321385],[127.1481843876441,37.19713554084556],[127.14862563189324,37.19709256357246],[127.14914863201845,37.197324409518664],[127.15024515663843,37.19802792509997],[127.15037947751031,37.19822382365648],[127.15223195345706,37.19841856688334],[127.15214690707334,37.19866533592793],[127.15220216866592,37.19875114418256],[127.15200239911434,37.199184746329],[127.1520608233987,37.199535800010416],[127.15234253541435,37.19995020131077],[127.15254045363673,37.20017605716897],[127.15260821757644,37.20017597076349],[127.15256764431012,37.200390579109914],[127.15274447167933,37.200985889521824],[127.15307857060671,37.201276049219366],[127.15337707952116,37.20189344962468],[127.15429558797717,37.20212822496509],[127.154693934434,37.202678473526205],[127.1548359697594,37.20310881743713],[127.1549712208952,37.20332546042815],[127.15530646147721,37.20346947198405],[127.15538843790743,37.203621695949984],[127.15535428069276,37.20482999446658],[127.15562562141382,37.20531619614541],[127.15567204559723,37.20598741291447],[127.15616028501435,37.20623513106825],[127.15643906597244,37.20648198599559],[127.15698559785407,37.206571374287904],[127.15732695655323,37.20694823754879],[127.15720990323274,37.20737103464969],[127.15688632864575,37.20786140154545],[127.1567258234659,37.208213577294096],[127.15630158136263,37.20880037782866],[127.15600882193252,37.208956189867486],[127.1558594422457,37.20915433465512],[127.15577319522116,37.20915444699785],[127.15542739492784,37.20954263345634],[127.15509377959738,37.20969145014247],[127.15489829865297,37.209555988383535],[127.15444047929586,37.20973734745817],[127.15410333453858,37.21014325136451],[127.15401369356105,37.21073580222229],[127.1538646012884,37.211086841954696],[127.15387189022755,37.21121015824808],[127.1535998603404,37.21152502565139],[127.15319984145536,37.21218471404233],[127.15317784188447,37.21236043642923],[127.15305539531485,37.212569526796784],[127.15298655850064,37.21256820921423],[127.15284478365768,37.212700726480065],[127.15282445456296,37.21283900835296],[127.15248184383213,37.2131590271038],[127.15237528378557,37.21339879499718],[127.1520907666643,37.21354838758903],[127.15172702692614,37.21387463014953],[127.15168733333792,37.21409459778769],[127.15148976790375,37.21433164190737],[127.15150559913954,37.21486211926759],[127.15136372857893,37.21602632760752],[127.15127663419281,37.216222981965835],[127.15159595206582,37.21728412186735],[127.15150280351803,37.217632816737904],[127.15186553387277,37.217850021437094],[127.15200701279909,37.2181697114428],[127.1518404531495,37.21834337339253],[127.15179931964016,37.218548412476856],[127.15138759979546,37.218838672958896],[127.15137421359388,37.218923450841864],[127.15109743117038,37.21925859155936],[127.15099325877145,37.21963575471538],[127.15086585568297,37.21984229888615]]]]}},{"type":"Feature","id":"41597105","properties":{"code":"41597105","name":"청계동","district":"동탄구","city":"화성시","province":"경기도","fullName":"경기도 화성시 동탄구 청계동","source":"VWorld LT_C_ADEMD_INFO"},"geometry":{"type":"MultiPolygon","coordinates":[[[[127.13001256860034,37.20120066235874],[127.12079713962243,37.20197969358157],[127.12096445390812,37.202920115837976],[127.11773094506006,37.203546422004194],[127.11680083284665,37.20365516775015],[127.11526419298772,37.20371256298066],[127.11111537041772,37.203368698138554],[127.10898249039171,37.20334526082802],[127.10797503333414,37.20347516394665],[127.10442586318518,37.20418586312269],[127.10068581285981,37.20464615182585],[127.09879654452362,37.20471163800534],[127.09882347177107,37.19257921016155],[127.09914262555289,37.19244655694846],[127.09914188425455,37.19081227663953],[127.09936542369478,37.190628540149206],[127.0993034356625,37.190594495748506],[127.09966506286779,37.19005309153349],[127.0997494924032,37.1900750791674],[127.10011441229683,37.18941121863139],[127.10093855012599,37.18916309360608],[127.1010965885785,37.188969740525906],[127.10164836133922,37.18941159905542],[127.10205908973914,37.18910606686493],[127.10242671530908,37.18914851796985],[127.10275562425076,37.189294405084205],[127.1029221696378,37.18941883228565],[127.10290052539263,37.18947934704824],[127.10304275250789,37.189542379578704],[127.10308640861138,37.18959508039061],[127.10286659589532,37.18973522812733],[127.1030655855779,37.18986508769753],[127.10339705719124,37.189869767883565],[127.10383242184409,37.190022354283045],[127.10412034178661,37.18996847502296],[127.1042179164069,37.189816257859995],[127.10404213819848,37.18932926852451],[127.10351377926774,37.18892206423828],[127.1031956342975,37.18836239150481],[127.10293611911057,37.18775637192254],[127.1030135623742,37.187448580224505],[127.10298788137507,37.187244010608545],[127.10289963208116,37.18722735372368],[127.10292180335547,37.18705610888124],[127.1027770393646,37.186649923772286],[127.1038845608958,37.18608799842641],[127.10446032012261,37.18557809281357],[127.10517645413758,37.18517889038895],[127.10681839626014,37.18478152249693],[127.10697217081784,37.184794874399536],[127.1071830984048,37.18469493157769],[127.10675579305087,37.18465207966593],[127.1080348066534,37.18430064571822],[127.10824046518805,37.18446777604563],[127.10836346182603,37.18447354001713],[127.10868613792242,37.184351093663125],[127.10986237783078,37.184245664642056],[127.11026956582108,37.184042556035784],[127.11050574377833,37.18401896586015],[127.11061966950597,37.184162334709015],[127.11088539683841,37.18424715755759],[127.11124787924032,37.18414137288496],[127.11141248036743,37.18403359928414],[127.11165221797768,37.184251384977074],[127.1119152503301,37.18423998522285],[127.11197442530234,37.18422119730585],[127.11193228416789,37.18415145951378],[127.11244345930339,37.18405875989011],[127.11259448069987,37.18393038140631],[127.1130790656488,37.18393000721152],[127.11342474219649,37.184298119296535],[127.11358485689115,37.18463898715497],[127.11358575558664,37.18495758743816],[127.11442775764388,37.18596143704413],[127.11507527733475,37.18623685381397],[127.11560969157716,37.1863059372312],[127.11559230255722,37.186687393994085],[127.11545325922113,37.18698532364142],[127.11549397088596,37.18728470220692],[127.11538917776704,37.18755502677795],[127.11566723489196,37.18839011921531],[127.11551554042029,37.1887699391052],[127.11604778292049,37.18939493199853],[127.11662017531808,37.18915286089847],[127.11783913586234,37.18932356294171],[127.11778775141873,37.18936405232733],[127.1188149077685,37.18972394481905],[127.11931478214636,37.18974009118379],[127.12143237419751,37.191254084571234],[127.12074125782344,37.19161574098336],[127.1206274150136,37.1922686630527],[127.1203266205162,37.1927583409388],[127.12013017152677,37.19285080484172],[127.11981076891465,37.19350897747371],[127.12121353468353,37.19412560453299],[127.12125409814003,37.194093161954605],[127.12160347230747,37.19428810088921],[127.12272970205349,37.195131999191624],[127.12340336401421,37.194982734693774],[127.1239208398047,37.195086587249975],[127.12445577170564,37.19527868580752],[127.12519797356616,37.196030213803745],[127.12597978410895,37.195973854616405],[127.12638219148766,37.1962071712414],[127.12699736737224,37.19571220799612],[127.12800504564272,37.19585036588224],[127.1285214896643,37.19603700545168],[127.12999835629249,37.196091575126005],[127.13037749849518,37.19595573628849],[127.13082315442357,37.19591533442084],[127.13110526416592,37.19569587402182],[127.1315007458065,37.19569163835928],[127.13146589220746,37.19699649767834],[127.13131298739773,37.19825154119624],[127.13115996153115,37.19822020823688],[127.1310932493824,37.19826133281373],[127.13109180706478,37.19863663746381],[127.1309801329633,37.19915463486684],[127.1308790754752,37.19930740020746],[127.13092969096964,37.19950284452895],[127.13067514664662,37.200347265689246],[127.1304102360132,37.20082871182694],[127.1304578661493,37.20095782467689],[127.1303425515711,37.20124711321843],[127.13001256860034,37.20120066235874]]]]}},{"type":"Feature","id":"41591256","properties":{"code":"41591256","name":"남양읍","district":"만세구","city":"화성시","province":"경기도","fullName":"경기도 화성시 만세구 남양읍","source":"VWorld LT_C_ADEMD_INFO"},"geometry":{"type":"MultiPolygon","coordinates":[[[[126.86503899029452,37.20370503063301],[126.8652331537532,37.2041201576651],[126.8659800202704,37.20454684757627],[126.8657479701761,37.20574109510767],[126.86549660127876,37.20633450418143],[126.86595253963985,37.20669191193792],[126.8662050256569,37.20710577936445],[126.86623729607643,37.208124129977875],[126.8664766512027,37.208437920923835],[126.86657827517928,37.208861580919944],[126.86699256782235,37.20949574644155],[126.86546994939087,37.209967893126546],[126.86553536797157,37.21025661723571],[126.86542701560772,37.210934725567185],[126.86557829834516,37.21163969465096],[126.86493358426839,37.211709225417295],[126.86421213920335,37.2119710092764],[126.8635285995309,37.21155780801087],[126.8629537537615,37.211707602130424],[126.86246369481913,37.211935415142285],[126.8620310455346,37.2122293221005],[126.8611124355547,37.2138826133867],[126.86032197785394,37.213689130255965],[126.85915258870665,37.21411591491501],[126.85760568547995,37.213822720991],[126.856407392829,37.214543651601],[126.85601899683572,37.21530466365172],[126.85555770917637,37.21538818141967],[126.85461318730599,37.215722102314615],[126.85439969876552,37.21572394582156],[126.85485551230424,37.21730619929841],[126.8547306899827,37.217428568307675],[126.85465619817914,37.218246810722],[126.85411493176524,37.218121695654595],[126.85368489014223,37.21821660707674],[126.85320712100759,37.218714826307036],[126.85287242480159,37.22018827570216],[126.85210568828668,37.220078537450654],[126.8511878725394,37.21969790286805],[126.85070795714209,37.21975012090505],[126.85027311293433,37.21969297213302],[126.84985608165933,37.21969806145144],[126.84898927328129,37.22018597048093],[126.848949854671,37.2205809900981],[126.8491708096004,37.220744705251455],[126.84973969637979,37.220934536945045],[126.85005754720333,37.22111707114294],[126.8500919212222,37.22121384181368],[126.85024070306763,37.22215064567691],[126.85013999734754,37.222454663278015],[126.85013259717722,37.22305673810545],[126.85021688425707,37.223137822298895],[126.850343945071,37.22352819810072],[126.85064797089076,37.22389220055146],[126.85035188427956,37.22524683442312],[126.85019978657401,37.22546426844605],[126.85003509378795,37.22586041646378],[126.84992884285364,37.2262917435461],[126.85024574947616,37.227026216891986],[126.85060246586674,37.227424634171825],[126.85074320633463,37.22828363943195],[126.85038560060696,37.22816476005556],[126.84988101731444,37.228247136977664],[126.84957841282305,37.22821254574174],[126.84940373540253,37.227886424502536],[126.84913903596954,37.22761782673107],[126.84854529027564,37.22724293169746],[126.84707375280196,37.22773104363245],[126.84696520792208,37.22804555412718],[126.8466416514317,37.22826221899838],[126.84658559709817,37.22845269755171],[126.84606472421268,37.22894182922541],[126.84547153123523,37.22916515578137],[126.84507916188214,37.22925061540857],[126.84475902981227,37.22906531689225],[126.84445648204802,37.229008366870055],[126.84338602961455,37.228933255632995],[126.84238688178901,37.229154528356645],[126.84111433727297,37.22962532599178],[126.84068289715867,37.229878716907514],[126.84052361750724,37.23006996236382],[126.84019907651762,37.23025470239547],[126.84021441178523,37.23080014934457],[126.83990991715393,37.23116807908729],[126.83971718076846,37.23174225539584],[126.83917589167736,37.232282940051576],[126.83732773921939,37.23214693967955],[126.83684106163643,37.23236622566268],[126.83571403652175,37.232228236093555],[126.83549454407728,37.231616501636395],[126.8354159847144,37.230889496272255],[126.83519134353466,37.23053158564375],[126.83443109668417,37.23064702902052],[126.83383422002917,37.23055317127061],[126.83330470861212,37.23057564925803],[126.83249373607505,37.23052068472455],[126.83169097136215,37.23055977686911],[126.83101059814084,37.23034634340348],[126.83049380598611,37.23046017447881],[126.82926102677172,37.229963086874605],[126.82888760727764,37.2301985253783],[126.82832053349105,37.23041073021897],[126.82820115517329,37.23085392988128],[126.82811695939374,37.232161817800424],[126.8278442484591,37.23221426417079],[126.82751213848228,37.2327723126388],[126.82732832665847,37.233279525456105],[126.82724067020195,37.23418348057553],[126.82694711110325,37.23530805777667],[126.82533598913625,37.235195844636415],[126.82539262100735,37.23583838715931],[126.82483097923364,37.23617307023524],[126.8243715436414,37.23632562352431],[126.82376510064863,37.23674552675476],[126.82461461027852,37.23819309969616],[126.82487455707748,37.238361513209206],[126.82551326804304,37.23898063006012],[126.82562950207787,37.23969463180906],[126.82590829937992,37.24018862489643],[126.82603485042851,37.24089316249031],[126.82631050475561,37.24115098798215],[126.82622011652442,37.24217402716567],[126.82652698106774,37.24227200923942],[126.82733098442773,37.243086858067315],[126.8273727579163,37.24331960332073],[126.82721288566889,37.24340355202829],[126.82708592387213,37.24365816936944],[126.82701737399566,37.24421193582243],[126.82668353025797,37.24472893597979],[126.82651434814169,37.24537200836419],[126.82655502181899,37.24581669404374],[126.8267690335432,37.24638680758001],[126.8267572356245,37.246659011344704],[126.82684914035687,37.246926808846005],[126.82666967034476,37.24756722599729],[126.82651965970526,37.247744679794266],[126.8264001618954,37.248573699859094],[126.82703700765454,37.25008848872765],[126.82711344389956,37.25024288572033],[126.82730495438088,37.250405462210466],[126.82733766373882,37.25052806022946],[126.82695614937147,37.25146038600159],[126.82741304577885,37.251929903578706],[126.8277120709485,37.25187150519164],[126.82863878305496,37.252586617135655],[126.82985103671204,37.25276190210052],[126.83038058001888,37.25323798287645],[126.83070092496888,37.253698090669715],[126.8313264938531,37.2536234755849],[126.83235060618539,37.253300254807456],[126.83233651345574,37.25365444978766],[126.83294948581266,37.25433040676637],[126.83418550767254,37.254591198452374],[126.83373892324818,37.25609924209608],[126.83339298594191,37.256713843105466],[126.8336969421726,37.25751341126218],[126.83444892698887,37.25787268104932],[126.83466049722614,37.25838583941821],[126.83506508877112,37.259064888053736],[126.83556967696455,37.25972883891966],[126.83614250143843,37.26021064864072],[126.83623742111781,37.26067937320845],[126.8365056895832,37.260956004537704],[126.83642676096792,37.2611241356809],[126.83662596335802,37.26144645196588],[126.83715773381722,37.26181667845535],[126.83748156092548,37.26283810748713],[126.83817153902999,37.26345617062078],[126.83860844350426,37.26402484749408],[126.83933825435949,37.264398363834246],[126.83932403901645,37.264519010836416],[126.84144015162434,37.26628805209787],[126.84093927706694,37.26690997014949],[126.8401435050809,37.26771979145549],[126.83826346711705,37.269878198474615],[126.83737179982819,37.27072024253576],[126.83539241968327,37.27102769850898],[126.83358842952582,37.27213391057541],[126.83128481608584,37.2737828984157],[126.83108528890723,37.27360545936958],[126.82890026433036,37.27064130248808],[126.82830100433647,37.27061898245961],[126.8280213482309,37.27054225551345],[126.8278638992742,37.27042006087688],[126.82758247431626,37.27062271357801],[126.82747525122643,37.270623997667464],[126.82733013435,37.27053241952819],[126.8268568896626,37.27080077078143],[126.82686114203757,37.27091222580879],[126.82672786247514,37.270962577071394],[126.8267084535605,37.27102835084519],[126.82642174176787,37.27105299392298],[126.82606461805858,37.27129729388588],[126.82598535290765,37.27129943799135],[126.8256818902489,37.2715549260628],[126.82534374248934,37.27162748813955],[126.825277540804,37.27171334813654],[126.82541080676492,37.27171823180076],[126.82565227705331,37.27225078566344],[126.8256026323781,37.27239710268217],[126.82544202445887,37.27257601625471],[126.82512855949663,37.27269868478261],[126.82420889053317,37.27265419668684],[126.82399245377822,37.27284900897729],[126.82396540767955,37.273040167518396],[126.82386079259491,37.27322562327814],[126.82332398993567,37.274027600401],[126.82320474130252,37.27404865819709],[126.82281923326529,37.27431335889916],[126.82277548629737,37.27428947857961],[126.82239090976522,37.27463575873727],[126.822175532797,37.27469788323051],[126.82174327651926,37.27496036511333],[126.82132898721909,37.275082005385734],[126.8207541632044,37.27551402101427],[126.82077320026904,37.275554569490005],[126.82064676941428,37.275663842793875],[126.82040533623633,37.27574262937584],[126.82013613654287,37.27592277507013],[126.819416467014,37.27619130415709],[126.8189934109945,37.27621292621133],[126.8188979978731,37.27627426549641],[126.81889718103108,37.27635103215575],[126.81858861896526,37.276552161688166],[126.8180497086646,37.276716928441076],[126.81758203746456,37.27694513695756],[126.81635483274691,37.27722182303433],[126.81580295016477,37.277669492201085],[126.81559341072797,37.2777684660229],[126.81524067959005,37.277832074028176],[126.81488771640642,37.27766971089132],[126.81479129134307,37.27771410585535],[126.81448852019777,37.278056326306746],[126.8141671835377,37.278263298779294],[126.8139295543776,37.27825256063837],[126.81390340621896,37.27836162511383],[126.81377751483765,37.278492958129135],[126.81361240941456,37.278568599090434],[126.81221467143591,37.27886041501765],[126.81209426555333,37.27881704500509],[126.81186190970683,37.27898249883466],[126.81167427878295,37.27900172346157],[126.81152506941724,37.27931046578548],[126.81072572263977,37.279841032043215],[126.81007167409142,37.280181421981986],[126.80964683644876,37.28057972883924],[126.8096792668529,37.280659396504646],[126.80980153367018,37.280600955458205],[126.80999156971794,37.28099160774078],[126.81003056349077,37.28128931741551],[126.81023723587025,37.28155473484182],[126.81053314109685,37.28176079179796],[126.81046858271957,37.281784123449086],[126.8106221333822,37.28194787221971],[126.81070782116349,37.28222469893147],[126.81062825319403,37.28260103036737],[126.81094459593793,37.283003976424986],[126.81123235435986,37.28327337895925],[126.8116307956968,37.283168976550904],[126.811945418723,37.28315014465693],[126.81204248671499,37.28342850230769],[126.81233027302588,37.28391873581344],[126.81209110653111,37.28415897359924],[126.81235159367331,37.284158777415314],[126.81344562123218,37.28445993297107],[126.81368166644089,37.2846621025387],[126.8138770036272,37.28460115124338],[126.81406603458568,37.28476393355113],[126.81376862205737,37.2851560682776],[126.81315996925792,37.28555298746503],[126.81307621765276,37.28572019354671],[126.81258519167437,37.28607821922557],[126.81197111686686,37.28620355304093],[126.81173424695604,37.286329723247135],[126.8105537620476,37.28663139998693],[126.80965417084933,37.28600636040456],[126.80839326386226,37.28589036583754],[126.80816982152665,37.285768929670134],[126.80750308928211,37.28520080243717],[126.80688239763874,37.28482108049676],[126.80623712229284,37.284666707508634],[126.80514806032599,37.28461705230828],[126.80497301184361,37.284275496525794],[126.80500217678306,37.28391834040083],[126.80422956369738,37.28240056670403],[126.80428976204873,37.28223407542528],[126.80392897021865,37.28092223057764],[126.80367400626183,37.28053541563772],[126.80355012457252,37.2800634106522],[126.80330357617976,37.27955226663209],[126.80322859699916,37.27955042911523],[126.80299784713483,37.279250665779514],[126.80247011981109,37.27889947676331],[126.80227846835832,37.27865076708992],[126.80162320551318,37.27822886288095],[126.80140901884364,37.27816327538831],[126.80097683288469,37.27837313315486],[126.80078807282226,37.2786260571296],[126.80049494068939,37.27862569492088],[126.80039783397652,37.27848613144444],[126.80028270815995,37.277965716352234],[126.8004807540882,37.27785891116887],[126.80070167075881,37.27790745523326],[126.80128802901865,37.27777267193659],[126.80260143013288,37.2769306103873],[126.80279898726323,37.27696459567558],[126.8028845937114,37.27691173164392],[126.80326842254384,37.27708685074561],[126.80407183321162,37.27682232593975],[126.80430601386419,37.27641946854534],[126.80468337883616,37.27602873340164],[126.80524038530976,37.274961385766886],[126.80548076770356,37.27475809675024],[126.80569770196495,37.27475304054508],[126.80654577843033,37.27438606225658],[126.80679880513087,37.27434073326862],[126.80688267030224,37.274392662488985],[126.80683423336961,37.274291730334845],[126.80659867929552,37.2743429178436],[126.80564178780016,37.274727340724134],[126.80550718801524,37.27469612246311],[126.8057401107677,37.27387653265325],[126.80573272922747,37.27354422880859],[126.80580585183505,37.27342035866787],[126.806028245474,37.27332132420832],[126.80612249787349,37.27315326609157],[126.80608710748427,37.27310040719197],[126.80620723053839,37.272785721668875],[126.80630243905543,37.27268799054031],[126.80638767040662,37.27270774651281],[126.80661161799244,37.27221469206053],[126.80669131218777,37.2722303930648],[126.8069224552653,37.271998000481176],[126.80702768255597,37.27169520122622],[126.8072116770785,37.27150496198776],[126.80738650950654,37.271128301823445],[126.80775481666288,37.270735928785825],[126.8079099894205,37.270426831089786],[126.80825766893078,37.270025898932126],[126.80826181056395,37.26940670695746],[126.80834337837757,37.269292571080754],[126.80851070523772,37.269259469702135],[126.80857503140258,37.26911549938819],[126.80852091888342,37.26887544811677],[126.80856031252958,37.26856551194124],[126.80888038379715,37.26855741023424],[126.80887398778387,37.26850127448438],[126.80905418378408,37.268438711469315],[126.80909855939346,37.26875750598268],[126.80959418701434,37.26895165404954],[126.81034172410769,37.26882653858909],[126.81069271835838,37.269007302371115],[126.81088500753164,37.2688791428456],[126.81084188081921,37.26875956039118],[126.81065582538251,37.268579928028196],[126.81072914719317,37.26849264599782],[126.81092783145898,37.26841656739258],[126.81102503318746,37.26816295687146],[126.81079427239912,37.26812377789399],[126.81087179640586,37.267948012077966],[126.81117799167926,37.26771833579155],[126.81122076721412,37.26762797686224],[126.81100184263819,37.267348322549005],[126.81048829258881,37.26687891279746],[126.80955927698885,37.266510653737456],[126.80887816321214,37.26639286374492],[126.80903653238995,37.26645706763088],[126.80883749017926,37.26680768734111],[126.80780346223756,37.26725147996499],[126.80771164180943,37.26734155015548],[126.80753624128586,37.267302031943835],[126.80586256580179,37.2678508365137],[126.8057601421608,37.267954961791695],[126.80498584515021,37.267935505269314],[126.80457044771575,37.26785075767348],[126.80406163516675,37.26787805851305],[126.80377169169215,37.26803663398374],[126.80356075314528,37.26823501333303],[126.8032174392182,37.26867166506391],[126.80312798243745,37.2689624857427],[126.80303535785926,37.26908111366322],[126.80279854835766,37.26916906271679],[126.80214296327297,37.269164500637],[126.80206701580946,37.26927295618404],[126.80191241026938,37.26935047279261],[126.8009957046027,37.26953565384931],[126.80072145973865,37.269424362053805],[126.80028670773004,37.26965063013718],[126.80008799959134,37.269671187199584],[126.79931504892043,37.270086714415754],[126.7976669527459,37.27063748273256],[126.7962838534737,37.27072657517746],[126.79574205034228,37.270149595703735],[126.79561389448433,37.2694207889522],[126.79552517688565,37.269400208226315],[126.79547528104384,37.26932008267848],[126.79539700934073,37.26935942969432],[126.7951814772088,37.26915353774843],[126.79508835499492,37.26897897154418],[126.79506477583814,37.268670984481304],[126.79499286688915,37.268642936070066],[126.79482412695018,37.26875828016311],[126.79378083533054,37.268566003013106],[126.79262316163793,37.26846358215663],[126.79255476899525,37.26874647584727],[126.79230791619645,37.26867482230531],[126.7921375307027,37.2682346819958],[126.79190887530487,37.26810645691803],[126.79168672727856,37.26817681253272],[126.79135895205783,37.267593875681435],[126.79092146406198,37.26736724546207],[126.79066169393438,37.26708654389179],[126.79032409359509,37.26716820650839],[126.79033904820093,37.26690384309333],[126.79054936498027,37.26682627866598],[126.79068207537216,37.26650079162894],[126.79066749752397,37.26606027764982],[126.79119203034233,37.2659515818566],[126.79140357947426,37.26556306253885],[126.79173373982417,37.26514486574939],[126.79200608945136,37.2650142476305],[126.79196737471605,37.26477050368381],[126.79217479317582,37.26479645992709],[126.79238147478598,37.26474239373892],[126.79240706880748,37.264570044238134],[126.79217404695159,37.264723925427695],[126.79206651823246,37.26470405670017],[126.79188879273899,37.264300493729955],[126.79191186296612,37.26420525930321],[126.79215756513578,37.26397038011191],[126.7923319007901,37.2638878382091],[126.79232286797942,37.26359535580296],[126.7921157407827,37.263168089020425],[126.79180039900942,37.26273031340044],[126.7915968818518,37.261832793551896],[126.79198214320982,37.26111592865758],[126.79215959644957,37.26092291671363],[126.79243423420576,37.2607254448245],[126.79262953274974,37.26065407622019],[126.79286350537654,37.26041216466716],[126.79327320440662,37.26017627436649],[126.79336346758008,37.25973751235775],[126.7933230253832,37.259539177716185],[126.79336961988534,37.259230439190745],[126.7883065482008,37.255191455580736],[126.78977297385448,37.24763141822262],[126.7891207074102,37.24720193375506],[126.78850115445219,37.24644079712178],[126.78841891265101,37.246252080339026],[126.78859450569149,37.24610611296303],[126.78903883762231,37.245908277588626],[126.78932175744384,37.24587579792074],[126.78958160730495,37.24594339942924],[126.78956491149354,37.24412952046135],[126.78219183852372,37.24505050606131],[126.77830380633115,37.24579907582104],[126.77795315562288,37.2414052046678],[126.77801986725092,37.24051443954615],[126.7782330942095,37.23998359042793],[126.77834313404016,37.239494030217685],[126.77814996634974,37.23936901661209],[126.77819896475503,37.23932407518523],[126.77833579235484,37.23936958318085],[126.78120281376415,37.236024750452565],[126.782777367334,37.23466870589429],[126.78303202946248,37.23455048223388],[126.78327990621221,37.234549767878256],[126.7844621513456,37.235074488200915],[126.78523668068154,37.23454579753048],[126.78523682655164,37.23449867351922],[126.78539768095955,37.23444351727248],[126.78637222701984,37.23357189745293],[126.7865994348144,37.23293911791972],[126.78681553135402,37.23301302209721],[126.78696271799453,37.23298769032015],[126.78722600897662,37.232635284405056],[126.78749662910845,37.232635287150146],[126.78776114329679,37.2325069253729],[126.78778670913185,37.23244810668561],[126.78783291362616,37.2325310675429],[126.78841719649581,37.232524272167865],[126.7886162288673,37.23249107543274],[126.7887790272584,37.23238334248133],[126.78887706154246,37.232549273506336],[126.78908481283969,37.232605510664875],[126.78924293870132,37.23272533489687],[126.78933857339457,37.232618066464816],[126.78929721204122,37.23247505166609],[126.78944565844691,37.23257864860992],[126.78965838099795,37.23261028631105],[126.79043300987026,37.2326059657811],[126.79070657020436,37.232496985860806],[126.79159910053129,37.231802509981826],[126.79170133494723,37.23153633517978],[126.79199749522907,37.23126007846039],[126.792179185366,37.230972328715374],[126.79248830478384,37.23076391480867],[126.79271587007635,37.23052366682074],[126.79279901524741,37.229993939602075],[126.7932904594668,37.22945875864372],[126.79325552267805,37.229124556013666],[126.79311849788671,37.22896987696228],[126.7931014441176,37.228705500190635],[126.79320157947842,37.228596794808965],[126.79372555147118,37.228419877123166],[126.7939895680144,37.228250061657405],[126.7940955857919,37.22811170361351],[126.79406741237494,37.22795239564022],[126.79447651399956,37.22767550131778],[126.79447390711049,37.2275326820766],[126.79428876452637,37.22720228067587],[126.79447191683349,37.22696232086398],[126.79452041799256,37.22673000961798],[126.79463663776777,37.22658472186586],[126.79488121946157,37.22656793894145],[126.79535106159484,37.226425456371715],[126.79630538023711,37.22592320733289],[126.79685323462465,37.22581377788452],[126.79695112675017,37.225597706552016],[126.79720808388262,37.22534016444101],[126.79717788317765,37.22515340796751],[126.79726967625629,37.22487101832862],[126.79708955221138,37.22461198312216],[126.79811415049218,37.22348277103879],[126.79871941416307,37.22305366145364],[126.79928865113287,37.222298905485026],[126.7993341530727,37.222056495293025],[126.7992980796763,37.22179320390168],[126.79913093178321,37.221704337200414],[126.79897836508687,37.2214759871687],[126.79840732223279,37.220333562796334],[126.79835258232602,37.21999510129228],[126.79844485631168,37.21973526434456],[126.79864939216525,37.21945029137759],[126.79905058031507,37.2193201106572],[126.7994636169962,37.21878117377828],[126.7996466711616,37.2184584988994],[126.79965935985022,37.21833073495677],[126.80010734196948,37.217759787236915],[126.80049217672716,37.21704563634021],[126.8007232811142,37.21680090916475],[126.80102826780286,37.216105335646304],[126.80135996265464,37.21570346464528],[126.80161940247717,37.21487072810898],[126.80186855696417,37.21430926803768],[126.8015469317891,37.21356266343539],[126.80025394423062,37.21335646905811],[126.79874754540793,37.211772401403564],[126.79825915061724,37.2118790406877],[126.7975384002602,37.210930401748314],[126.79676187608548,37.21068428521791],[126.79633115332018,37.2102335597845],[126.79611034187585,37.20937621433201],[126.79619256286175,37.20889143414459],[126.79543473188434,37.20822218491858],[126.79507625322957,37.207758416184646],[126.79460060546448,37.20737109340689],[126.79472071182344,37.20714868263494],[126.7948115094631,37.20592122508564],[126.79506019250373,37.20552803834657],[126.79498041645265,37.205052220973215],[126.79417715943453,37.2045805818785],[126.79347878643053,37.20427685961836],[126.79175565697832,37.20375504608455],[126.79107170574555,37.20262050167026],[126.79146007076504,37.2016797632537],[126.79153508687068,37.20123771839965],[126.79129345711463,37.20089349694257],[126.79007296851356,37.19999809403106],[126.79009431085743,37.19989408866079],[126.79024470742958,37.19971197678364],[126.79136915445959,37.19856397492933],[126.79150701585843,37.19825732397203],[126.79152040341467,37.197962237937425],[126.79145115991419,37.197765156087776],[126.79153315636088,37.19716824292354],[126.79183235995828,37.196785613001026],[126.79197513966345,37.19616464098466],[126.79233757192725,37.195613662353715],[126.79298096162852,37.19527085899496],[126.79320242031687,37.19502456073737],[126.79403398663962,37.19461562129194],[126.79527580587535,37.193356228368586],[126.79548854696957,37.19327512604982],[126.79580092669408,37.19329933022699],[126.79607927516865,37.19314284222967],[126.79779477636932,37.19252240759223],[126.79796947394742,37.19295051470122],[126.79892332518062,37.194427429240534],[126.79943430807782,37.19483823186548],[126.79961942827629,37.19509257880968],[126.7997134974314,37.19618494855112],[126.80065005486597,37.196165122170214],[126.80062933717902,37.19597544432746],[126.80031439032071,37.195627791747896],[126.80022199642586,37.19530149292038],[126.80019394622441,37.19474751939477],[126.80000264239003,37.19447163687013],[126.79951132606175,37.194119320939265],[126.79922080335811,37.193461810831955],[126.79898625393068,37.19336827821176],[126.79873196701172,37.19240487911941],[126.7989074795961,37.19234853970735],[126.79917328743772,37.19270104100352],[126.79932650938808,37.19281013070641],[126.79990183072516,37.1927880893524],[126.80034848469742,37.19250280293657],[126.80046324940885,37.19232146428955],[126.80078660035015,37.19214858846825],[126.80073106178271,37.192115236815006],[126.800460575691,37.19222542642768],[126.80031605697845,37.19244837885296],[126.79995675757688,37.19266178428541],[126.79984998819863,37.19265237591916],[126.79986042122287,37.19271454772153],[126.79944547527397,37.19275241451423],[126.79922267261409,37.19261330052601],[126.79899331703223,37.19232189839944],[126.79892740810993,37.19234259985706],[126.79879235901504,37.19218549703167],[126.79860133029943,37.192206777094405],[126.79834032030685,37.19192320361558],[126.79812141470332,37.191122177843525],[126.79804410569014,37.19103069720579],[126.79811633523391,37.19078203376532],[126.7980189357385,37.19038355069256],[126.79774491562173,37.190032582360125],[126.79771385893301,37.18982108976618],[126.79776088422132,37.18971036915162],[126.7976643491975,37.18974988513033],[126.79741610600983,37.18959805522876],[126.79716180665278,37.1892323062962],[126.79716662201618,37.188970510462475],[126.797292103536,37.18862450030747],[126.79763056665983,37.18798820642622],[126.79772635184118,37.18785835590901],[126.79807638468009,37.18784372071217],[126.79781723395595,37.18672314110617],[126.79787185386525,37.18635004903073],[126.79779775554867,37.18635653533764],[126.79782273599423,37.18641468669785],[126.79771307218104,37.18645480189642],[126.7974980979255,37.18645720718488],[126.79713459999483,37.1859292619845],[126.79705751179215,37.1857582547393],[126.7970685017572,37.1854956009211],[126.79694701303197,37.18537320947864],[126.79691006545796,37.18363543408932],[126.79701260874523,37.18354503797669],[126.79848867097198,37.183483899220754],[126.79848881604597,37.18326558506959],[126.79772191151962,37.18325267218324],[126.79723302445765,37.18312893675112],[126.79678138822712,37.18320263776327],[126.79672139854863,37.18316089677386],[126.79661434309264,37.18295813857689],[126.7963663989183,37.18201341342959],[126.79647756670886,37.181198023960526],[126.79658653959855,37.1811443028687],[126.79646109365387,37.18061813618601],[126.79664998875073,37.18054234250771],[126.79744898553173,37.18049959686847],[126.7981058081996,37.18055860933468],[126.79821083702963,37.180433679292406],[126.79834402420144,37.1804788699246],[126.79849058026949,37.18039711687805],[126.79849096013449,37.179779630461184],[126.79825195477343,37.18040287998086],[126.7960173570004,37.17983025853125],[126.79521628713476,37.179097099868684],[126.79504584036663,37.17902773781183],[126.79475198620159,37.17878496110082],[126.79429586168897,37.17819755606562],[126.79438425773394,37.17804099156871],[126.79458380140963,37.178022877729795],[126.79536499064139,37.17830812298992],[126.79610967003792,37.178309425095094],[126.79741337059721,37.17840934207288],[126.7984916920623,37.17859709829686],[126.7984921568779,37.17802358291441],[126.79761387042464,37.17776734007946],[126.79702583205129,37.177435876969795],[126.79653123976397,37.17729997360498],[126.79643971739677,37.17719865474124],[126.79600325562552,37.17728688601822],[126.79566740590118,37.17718843141953],[126.79489135167555,37.17720465127126],[126.79491806968909,37.17727616887997],[126.79480014212807,37.177348957028386],[126.79443638835009,37.1773831474162],[126.79435200138109,37.17727183779458],[126.79307304317938,37.1767572509354],[126.79307747011592,37.17668289533059],[126.79272879318512,37.1761781098018],[126.79259201263608,37.17527030724255],[126.79273130001744,37.175152416441584],[126.79266708903488,37.174998764885686],[126.7925722068622,37.174938678008594],[126.79259522435778,37.175032166177424],[126.79247660038378,37.17510887938028],[126.79237157456556,37.175068561443474],[126.79248092105081,37.17472990661098],[126.7926037275078,37.17479024102227],[126.7925454597377,37.17475615980665],[126.7924920780904,37.173908874110566],[126.7923006763599,37.17323606678202],[126.79269712684126,37.17308531796163],[126.79328287021299,37.17308089726356],[126.79356731291197,37.173276257204165],[126.79343532356043,37.173083210413736],[126.7931416940137,37.17287548063928],[126.79332418028068,37.17260164867436],[126.79379594630221,37.17214511380985],[126.79407903797276,37.1719482712358],[126.79441602481111,37.1717982054444],[126.79485429233092,37.17174712422187],[126.79495209742885,37.17163435742808],[126.7953019821606,37.17173803757972],[126.79554760890933,37.171652630923376],[126.7957870335828,37.171757343044696],[126.79593769879854,37.17174127750836],[126.79613077042674,37.17161619544489],[126.79657041499757,37.171529699085745],[126.79657857287818,37.17127317591476],[126.79669505209924,37.171186363101675],[126.79695310365886,37.17139848291669],[126.79727749412672,37.17156638496305],[126.79718319483595,37.17164969546917],[126.79729791919631,37.17185932371014],[126.79735511365165,37.17186124236802],[126.79726235625667,37.17164766040255],[126.79774987927088,37.171685784978514],[126.7984682107166,37.17209215590108],[126.7984307867205,37.17222546483794],[126.79944109163299,37.17243459492954],[126.80018373800011,37.17270519100001],[126.80022009960854,37.17253409878904],[126.79861140005171,37.17216854867073],[126.79805292460576,37.17178214105743],[126.79727799346986,37.17148961656408],[126.79699696733732,37.1712913699893],[126.79673648255786,37.17101716387456],[126.79681594697128,37.170881675449486],[126.7963940953819,37.17045621017412],[126.79644732225277,37.17032593868865],[126.79691826634598,37.170040949268966],[126.79728150050829,37.17003154711468],[126.79832812793084,37.17041812058725],[126.79879235445064,37.17031877311253],[126.79961913049246,37.170335943780564],[126.79997585560723,37.17047150989254],[126.79973332081568,37.17030354735331],[126.7990253413384,37.1702706589976],[126.79900152568314,37.170178477149015],[126.79878320826484,37.17017252640912],[126.79866032328422,37.17026889945886],[126.79840388759668,37.17034458077766],[126.79811476947765,37.17030932250625],[126.79804277874253,37.17019909989318],[126.79765686608937,37.16991547163398],[126.79749414739064,37.1699561352455],[126.79659691064033,37.16973592097276],[126.79612043724028,37.16950973507531],[126.79587072127687,37.16930780068601],[126.79580978201422,37.169176132915894],[126.7958058966523,37.168918885977455],[126.7963797926564,37.16768279568692],[126.7962906276763,37.16766337691185],[126.79609464130645,37.1674339819084],[126.79596443488747,37.16716181077771],[126.79587837165663,37.166529684197535],[126.79588602261654,37.1662032386207],[126.79611060833695,37.16554854778424],[126.79650950183877,37.16555942928523],[126.79638799465638,37.1650726347942],[126.79693842945498,37.16489103371394],[126.79738961411579,37.16481904294585],[126.79772681935886,37.16535763936836],[126.79793585311991,37.16541116047162],[126.79797778951979,37.16551713273758],[126.79819699920023,37.16551280551488],[126.79804310669817,37.16549436726673],[126.79785938389054,37.1652808365852],[126.7976121317184,37.165108185036125],[126.79739652197766,37.16476227976552],[126.79746607959191,37.16443090371737],[126.79754181313494,37.164314879883754],[126.79802714309724,37.164179196233526],[126.79855512379572,37.164260673320875],[126.7988268190093,37.164588939806485],[126.79887026383585,37.1647585644332],[126.79898650685847,37.16474710355567],[126.79909717781254,37.16432990881851],[126.80014389754646,37.16432878145584],[126.80046559876088,37.16482321945453],[126.80064675145968,37.1648232833256],[126.80040539207614,37.16421786483108],[126.80043193133021,37.16407659837305],[126.80064450880418,37.16384547037726],[126.80117022504673,37.163565079754655],[126.80146887696641,37.16383550241669],[126.80185191717209,37.16398071258992],[126.80214451447527,37.16400307359637],[126.80293595264911,37.1638769398857],[126.80323891442735,37.163888133538464],[126.803465255848,37.164018055769986],[126.80361809561408,37.16430580872933],[126.80339368647914,37.16333151707156],[126.80339214864625,37.16306229006539],[126.80343723306324,37.1629566092933],[126.80361885764458,37.16290783254532],[126.80337585929294,37.16299695480053],[126.80338273886605,37.163384948997304],[126.80349109016149,37.163920389193486],[126.80308336786281,37.16379689431346],[126.80257184889938,37.16388167250565],[126.80209966219005,37.1638908806278],[126.80161678757923,37.16367904154803],[126.80066089479371,37.16297983339734],[126.80045226561535,37.163004898254854],[126.79950560981172,37.162890639421285],[126.79921203801558,37.16280916142398],[126.79879997022626,37.16255971377112],[126.79863052122698,37.162660449453064],[126.79781381741036,37.16233195882204],[126.79778907241277,37.1622980728886],[126.79792769972347,37.16205755077199],[126.79751425763652,37.16176120566991],[126.79711283794411,37.16132439726867],[126.79677576985522,37.160797422532085],[126.79633443627299,37.16082381698299],[126.79579076997695,37.16014654697573],[126.7957312363043,37.159760695372874],[126.79619404946192,37.159241069842466],[126.79571456100714,37.15892667303565],[126.79518785211962,37.15834221960352],[126.79537532200305,37.15796278940003],[126.79459880526328,37.157394604015],[126.79371162194525,37.15718626102228],[126.79373689944057,37.15709832683369],[126.79362781174846,37.15692626931607],[126.79359016266494,37.15650420558849],[126.7935420055162,37.156466340080094],[126.7935908550947,37.156974915246145],[126.79319224309052,37.157116022551946],[126.79289066789916,37.15709813791408],[126.79239796028179,37.15689274939285],[126.79227655767316,37.15679105891544],[126.79228477754005,37.15661878368614],[126.79212595877449,37.156270995327205],[126.79265149510299,37.15604830898155],[126.79289511241353,37.15571395289183],[126.79289218661837,37.15554554149521],[126.7926224211816,37.155449374871765],[126.7925421926403,37.15521939360816],[126.79255622893221,37.155440878435144],[126.79279822921438,37.15549360175271],[126.79284200113699,37.15567671812104],[126.79259701995385,37.156036210993186],[126.79209142574165,37.156232504539894],[126.7920698510112,37.15648753562096],[126.79213352409789,37.15662199464892],[126.79213105824215,37.15678546776449],[126.79126784123522,37.15659061049496],[126.79131359051168,37.156477177375635],[126.79115932035305,37.15654132875747],[126.79086281628099,37.156506319004],[126.79032901551024,37.15615979848838],[126.7901327088508,37.155811814500034],[126.78975411489334,37.15536661474017],[126.78960238377105,37.15550151908965],[126.78943163253952,37.15531203824954],[126.78908360816781,37.15508832406152],[126.78912452561539,37.155012835329714],[126.78929378293927,37.154942811534056],[126.79133202888183,37.154435926321],[126.78981323232547,37.15472671349988],[126.78928726526422,37.154914515903215],[126.78924308005858,37.15485025498661],[126.78905000481846,37.15486313647838],[126.7891012005256,37.154896134582216],[126.78892560376704,37.155183849431914],[126.78872914224708,37.15520367142118],[126.78789762477071,37.15483456539349],[126.78802173739905,37.15461377944116],[126.78768549511435,37.154745979116385],[126.78742042889009,37.15469133852787],[126.7869426427795,37.15474967357115],[126.78584879922994,37.15471841328592],[126.7858587659949,37.1546416439351],[126.78578579373297,37.15467440848516],[126.78555810226821,37.15462004800153],[126.78513640862676,37.15433510578998],[126.78488880527361,37.15398852414999],[126.7847996164234,37.15373166995176],[126.7846202432348,37.15379970454299],[126.7844124334369,37.15379716158596],[126.78427214897921,37.15368257030689],[126.78415745707714,37.15352301833557],[126.78420327176175,37.15338978294994],[126.78445460783253,37.15314149052675],[126.78415051114186,37.152941044282386],[126.78379492665282,37.1529016645489],[126.78309283540976,37.15304086464831],[126.78289220552202,37.15294200998672],[126.78232805030032,37.152872317106755],[126.78204200298413,37.15245837693695],[126.78174296008785,37.15225348267377],[126.78157646294336,37.15227576319208],[126.78153370693141,37.15221443044943],[126.78173184518694,37.1521421913573],[126.78180453818278,37.15217070019512],[126.78227941710726,37.151937522605486],[126.78247468388777,37.15173242608021],[126.78295781557749,37.1514696524794],[126.7834365481253,37.15148720363526],[126.7835040235289,37.15153731803596],[126.78443454554329,37.15133856908758],[126.78616386043721,37.15112778700129],[126.78636316361215,37.15119411483109],[126.786505121517,37.15102325388986],[126.7866574625664,37.15098188355885],[126.78701167774311,37.15101719750148],[126.78701400513619,37.15107396790205],[126.78822263822079,37.1509125450864],[126.7885674871757,37.151132931350176],[126.78869321785176,37.15113929330967],[126.78949629298792,37.15065130873916],[126.7895219005084,37.150450122878134],[126.79021769552135,37.15009715312448],[126.79017365519167,37.14998963331303],[126.79080544522843,37.14986963879181],[126.79105747339901,37.149887684044096],[126.79117772241732,37.15003961642044],[126.79126865554827,37.14952212400924],[126.7912363903723,37.14945857872941],[126.79128765540877,37.14940048879987],[126.7914235755574,37.148672500359424],[126.79122470709818,37.15021446760039],[126.79116121887704,37.15024743252825],[126.79111078090907,37.15043338296878],[126.79196536075843,37.150750841208975],[126.79452381579708,37.15101453268748],[126.79469878297586,37.15112029706727],[126.79489838396127,37.15143575159478],[126.79480005496522,37.151858118852566],[126.79503486417045,37.1518692145642],[126.79552059985149,37.15201690390038],[126.79572240496469,37.15223144316656],[126.79607044400748,37.15227321589585],[126.79655368171296,37.15247227456754],[126.79711609087751,37.15281391489003],[126.79736458324733,37.15308783897965],[126.79761660810775,37.15310749217697],[126.79757796938318,37.15315118071661],[126.79771670800677,37.15325747297219],[126.7977979805196,37.153262820749084],[126.7977898209928,37.153169827328846],[126.79772089583139,37.153211247273525],[126.7976280010656,37.15308200303518],[126.79776484741143,37.15313413884768],[126.79786711885329,37.15303695609459],[126.79819079091915,37.152982205256166],[126.79838650180095,37.15306320284044],[126.79866674834032,37.15332299607333],[126.79907826017529,37.15358472488255],[126.79929864156549,37.15383341252358],[126.79955834415728,37.15381594240469],[126.80009481205683,37.15389660718908],[126.80049968616572,37.15377710337217],[126.80061699086332,37.15357062830736],[126.80071610030855,37.1535058845672],[126.8011449485841,37.153386473207384],[126.80162699998345,37.153535050352794],[126.80189530294368,37.15343991005141],[126.80187379608508,37.153253743828614],[126.80208787628372,37.153101547333385],[126.80239914876974,37.153077958507886],[126.80263351127917,37.15289612349381],[126.80321403673076,37.152885878014594],[126.80327352482671,37.152784257916835],[126.8034599909736,37.152682597722766],[126.80348783379448,37.15262908579125],[126.80340669193815,37.15258238390958],[126.8035911813983,37.15240097721726],[126.80362382105643,37.15219996225166],[126.80386017906147,37.152062369700054],[126.80410872554202,37.15207704751533],[126.80411644704718,37.15215093752301],[126.8040245634874,37.15220920860131],[126.80449746730596,37.1524031808241],[126.80601361273067,37.14876435485144],[126.81124312184845,37.14930695337695],[126.81385921134553,37.14974642154719],[126.81901131823099,37.15049619308809],[126.82033909423036,37.15046174635303],[126.82140696181791,37.15026273660633],[126.82303890706005,37.14976383296801],[126.82313518768571,37.15002582340977],[126.82357068256766,37.14991922581029],[126.8251037241047,37.149849207837406],[126.82599162549121,37.14985926609172],[126.82811015178575,37.15011792227046],[126.82886739809457,37.15005540434927],[126.82981259930105,37.15008490805107],[126.83054850854256,37.1503193169974],[126.83109681456922,37.150917188204176],[126.83213076449181,37.15139053269008],[126.83299637939902,37.1515656062584],[126.83562243063278,37.15185157378654],[126.83877403270888,37.15276563478587],[126.83946360937816,37.153029947734375],[126.83972003659545,37.1532180950808],[126.8404506796624,37.15401636706262],[126.84106292949079,37.15430544358709],[126.84330062341382,37.15555139701697],[126.84374234151701,37.1560543665991],[126.84468164332661,37.15692986648673],[126.8448547807244,37.15735737359299],[126.84475391342134,37.15801671002835],[126.84479140106147,37.15833879499461],[126.84506952320574,37.15869993393608],[126.84642750747635,37.15934025679474],[126.8476116751475,37.15977175439064],[126.8488255682274,37.16044300280302],[126.84896142312856,37.16068213620309],[126.85067801995592,37.161836145293705],[126.85114672829059,37.162277894840415],[126.85171487301777,37.162652910330905],[126.85291794090665,37.16288599451958],[126.85438218429337,37.16325004320022],[126.85866176126066,37.16498727597867],[126.85923529895176,37.16539893451005],[126.8624442393089,37.168620930508894],[126.86273328287672,37.16910405132819],[126.86250619634912,37.169218849139334],[126.86247081139506,37.169174025503246],[126.86231377540369,37.16927917377784],[126.86229828043581,37.17036068440616],[126.86220235405774,37.17060331419575],[126.86224426924275,37.170648596099895],[126.86217309548347,37.17102370908017],[126.86247415289023,37.17159091229018],[126.86335705314704,37.172381713764565],[126.86475067545621,37.174449163468395],[126.86510816206003,37.17477548455364],[126.86507498149136,37.175068016646975],[126.86460427052018,37.175273183043785],[126.86421920224547,37.17606376750641],[126.86388944380028,37.176155562210475],[126.8636060394811,37.176392208323705],[126.8635600966784,37.176454237042485],[126.86360282539627,37.17669847071202],[126.86331415774465,37.17691134033959],[126.86329533938262,37.17686917639248],[126.86299909094676,37.176829634928225],[126.8616813758254,37.176779863363755],[126.86128131394612,37.17688875980837],[126.8609005662873,37.17677091115207],[126.86065163138498,37.17694015665232],[126.85990269181208,37.17809949796226],[126.85974349105415,37.17850165232797],[126.86008587299155,37.179408686249324],[126.8605801509229,37.18011618269063],[126.8608652464116,37.18030412843047],[126.86112416228829,37.18153222017541],[126.8600364258396,37.18187891086864],[126.85887298779025,37.1821380808862],[126.85806724909541,37.1826403519239],[126.85807945175458,37.18341713201696],[126.85760070924248,37.18359203040343],[126.85770734159672,37.18412825552785],[126.8574909405797,37.18433489101274],[126.85698569855835,37.18458922696684],[126.8566806498806,37.18481542264279],[126.8567495665471,37.18513667582646],[126.85706329854749,37.185626362877315],[126.8575555920209,37.18567686190974],[126.85737000961127,37.186298484354374],[126.85743129343996,37.18715411118695],[126.85782769649302,37.18788456592839],[126.85824303435332,37.18813455043172],[126.85865773036467,37.188140772750685],[126.85890314446095,37.188326656789314],[126.8599616929721,37.18847093103542],[126.86026407382636,37.18882725904491],[126.86029480770445,37.18923302758913],[126.86076403944645,37.18955026742059],[126.861051221837,37.18987129937097],[126.8606198476651,37.19044105901047],[126.86059534260298,37.19128240815611],[126.85992508460306,37.19200340056527],[126.85977449428226,37.19235069963718],[126.85975308629017,37.19246377322963],[126.85983491608022,37.19277443436582],[126.8597262686405,37.19315095931556],[126.86013672689099,37.193626624928925],[126.86063174166793,37.19402983750841],[126.86050047496404,37.19476642979655],[126.86062945177471,37.195122946479216],[126.86184751947269,37.195346189737776],[126.86288550279781,37.195724928475606],[126.86318949934476,37.195947472393215],[126.86307273886993,37.196128869512535],[126.86290571726883,37.19620729039682],[126.86282555418248,37.196349759887354],[126.86285878533147,37.19639680628199],[126.86256435338322,37.197094707887075],[126.8621816516828,37.19887888511775],[126.86219300226702,37.19929751462591],[126.86249696284074,37.19954636163451],[126.86236802750912,37.19981509988913],[126.86237246402666,37.20003071595423],[126.86256097751556,37.20012298785778],[126.86271351997983,37.20030443871291],[126.86285612608056,37.20070882306866],[126.86317469435299,37.20124074834652],[126.86352459051577,37.20160688109637],[126.86374795145235,37.2022063712367],[126.86474765172369,37.202933383289086],[126.86513302694561,37.202997197927786],[126.86483020866527,37.203326856213],[126.86503899029452,37.20370503063301]]]]}},{"type":"Feature","id":"41591310","properties":{"code":"41591310","name":"마도면","district":"만세구","city":"화성시","province":"경기도","fullName":"경기도 화성시 만세구 마도면","source":"VWorld LT_C_ADEMD_INFO"},"geometry":{"type":"MultiPolygon","coordinates":[[[[126.79589664063217,37.19073996235569],[126.79578792236097,37.19036626706353],[126.79523146038287,37.189597438254054],[126.79531414590011,37.1893458572676],[126.79548241637593,37.18920507337276],[126.79587022524402,37.18915055805166],[126.79633598734937,37.18918106943928],[126.79725495105635,37.19066906573828],[126.7961305725638,37.19072023873139],[126.79589664063217,37.19073996235569]]],[[[126.78713849031179,37.17234197675462],[126.78824788063169,37.17155132690927],[126.78854962145755,37.17297073984112],[126.78897707548477,37.17404660070012],[126.79475018132295,37.18153396006792],[126.79476558040076,37.185738563772915],[126.79056961290956,37.18740385083168],[126.79059101170726,37.18746834068068],[126.79085696935398,37.187467056758],[126.7910882479049,37.18768611529925],[126.7913239380463,37.18770766312029],[126.79154540149734,37.18716064381359],[126.7925697738434,37.18702982970537],[126.79553045272682,37.186148087425906],[126.7964266800552,37.18735783559737],[126.7964128400789,37.187515692782334],[126.79609094877512,37.18859203725463],[126.79521251789613,37.18923717306166],[126.7945155378649,37.190354892990875],[126.79439727624998,37.19069498388313],[126.79419913366328,37.1909093473004],[126.79454209216412,37.190913019420854],[126.79494806223543,37.19098383813598],[126.79496310241224,37.19103590869265],[126.79539343274436,37.190887778455114],[126.7971565844763,37.19072317506192],[126.79722276552364,37.19096485926579],[126.7972867393803,37.19095983359278],[126.79779477636932,37.19252240759223],[126.79607927516865,37.19314284222967],[126.79580092669408,37.19329933022699],[126.79560947702068,37.193254459064946],[126.79527580587535,37.19335622836849],[126.79403398663959,37.194615621291945],[126.79320242031687,37.19502456073737],[126.79298096162852,37.195270858994874],[126.79233757192725,37.195613662353615],[126.79197513966345,37.19616464098466],[126.79183235995828,37.196785613001026],[126.79153315636088,37.19716824292345],[126.7914511599142,37.197765156087776],[126.7915204034147,37.197962237937425],[126.79150701585843,37.19825732397203],[126.79136915445959,37.19856397492924],[126.79024470742958,37.19971197678364],[126.79009431085743,37.19989408866079],[126.79007296851356,37.19999809403106],[126.79129345711463,37.20089349694257],[126.79153508687068,37.20123771839965],[126.79146007076503,37.2016797632537],[126.79107170574555,37.20262050167026],[126.79175565697832,37.20375504608455],[126.79347878643053,37.20427685961836],[126.79417715943453,37.2045805818785],[126.79498041645265,37.205052220973215],[126.79506019250373,37.20552803834657],[126.7948115094631,37.20592122508564],[126.79472071182344,37.20714868263494],[126.79460060546448,37.20737109340689],[126.79507625322955,37.207758416184646],[126.79543473188434,37.20822218491858],[126.7961925628617,37.20889143414459],[126.79611034187585,37.20937621433201],[126.79633115332018,37.2102335597845],[126.79676187608554,37.210684285218],[126.7975384002602,37.21093040174823],[126.79825915061724,37.2118790406877],[126.79874754540793,37.211772401403564],[126.80025394423062,37.21335646905811],[126.8015469317891,37.21356266343539],[126.80186855696417,37.21430926803768],[126.80161940247716,37.21487072810898],[126.80135996265464,37.21570346464528],[126.80102826780286,37.216105335646304],[126.8007232811142,37.216800909164675],[126.8004921767272,37.21704563634021],[126.80010734196948,37.217759787236915],[126.79965935985022,37.21833073495677],[126.7996466711616,37.2184584988994],[126.7994636169962,37.21878117377828],[126.79905058031504,37.2193201106572],[126.79864939216525,37.21945029137759],[126.79844484504484,37.21973526432522],[126.79835257105916,37.21999510127294],[126.79840733349974,37.220333562815654],[126.79897836508685,37.2214759871687],[126.79913093178321,37.221704337200414],[126.7992980796763,37.22179320390168],[126.7993341530727,37.222056495293025],[126.79928865113287,37.222298905485026],[126.79871941416302,37.22305366145364],[126.79811415049218,37.22348277103879],[126.79708955221138,37.22461198312216],[126.79726967625629,37.22487101832862],[126.79717788317765,37.22515340796751],[126.79720808388262,37.22534016444101],[126.79695112675017,37.22559770655193],[126.79685323462465,37.22581377788444],[126.79630538023711,37.22592320733289],[126.79535106159484,37.226425456371715],[126.79488121946157,37.22656793894145],[126.79463663776777,37.22658472186586],[126.79452041799252,37.22673000961798],[126.79447191683343,37.22696232086398],[126.79428876452636,37.22720228067579],[126.79447390711049,37.22753268207651],[126.79447651399954,37.22767550131778],[126.79406741237494,37.22795239564022],[126.7940955857919,37.22811170361342],[126.7939895680144,37.228250061657405],[126.79372555147116,37.228419877123166],[126.79320157947842,37.228596794808965],[126.7931014441176,37.228705500190635],[126.79311849788671,37.22896987696228],[126.79325552267805,37.22912455601357],[126.7932904594668,37.22945875864372],[126.79279901524741,37.229993939602075],[126.79271587007635,37.23052366682074],[126.79248830478384,37.23076391480867],[126.792179185366,37.230972328715374],[126.79199749522907,37.23126007846039],[126.79170133494723,37.2315363351797],[126.79159910053126,37.23180250998183],[126.79070657020436,37.232496985860806],[126.79043300987026,37.2326059657811],[126.78965838099795,37.23261028631105],[126.78944565844687,37.23257864860993],[126.78929721204122,37.23247505166609],[126.78933857339457,37.232618066464816],[126.78924293870132,37.23272533489687],[126.78908481283969,37.232605510664875],[126.78887706154246,37.232549273506336],[126.78877902725839,37.23238334248133],[126.78861622886727,37.23249107543274],[126.78841719649581,37.23252427216795],[126.78783291362616,37.2325310675429],[126.78778670913181,37.23244810668561],[126.78776114329673,37.2325069253729],[126.78749662910845,37.232635287150146],[126.78722600897662,37.23263528440514],[126.78696271799453,37.232987690320066],[126.78681553135402,37.23301302209721],[126.78648443162362,37.2329013144435],[126.786383612033,37.23270601156344],[126.78628046060663,37.23289914188249],[126.785550168643,37.231991701548885],[126.78561651594642,37.231743676578965],[126.78558015890899,37.231551553996844],[126.78420233991912,37.23058268848474],[126.78363332237608,37.229980866739446],[126.78355096159589,37.2298281874107],[126.7832687360091,37.22992908861211],[126.78297179550403,37.22974801803636],[126.7830154482866,37.22963505427995],[126.78345422539509,37.22948673200326],[126.7841777343498,37.22896720741357],[126.78392063166791,37.22864387520075],[126.78363888045735,37.22744958000312],[126.78390367246526,37.22703614752066],[126.78347805797199,37.226727281584786],[126.78347714109702,37.22660347714033],[126.78364609002341,37.22621634123512],[126.78346875297987,37.226319418159555],[126.78308602683872,37.22636705374634],[126.78217209085943,37.22600507538369],[126.78202705171647,37.225802847814435],[126.78201726066276,37.22569764236632],[126.78183305489581,37.225872598029575],[126.78168414878705,37.22620338153678],[126.78156409152201,37.22627269184187],[126.78121522957017,37.22615581849539],[126.78124366392022,37.225828424773944],[126.78108023564647,37.22574724347877],[126.78081286781631,37.2253355924477],[126.78082082709376,37.22512529572665],[126.78056624559736,37.2246461710732],[126.78070357951945,37.22440503874515],[126.78101868103633,37.22433402013083],[126.7811771952476,37.22422093732102],[126.78121184790815,37.22402164682154],[126.78105302791988,37.224092839794395],[126.7808674359574,37.223850718335314],[126.78065224264314,37.223172924858936],[126.78047252084586,37.223171454309856],[126.78041238195298,37.223265761995734],[126.77997872656063,37.22336445352975],[126.77949750406964,37.22323073933068],[126.77925937936043,37.2230270633209],[126.77928724866862,37.22272958335733],[126.77908065542645,37.222801008440406],[126.77895113173034,37.222745432310425],[126.77888799591524,37.222536272496455],[126.77859217620421,37.22221362153714],[126.77848969849933,37.22201533507983],[126.7776888177347,37.22202920521892],[126.77695123696458,37.2215714146278],[126.77658603705274,37.22123295799231],[126.77611182134308,37.220966150744275],[126.77548627917847,37.22011106138676],[126.77546365270715,37.219964626263405],[126.77568943306196,37.21960461391241],[126.77584257597915,37.219206177557304],[126.77599644059184,37.21900380866346],[126.77608175907352,37.21897889511742],[126.77682467421174,37.21924233806159],[126.77695941604705,37.21899833062177],[126.77793542579714,37.2180120691362],[126.77796250450623,37.21810200801321],[126.77811592327319,37.21816661369236],[126.77816180713845,37.21797345412063],[126.7780497718176,37.217904736736735],[126.77804505221197,37.21775920983341],[126.77810765520144,37.21767698184594],[126.77829488903043,37.21769024671823],[126.77847889590447,37.217800817567685],[126.77885737455503,37.217758585989074],[126.77886502229852,37.21764433944555],[126.77871266433468,37.217426028260206],[126.77863755855236,37.2173734554384],[126.77853866981019,37.21738960520225],[126.77791698644666,37.21696081764693],[126.7778088915526,37.21702338003617],[126.77806122552465,37.217188052873915],[126.77732740298937,37.2177255515379],[126.77710986282082,37.21796312238148],[126.77690307974544,37.21799967312463],[126.77662158969842,37.217815335857736],[126.77643201642181,37.21775900318323],[126.77468998575378,37.21860306354883],[126.77448454974997,37.21830190281555],[126.77336941721317,37.21612171177788],[126.77328922702988,37.21585494845247],[126.77379531100084,37.21572685734839],[126.77435387162606,37.213606961118735],[126.77445194472187,37.213421768995225],[126.77443561095316,37.213056482741315],[126.77484108435245,37.213036625445966],[126.77492553251679,37.21308966008359],[126.7748664159346,37.212917889686864],[126.7749372122668,37.212514169537926],[126.77478946572212,37.21232441595754],[126.77481509738868,37.212255949849386],[126.7740617366743,37.21133148829444],[126.77454111257845,37.21106407764801],[126.77466468839218,37.21070157315834],[126.7748837297846,37.210413370842616],[126.77485588689969,37.20995202043814],[126.77494559960562,37.209791689540296],[126.77474443129735,37.20902811349153],[126.77482646097351,37.20889013180228],[126.77473189817427,37.20845414403264],[126.77425551976754,37.207716359274414],[126.77429666653403,37.20767655809106],[126.77417940650001,37.20766964740655],[126.77407647690828,37.20775617511449],[126.77339327674687,37.20727536316549],[126.77365136733415,37.20795810162246],[126.77414489912287,37.208068508389765],[126.77443701423044,37.208659232913504],[126.77442121878909,37.20916731798799],[126.77434022522786,37.20951551435134],[126.77381304187543,37.20968751121813],[126.77380795690502,37.209981394117904],[126.76852497204575,37.210940489055965],[126.76839424509514,37.21032931694853],[126.7680824978492,37.210240815518176],[126.7653874174829,37.21050447120523],[126.76511459939951,37.21058078592114],[126.76431312430132,37.210628083369656],[126.764164794255,37.21059834025735],[126.76398651962423,37.21046107875936],[126.76388216729949,37.210576067592385],[126.76381909886598,37.21055223467489],[126.76373330154105,37.210620208236186],[126.76345964064157,37.210537393586506],[126.76160969593433,37.21067341320839],[126.76147564877344,37.21045959494196],[126.76158551062007,37.21043444417745],[126.76159561364702,37.21037461748892],[126.76140515298061,37.21043710626255],[126.76111909621082,37.21016118599433],[126.7607770063029,37.21011967416279],[126.76065900607665,37.21006129914166],[126.76059853198922,37.20994474364024],[126.76058587003152,37.2091721020856],[126.76069471862591,37.20906117094887],[126.7608527617995,37.20855661162306],[126.7607401230718,37.20824035149496],[126.76041742862844,37.20785910432613],[126.75922012432343,37.20716258037283],[126.75864022036899,37.20674203017296],[126.75836221169055,37.20643691685056],[126.75829546726624,37.20628945052348],[126.75790207399417,37.20601650963538],[126.7577659991427,37.20582250577952],[126.75751206684909,37.2058438513406],[126.75652410411524,37.206075587698365],[126.7560897880133,37.20631223037734],[126.75577323025888,37.206612125608935],[126.75546638580471,37.20707692173425],[126.7550115284057,37.207392034493544],[126.75438392872393,37.208031826922635],[126.75438158917694,37.208103274618985],[126.7545077065206,37.20815040980823],[126.75440708112014,37.20835928659497],[126.75436010915722,37.209795168906695],[126.75462577861728,37.210290376367304],[126.75389316014721,37.21068771109436],[126.7531549377822,37.21086419340051],[126.75258853964625,37.21139581708245],[126.75089713946943,37.211382537727474],[126.75046094381307,37.21100902477016],[126.75042210540211,37.20955895138641],[126.75040903703834,37.20937891370983],[126.75030144238958,37.209212227277305],[126.75031631285867,37.20876009836235],[126.75026820816272,37.208672388121805],[126.74992762175965,37.20870779707165],[126.74986503605749,37.20866251297269],[126.74960228421926,37.20682264996908],[126.74948683810752,37.20662703161765],[126.74942268929155,37.20657813978112],[126.74929682169117,37.20661003005261],[126.74883385141857,37.206155261003744],[126.7485604381451,37.206169995247],[126.7483973335176,37.20607579439888],[126.74820114979826,37.2061215804938],[126.74815629753517,37.20622138305355],[126.74763535865615,37.206263752110075],[126.7474724177768,37.20604367484621],[126.74724330232621,37.20551647048493],[126.74671102102448,37.205355364967325],[126.74588524547897,37.20524610080808],[126.74532356888592,37.20534140711422],[126.74468645647597,37.20584067337238],[126.7437717255504,37.2062798727723],[126.74265883739096,37.205890115708115],[126.74224165318465,37.205844971319515],[126.74158148187857,37.205473079539246],[126.74089489851988,37.205396874817815],[126.74057629210884,37.205267703013234],[126.74049622813995,37.20531840845561],[126.73994608099234,37.20522718104992],[126.73972718041128,37.20529378909724],[126.73942738228672,37.20527717782223],[126.73893135404214,37.20514644662357],[126.73853731601228,37.204909112303454],[126.73816732073152,37.2044800253997],[126.73771405977945,37.2045015520541],[126.73674227965634,37.203271192423834],[126.73647161997397,37.20318048306067],[126.73587557294113,37.20260253546723],[126.73594318480592,37.20293595536494],[126.73506181577763,37.202766058285334],[126.7339546470765,37.20276825749627],[126.73381973167366,37.203056015766194],[126.73381567281453,37.203510005442695],[126.73344913550672,37.203504563331954],[126.73273418320919,37.203198886994485],[126.73245193842938,37.202942900140805],[126.7306447246251,37.202622381298475],[126.73047197867284,37.202668615130655],[126.7298834700879,37.202336458855925],[126.72958003667796,37.20224750574334],[126.72927382682893,37.20227945626254],[126.72906606706839,37.20238332831631],[126.72873403557251,37.20229406398956],[126.72867622800727,37.202087313002274],[126.72793446668544,37.2007170100528],[126.72787872375413,37.19997349465564],[126.72811926587968,37.19971396417304],[126.72832985038693,37.19931213461469],[126.72830496075898,37.19872354349299],[126.72839408066275,37.198335489852376],[126.72887892803656,37.19772720455425],[126.72844140810675,37.19747304009509],[126.72738660223877,37.196568615727315],[126.72541349091279,37.19607591240075],[126.72509546914978,37.19600208732148],[126.72495822473358,37.19620917804122],[126.72452233532267,37.196643138079075],[126.72399270860966,37.19657788865435],[126.72229443877075,37.1957320455828],[126.72120025262267,37.19536093552935],[126.7212361946483,37.19515040184479],[126.72118325289458,37.19474037426673],[126.7212255395857,37.19457147473756],[126.7194420778035,37.19365782887519],[126.71911519455892,37.19300089278963],[126.718883991256,37.192378027181846],[126.71932027118255,37.19138410823346],[126.71910046876962,37.1908156750269],[126.71851761501192,37.190092602760494],[126.71856194133062,37.1900088034622],[126.71903099088028,37.189657353349],[126.71968181715195,37.189434363119815],[126.71996413039581,37.18928274891312],[126.72038598005602,37.188788473927715],[126.72053226424062,37.18841491483485],[126.72014330504231,37.18820142663607],[126.72002798279684,37.18792765894218],[126.71971984828576,37.18765855067004],[126.71962220946021,37.187654570086295],[126.71959762075917,37.18754038538507],[126.71900088700242,37.18697533420898],[126.71875126452832,37.186470938130356],[126.71899817254895,37.185902022238665],[126.71798002751302,37.18550037382376],[126.71717825924704,37.1855237629652],[126.71644558078803,37.184945019029385],[126.71651207994591,37.184546665193835],[126.71612537635556,37.184116071557405],[126.7159111007085,37.183996905794714],[126.71550244670125,37.18335635891906],[126.71549040854285,37.18292019736529],[126.71515944130641,37.18173446148222],[126.71583572311359,37.18133050659172],[126.71663621515268,37.18096951994909],[126.71681281977138,37.1808083329999],[126.71715199397511,37.18012283058496],[126.71719606218146,37.1798032365942],[126.71724610729999,37.17979981554968],[126.7174683995133,37.1793362023205],[126.71765489129461,37.17858655622896],[126.71733997252737,37.17788922148246],[126.71800008664206,37.17750242508561],[126.71848086605316,37.17708048852409],[126.71911214232703,37.17702904013345],[126.71997131781002,37.17638617923115],[126.7204382606157,37.176569740364826],[126.7208796520357,37.176507668220765],[126.72130303253002,37.17634626563987],[126.72165990801612,37.17629459601757],[126.72209647028295,37.176298671703314],[126.72272529453573,37.17647084677396],[126.72349173689057,37.176418359392194],[126.72398768337172,37.17625730664874],[126.7241919625625,37.176342420083174],[126.72483851722265,37.17642467405926],[126.72573698762469,37.17631600278667],[126.72600003730014,37.17634834046092],[126.72605001528346,37.17613004318385],[126.72626013763046,37.175765869226474],[126.7262561360633,37.17479850619242],[126.72640392540748,37.17440111870697],[126.7265535212617,37.17422259025364],[126.7269197467455,37.1740415722816],[126.72735760514212,37.17392649526516],[126.72764365717204,37.17375135358089],[126.72808113719378,37.17321863813782],[126.72896772119617,37.17257652248566],[126.73007676505816,37.172317223799794],[126.73044483706167,37.17180660532079],[126.73103321293122,37.17154812390226],[126.73119896320613,37.171315275213985],[126.73134570327305,37.17073848050905],[126.73207499809754,37.17019291717431],[126.73248225746156,37.17000146891024],[126.73256138688303,37.16971294412679],[126.7327310160777,37.16955551061718],[126.73328251362774,37.16981665803954],[126.73365597279036,37.16990755331742],[126.73415231244317,37.16981166738899],[126.73538273151529,37.17027470949819],[126.73575487223238,37.170341555275456],[126.7366699372345,37.170182550638465],[126.7370053337515,37.17019916711893],[126.7371842438905,37.17012256283544],[126.73728765091944,37.16998031089697],[126.73720750589575,37.1691202901783],[126.7372879164159,37.16877529640533],[126.73751921384608,37.168445767337225],[126.73851090317197,37.16815409569232],[126.73861395295042,37.16801596854354],[126.73942606986505,37.167858516187096],[126.7399689653242,37.16800846038488],[126.74083677801936,37.1680150487721],[126.74153515172024,37.167794726958086],[126.74162996038339,37.167921045464986],[126.74156000994324,37.1676638052575],[126.74175672111586,37.1674655646496],[126.74258984487152,37.167179827475714],[126.74258879095774,37.16621473129835],[126.74247567732841,37.166087977055035],[126.74343693813918,37.1653466107626],[126.74348228883554,37.165243845905906],[126.74386638423724,37.164898174611054],[126.74412547648272,37.164205579529],[126.74409710093208,37.16369871451576],[126.74388620268365,37.163377852639385],[126.74387549777796,37.163307619712576],[126.74397067173172,37.16319966476257],[126.74407014177821,37.16315275605702],[126.74526437556914,37.1631250418347],[126.7461674591491,37.163443781376095],[126.74734635071792,37.16330195846778],[126.74727547774444,37.16305006264403],[126.7472900240536,37.16284150121361],[126.7476606439133,37.16213325178703],[126.74771572172436,37.16168807169297],[126.74763689010628,37.161425878012885],[126.74695571928027,37.160261983447775],[126.7481940372386,37.15899279742029],[126.74852979013312,37.15881069174621],[126.7516722720244,37.15559229565707],[126.75496578411608,37.15626973495469],[126.75537444867291,37.1563679787119],[126.7556246067187,37.15657123400876],[126.75593309892488,37.15666423112257],[126.75748373496883,37.156970988227066],[126.7577278939439,37.156906245684986],[126.76669557833402,37.15758890180624],[126.76862596952807,37.157831839896424],[126.77322759951399,37.158203680635054],[126.77431998167948,37.15841473288367],[126.77533371332474,37.15880286139306],[126.77605823762688,37.159229807305614],[126.77767122748229,37.16046170626431],[126.77832332119235,37.16083578106326],[126.77975282366623,37.1619375547608],[126.7805245833297,37.16263631789645],[126.78183823766933,37.163682165331934],[126.78415127486105,37.165427417806335],[126.78494413987366,37.16617429752736],[126.78697263732543,37.168460783279734],[126.78745093627178,37.16906164694313],[126.78765667703456,37.16944973926176],[126.78784494602967,37.1699295263627],[126.78816104667855,37.17111839748767],[126.78799339214555,37.17099771559296],[126.78789554689182,37.171037365570925],[126.78663726286581,37.17188316575028],[126.78576682649245,37.17257629185533],[126.78604803695784,37.172680823844416],[126.7860985719718,37.17261740641469],[126.78599596748103,37.172500038665106],[126.7862142337171,37.1724982368362],[126.78623451728203,37.172992795464985],[126.78635777184354,37.172967789975154],[126.78674446374376,37.17264032996353],[126.78713849031179,37.17234197675462]]]]}},{"type":"Feature","id":"41591101","properties":{"code":"41591101","name":"새솔동","district":"만세구","city":"화성시","province":"경기도","fullName":"경기도 화성시 만세구 새솔동","source":"VWorld LT_C_ADEMD_INFO"},"geometry":{"type":"MultiPolygon","coordinates":[[[[126.82373366596775,37.27344735674481],[126.82396540767955,37.273040167518396],[126.82399247645466,37.27284895494935],[126.8242088905331,37.27265419668684],[126.82512855949662,37.27269868478255],[126.82534211399394,37.27265069838631],[126.82560263237808,37.27239710268215],[126.82565227705331,37.27225078566344],[126.82562490960753,37.272155451797914],[126.82541080676492,37.27171823180076],[126.82527754080395,37.27171334813654],[126.8253437424893,37.27162748813955],[126.8256818902489,37.2715549260628],[126.82598535290765,37.27129943799125],[126.82606461805858,37.27129729388588],[126.82642174176787,37.27105299392298],[126.8267084535605,37.27102835084519],[126.82672786247514,37.270962577071394],[126.82686114203757,37.27091222580879],[126.82685688966258,37.27080077078143],[126.82733013435,37.27053241952819],[126.82747525122643,37.270623997667464],[126.82758247431626,37.27062271357801],[126.82786389927416,37.270420060876795],[126.8280213482309,37.27054225551345],[126.82830100433647,37.27061898245961],[126.82890026433036,37.27064130248808],[126.8310852889072,37.27360545936958],[126.83128481608584,37.2737828984157],[126.83358842952582,37.27213391057541],[126.83539241968325,37.27102769850898],[126.8373717998281,37.27072024253576],[126.83826346711705,37.269878198474615],[126.8401435050809,37.26771979145549],[126.84093927706694,37.26690997014949],[126.84170990574783,37.26595464653935],[126.84397471134358,37.264295075702144],[126.84422972015734,37.264180379694245],[126.84432520914068,37.26401648224771],[126.84502722070084,37.26350938201372],[126.8450415376865,37.26343865172727],[126.84481787594441,37.2633939619956],[126.84422207992752,37.26278557760188],[126.84409254711018,37.26296560331035],[126.84388275600783,37.26310364198104],[126.84387609902811,37.26304687697025],[126.84401566103851,37.26298280993485],[126.84431779613068,37.2625603199837],[126.84477415499789,37.26154008898483],[126.8448018856131,37.26126860794276],[126.8445680824581,37.26090440645426],[126.8448011053428,37.26035558852566],[126.8448772160147,37.25984583872721],[126.84539912453856,37.25989064263062],[126.84567826900022,37.25982217127185],[126.84802682667215,37.25816958710808],[126.8482167463217,37.25795881071242],[126.84856943919594,37.25724681827962],[126.84906975097233,37.25689155450496],[126.8493366946024,37.256470492656426],[126.84928503211673,37.256543959746665],[126.84934640985277,37.25674027511653],[126.84931276757327,37.25749944417555],[126.84949375342303,37.25803516185071],[126.84943308408202,37.25866896210859],[126.8495769852043,37.259036769109365],[126.84985219763824,37.25935176331742],[126.84983702718269,37.259558441290054],[126.84914867123494,37.25991302480909],[126.84910789806877,37.26012525613526],[126.84915544152783,37.2605310532661],[126.84894214063475,37.26076838147004],[126.84872289268283,37.260874150546265],[126.84841784363782,37.26070770485265],[126.84812785165587,37.26033799543204],[126.84766037729283,37.25999293237847],[126.84739478062725,37.2598859945709],[126.84687441091135,37.259948127270775],[126.84631070875189,37.25981178402479],[126.84579530784487,37.259814720509894],[126.84533793528962,37.26010912594253],[126.84520468376246,37.260384756844175],[126.84512090724617,37.260889946458654],[126.84542020116518,37.26138932532103],[126.84617927599699,37.26313436576072],[126.84635523756346,37.2639717383533],[126.84628484332171,37.26404994595622],[126.84587454316092,37.264187725096924],[126.84538195793927,37.26476149482197],[126.8451989050777,37.265188703828386],[126.84518926151404,37.265823649692514],[126.84482070698024,37.26610329394968],[126.84356263937005,37.266768585567334],[126.84291219943142,37.26706623754954],[126.84192657152248,37.26741551437463],[126.84120260306699,37.26777099424757],[126.84048188657694,37.268396243497214],[126.8393956108932,37.26951727742918],[126.83779243803069,37.2716529705586],[126.83742961275661,37.27218147366939],[126.8373141756373,37.27243900900304],[126.8371408341047,37.273172046902],[126.83710502841873,37.2736113226626],[126.837397709109,37.27542115503337],[126.83735154992621,37.275763240021774],[126.83711934114096,37.2761915298254],[126.83697503997097,37.276331394816026],[126.836698844896,37.27646356148092],[126.83473037364871,37.276908599692675],[126.83403424071534,37.27700574836648],[126.83180032822563,37.277017911703965],[126.83004702797369,37.27675743793021],[126.82928988490484,37.27670859324874],[126.82891515580863,37.276729861521254],[126.82818135103861,37.27692810673793],[126.827743067954,37.27724562763145],[126.82684355179808,37.27833646258933],[126.82643001510962,37.27900988649131],[126.8253373167743,37.28248007431549],[126.82469197446682,37.285108626543675],[126.82429917738685,37.28600732176023],[126.82384096934543,37.28662594019944],[126.82285505659169,37.287651730033616],[126.82120975382695,37.28915931687138],[126.8201837135252,37.2902091974393],[126.81954287340196,37.29066463968849],[126.81741788023756,37.291935319739714],[126.8147704363201,37.293028644605094],[126.81340532090209,37.29340668143708],[126.811526251984,37.29355359366739],[126.80877808805359,37.29359935627787],[126.8074356991632,37.29372847893073],[126.8064994283819,37.29367667173362],[126.80447113169086,37.293439072251346],[126.80445887853543,37.29002484441752],[126.80437608540336,37.288068913352234],[126.8045132230577,37.28293035859241],[126.80500160601413,37.2839253494711],[126.80497301184361,37.284275496525794],[126.80514806032599,37.28461705230828],[126.80623712229287,37.284666707508634],[126.80688239763874,37.28482108049676],[126.80750308928211,37.28520080243717],[126.8081698215266,37.285768929670134],[126.80839326386224,37.28589036583754],[126.80965417084933,37.28600636040456],[126.8105537620476,37.28663139998693],[126.81173424695604,37.286329723247135],[126.81197111686686,37.28620355304093],[126.81258519167437,37.28607821922557],[126.81307621765276,37.28572019354662],[126.81315996925791,37.28555298746503],[126.81376862205732,37.2851560682776],[126.81406603458568,37.28476393355104],[126.8138770036272,37.28460115124338],[126.81368166644089,37.2846621025387],[126.81344562123218,37.28445993297097],[126.8123515936733,37.284158777415314],[126.81209110653111,37.28415897359924],[126.81233027302588,37.28391873581344],[126.81204248671499,37.28342850230769],[126.81194541872296,37.28315014465684],[126.81163079569679,37.283168976550904],[126.81123235435987,37.28327337895925],[126.81094459593793,37.283003976424986],[126.81062825319403,37.28260103036737],[126.81070782116349,37.28222469893147],[126.8106221333822,37.28194787221971],[126.81046858271957,37.281784123449086],[126.81053314109685,37.28176079179796],[126.8102372358702,37.28155473484182],[126.81003056349077,37.28128931741551],[126.80999156971794,37.28099160774078],[126.80980153367018,37.280600955458205],[126.80967926685287,37.280659396504554],[126.8096468364487,37.28057972883924],[126.80971023719049,37.28050127066968],[126.81007167409142,37.280181421981986],[126.81072572263977,37.279841032043215],[126.81152506941724,37.27931046578548],[126.81167427878295,37.27900172346157],[126.81186190970683,37.27898249883466],[126.81209426555333,37.27881704500509],[126.81221467143591,37.278860415017554],[126.81361240941452,37.278568599090434],[126.81377751483765,37.278492958129135],[126.81390340621896,37.27836162511383],[126.8139295543776,37.27825256063837],[126.81416718353769,37.278263298779294],[126.81448852019777,37.278056326306654],[126.81479129134307,37.27771410585535],[126.81488771640642,37.27766971089132],[126.81524067959005,37.277832074028176],[126.81559341072797,37.2777684660229],[126.81580295016477,37.277669492201085],[126.81635483274691,37.27722182303433],[126.81758203746456,37.27694513695756],[126.8180497086646,37.276716928441076],[126.81858861896526,37.276552161688166],[126.81889718103108,37.27635103215575],[126.8188979978731,37.27627426549641],[126.8189934109945,37.27621292621133],[126.81941646701398,37.27619130415709],[126.82021699554888,37.275883415697194],[126.82040533623633,37.27574262937594],[126.8207089088841,37.27562538254635],[126.8207541632044,37.27551402101427],[126.82132898721909,37.275082005385734],[126.82174327651926,37.27496036511333],[126.82217553279693,37.27469788323051],[126.82239090976522,37.27463575873727],[126.82277548629736,37.27428947857962],[126.82281923326529,37.27431335889916],[126.82320474130248,37.27404865819709],[126.82332398993567,37.274027600401],[126.82366914205936,37.27352309973741],[126.82373366596775,37.27344735674481]]]]}},{"type":"Feature","id":"41591330","properties":{"code":"41591330","name":"서신면","district":"만세구","city":"화성시","province":"경기도","fullName":"경기도 화성시 만세구 서신면","source":"VWorld LT_C_ADEMD_INFO"},"geometry":{"type":"MultiPolygon","coordinates":[[[[126.62560205851052,37.17802932421171],[126.62580244060435,37.178529795196695],[126.62585074242737,37.1785174869072],[126.62588507981935,37.17860321284396],[126.62577782002751,37.178630787105206],[126.62554274557782,37.17804359778216],[126.62560205851052,37.17802932421171]]],[[[126.6264562219405,37.17840763945177],[126.62783102883444,37.17806006242469],[126.62785055847613,37.1781073296474],[126.62636793655525,37.17848311066628],[126.62633392571466,37.1783972867858],[126.62644083986633,37.17836890899667],[126.6264562219405,37.17840763945177]]],[[[126.62837068864309,37.17792398447811],[126.62985414178382,37.177553578170325],[126.62987254603554,37.17760094065167],[126.6283892051023,37.177971257433974],[126.62837068864309,37.17792398447811]]],[[[126.62845821609741,37.17598438628401],[126.62621505563872,37.176551439187485],[126.62612914448913,37.17646604553207],[126.6258252704277,37.17666406891826],[126.62631217548692,37.177136929156426],[126.62618199517135,37.17722295396739],[126.62627050632203,37.17730877028856],[126.6260076232411,37.17774457397958],[126.62547967016992,37.17788093060193],[126.62524224997618,37.17729538208433],[126.62529953019514,37.17713001531759],[126.62527098069127,37.17700595016789],[126.62489657803238,37.17646767580642],[126.62407968172187,37.17689651454828],[126.62322493490187,37.17725082735314],[126.62305908816582,37.17748372199049],[126.62325544429855,37.17773100940958],[126.62372272289421,37.178846360129555],[126.62296840176063,37.17905788744302],[126.62263920874923,37.17830599650827],[126.62258005789401,37.17842069032539],[126.62287110552425,37.17908557198856],[126.62273391957169,37.17912757266875],[126.62309038352488,37.17988772279421],[126.62301477455239,37.17990868284621],[126.62267849927969,37.179144542349086],[126.62235777391648,37.17924273939588],[126.62204435703033,37.17855046525439],[126.6211635860248,37.17858030433056],[126.62069636501312,37.17838564726036],[126.62019504662217,37.17783299346963],[126.6194901641769,37.17731684046234],[126.61895185276967,37.17625412585541],[126.61785982361542,37.17523383148981],[126.61772387351307,37.17445792651869],[126.61743858123674,37.17371166826636],[126.61718875674082,37.17350249206379],[126.61718538817112,37.17340280772492],[126.6174986926704,37.17344577596429],[126.61777948274785,37.17330759145251],[126.61793151734278,37.16968250922548],[126.61830178965533,37.16599927417487],[126.61864701065882,37.1638246553412],[126.61931871567286,37.160318378843634],[126.61930657206922,37.16014319447528],[126.61946267148284,37.15985085798364],[126.61967879814713,37.15961868825903],[126.61986929709118,37.15961789618929],[126.61995099185373,37.15970826377137],[126.62088403717037,37.161944730090525],[126.62117313814836,37.162457001326416],[126.62155412731994,37.16291888265676],[126.62227804848709,37.16344042847424],[126.62325436344295,37.16382846588823],[126.62353408321636,37.16400224180551],[126.62725243993624,37.16724147657198],[126.6288203193227,37.169020348810506],[126.62906423253824,37.16943502834221],[126.6306346055502,37.17345635695291],[126.63122293211009,37.17414298992047],[126.63245786594761,37.174863460234285],[126.63239258038979,37.17500910881931],[126.63115999347086,37.17507171509234],[126.62972774683885,37.17534176928288],[126.62899875871057,37.175413140041854],[126.62937413720354,37.17635748676245],[126.62923871181027,37.17639353563575],[126.62853299619495,37.176179057797086],[126.62845821609741,37.17598438628401]]],[[[126.678976522034,37.1438840247724],[126.67897005450955,37.14318840592523],[126.67984178526632,37.143144794051885],[126.67986907280546,37.14219470216088],[126.67976946051375,37.14135811341468],[126.67970598843294,37.14107205600497],[126.67951776071514,37.14075247407909],[126.6792949159912,37.140541221103824],[126.67871010119093,37.14025514155404],[126.67786108019953,37.14007193180679],[126.67782054264052,37.14001573976917],[126.67753355210527,37.1400101982453],[126.67700064290649,37.13925811183799],[126.67679694304526,37.13914951813746],[126.67659089107853,37.13879888654342],[126.67628980344227,37.13858812522933],[126.6762034656706,37.13861491984703],[126.67608588352445,37.13856310210784],[126.67570283781728,37.13815884801171],[126.67555890740105,37.138159966120504],[126.67532953630163,37.138054975586954],[126.67527471848793,37.13783910428671],[126.6750876168493,37.137719434350416],[126.67450508480235,37.13772758728755],[126.67423701359333,37.13760125012397],[126.67411767815673,37.13724392445886],[126.67400118081088,37.1372545864779],[126.67393537621989,37.13717601327897],[126.6740006178483,37.13711624665363],[126.67408184411646,37.13716542509555],[126.67424346064988,37.1370476986034],[126.67488140708778,37.136106959163406],[126.67485110498139,37.1354641111957],[126.67497519584796,37.13528065673257],[126.67561714499129,37.13568407553619],[126.67556231644681,37.13584348285202],[126.67575794817729,37.13598080906927],[126.67588530942483,37.136000360353925],[126.67673410750483,37.135860584036095],[126.67679738460747,37.13575936213742],[126.67700020317271,37.13566635238525],[126.67739180394766,37.135702141158866],[126.67793950980185,37.13536110288538],[126.67793192546367,37.13527891536301],[126.67815935641032,37.13498180168243],[126.67894361137768,37.134170217089974],[126.67896461046936,37.13368524746691],[126.67932118289184,37.13302203425154],[126.67975545476315,37.132819242703434],[126.67954314825907,37.13287519826589],[126.67936351002459,37.13237135601763],[126.67961886049153,37.132265112838205],[126.67989549758973,37.1313249857773],[126.6800003731508,37.131329820545055],[126.68008470309555,37.13115549751932],[126.68051674118716,37.131049596115496],[126.68076121431741,37.13092207419306],[126.68091086547892,37.130676663100814],[126.68130536410966,37.13028073491756],[126.68218626599075,37.12908202687025],[126.68247377159005,37.12861729946203],[126.68320157331328,37.127009382033116],[126.6837025284877,37.12564173914325],[126.68389782998193,37.125292482945056],[126.68425942033063,37.124161981322224],[126.68488846372772,37.122171507147925],[126.68485612409657,37.1215528929425],[126.68510530301016,37.11960138131511],[126.68531483844242,37.119428027967416],[126.68532643111897,37.119170213436306],[126.68522397260497,37.118942613396214],[126.68476872607499,37.11880359103132],[126.68481942419919,37.11872052317376],[126.68467519231908,37.118613822553115],[126.68460184189526,37.11824116704118],[126.68452945285618,37.11825346214451],[126.68450662603821,37.11817715396602],[126.684343803634,37.118144262592914],[126.68424605044773,37.117998093465935],[126.68429363070899,37.117869451198494],[126.68417268200558,37.11733382059861],[126.68398021076777,37.11699169784322],[126.68377815661913,37.11683228278499],[126.6798789314713,37.11802927201398],[126.67940153664652,37.1181207845948],[126.67774090369838,37.11811691947023],[126.67773940447987,37.1181889095436],[126.67751346183282,37.118187868871075],[126.67751477577667,37.118106597444715],[126.67530719546022,37.11810256302634],[126.67504007313913,37.11795179344396],[126.67442297546884,37.11722618642824],[126.67515630368378,37.11800160827458],[126.67548727274449,37.118080649107696],[126.67751530602575,37.118069295282474],[126.67751623132393,37.118007936073106],[126.67774294442752,37.11801024031782],[126.67774167088834,37.118079437743106],[126.67942907921817,37.118081357230146],[126.68096213941656,37.1176580608794],[126.68084873987233,37.11687742380536],[126.68101695882137,37.11686759758718],[126.68096306442631,37.11598124751916],[126.68086223939837,37.11598408354503],[126.68083250891736,37.11551546415303],[126.67769152696447,37.11555225091237],[126.67756333042719,37.11543560173033],[126.6765439725042,37.11597405740408],[126.6764564320081,37.11577498193029],[126.67705860173487,37.11562094710164],[126.67768148957802,37.115309434548664],[126.67921681101066,37.11532393467618],[126.68102347145498,37.11525555784818],[126.68102973844853,37.11502328307936],[126.68284679736296,37.114949608353925],[126.68321309680887,37.11477173297283],[126.68320073098346,37.11466168107672],[126.68336445331346,37.11468464682144],[126.68356405210075,37.11457130697725],[126.68362285837102,37.114378467865386],[126.6837126012944,37.114427266456715],[126.68370098985572,37.11352427068463],[126.6839855505922,37.11351935638369],[126.68404205342422,37.114519494063906],[126.68422223518147,37.11461878874409],[126.6864209952518,37.11473353601536],[126.686677581343,37.11469258886274],[126.6866909526393,37.1147784047192],[126.68657824311067,37.11485307312252],[126.6864010731282,37.11516977347224],[126.69004199864301,37.11602341063116],[126.69096665554058,37.11607575430502],[126.6916483183542,37.115981034729394],[126.69235594273408,37.115782397277265],[126.69171773511178,37.11603744188622],[126.68996346920675,37.117395149025434],[126.69020284836601,37.117573825983754],[126.68999136516453,37.11778165725671],[126.69015169099445,37.11772945682742],[126.69054272637386,37.117389974775215],[126.691426542421,37.116532494725845],[126.69195158704534,37.11618912335568],[126.6923773977125,37.1160069598547],[126.69361563140835,37.11564326332983],[126.69464353621223,37.11550985978445],[126.69530677946128,37.11557229643003],[126.69592252457424,37.115723279710664],[126.70190919745674,37.11781012602017],[126.702878044516,37.11819559915477],[126.70370150773984,37.11861197488395],[126.7064094831946,37.12024350781209],[126.7085432275506,37.121412131635424],[126.70907399386232,37.12185180449349],[126.70961714070043,37.12205785324068],[126.71221648646234,37.123618162775635],[126.71513782181835,37.12558286508508],[126.71634539416029,37.126599181064435],[126.72003135268774,37.129394288034774],[126.7219319612404,37.130559593252215],[126.724860974282,37.13272140315303],[126.72690452430786,37.13467376941895],[126.72709406585254,37.13501101252719],[126.72723737283273,37.13515587289056],[126.72761642029946,37.13537381263148],[126.72898416288466,37.13679160705084],[126.7291807156945,37.13658630700794],[126.72900680221788,37.136818059908094],[126.72992898606378,37.13783294914633],[126.73082709867327,37.13869279526806],[126.73203532409637,37.13973788416249],[126.73589472565388,37.14352772926267],[126.73754174774668,37.144992723383474],[126.73949302578599,37.14660145408991],[126.74197360333592,37.14875571797898],[126.74469890088393,37.150784943608635],[126.74615084625817,37.152007633382865],[126.75043681508596,37.15486281759348],[126.75141741076757,37.15548822761269],[126.7516722720244,37.15559229565707],[126.74852979013312,37.15881069174621],[126.7481940372386,37.15899279742029],[126.74695571928027,37.160261983447775],[126.74763689010628,37.161425878012885],[126.74771572172436,37.16168807169297],[126.7476606439133,37.16213325178703],[126.7472900240536,37.16284150121361],[126.74727547774444,37.16305006264403],[126.74734635071792,37.16330195846778],[126.7461674591491,37.163443781376095],[126.74526437556914,37.1631250418347],[126.74407014177821,37.16315275605702],[126.74397067173172,37.16319966476257],[126.74387549777796,37.163307619712576],[126.74388620268365,37.163377852639385],[126.74409710093208,37.16369871451576],[126.74412547648272,37.164205579529],[126.74386638423724,37.164898174611054],[126.74348228883554,37.165243845905906],[126.74343693813918,37.1653466107626],[126.74247567732841,37.166087977055035],[126.74258879095774,37.16621473129835],[126.74258984487152,37.167179827475714],[126.74175672111586,37.1674655646496],[126.74156000994324,37.1676638052575],[126.74162996038339,37.167921045464986],[126.74153515172024,37.167794726958086],[126.74083677801936,37.1680150487721],[126.7399689653242,37.16800846038488],[126.73942606986505,37.167858516187096],[126.73861395295042,37.16801596854354],[126.73851090317197,37.16815409569232],[126.73751921384608,37.168445767337225],[126.7372879164159,37.16877529640533],[126.73720750589575,37.1691202901783],[126.73728765091944,37.16998031089697],[126.7371842438905,37.17012256283544],[126.7370053337515,37.17019916711893],[126.7366699372345,37.170182550638465],[126.73575487223238,37.170341555275456],[126.73538273151529,37.17027470949819],[126.73415231244317,37.16981166738899],[126.73365597279036,37.16990755331742],[126.73328251362774,37.16981665803954],[126.7327310160777,37.16955551061718],[126.73256138688303,37.16971294412679],[126.73248225746156,37.17000146891024],[126.73207499809754,37.17019291717431],[126.73134570327305,37.17073848050905],[126.73119896320613,37.171315275213985],[126.73103321293122,37.17154812390226],[126.73044483706167,37.17180660532079],[126.73007676505816,37.172317223799794],[126.72896772119617,37.17257652248566],[126.72808113719378,37.17321863813782],[126.72764365717204,37.17375135358089],[126.72735760514212,37.17392649526516],[126.7269197467455,37.1740415722816],[126.7265535212617,37.17422259025364],[126.72640392540748,37.17440111870697],[126.7262561360633,37.17479850619242],[126.72626013763046,37.175765869226474],[126.72605001528346,37.17613004318385],[126.72600003730014,37.17634834046092],[126.72573698762469,37.17631600278667],[126.72483851722265,37.17642467405926],[126.7241919625625,37.176342420083174],[126.72398768337172,37.17625730664874],[126.72349173689057,37.176418359392194],[126.72272529453573,37.17647084677396],[126.72209647028295,37.176298671703314],[126.72165990801612,37.17629459601757],[126.72130303253002,37.17634626563987],[126.7208796520357,37.176507668220765],[126.7204382606157,37.176569740364826],[126.71997131781002,37.17638617923115],[126.71911214232703,37.17702904013345],[126.71848086605316,37.17708048852409],[126.71800008664206,37.17750242508561],[126.71733997252737,37.17788922148246],[126.71765489129461,37.17858655622896],[126.7174683995133,37.1793362023205],[126.71724610729999,37.17979981554968],[126.71719606218146,37.1798032365942],[126.71715200520221,37.18012283962229],[126.71681281977138,37.1808083329999],[126.71663621515268,37.18096951994909],[126.71583572311359,37.18133050659172],[126.71515944130641,37.18173446148222],[126.71549040854285,37.18292019736529],[126.71550244670125,37.18335635891906],[126.7159111007085,37.183996905794714],[126.71612537635556,37.184116071557405],[126.71651207994591,37.184546665193835],[126.71644558078803,37.184945019029385],[126.71717825924704,37.1855237629652],[126.71798002751302,37.18550037382376],[126.71899817254895,37.185902022238665],[126.71875126452832,37.186470938130356],[126.71900088700242,37.18697533420898],[126.71959762075917,37.18754038538507],[126.71962220946021,37.187654570086295],[126.71971984828576,37.18765855067004],[126.72002798279684,37.18792765894218],[126.72014330504231,37.18820142663607],[126.72053226424062,37.18841491483485],[126.72038598005602,37.188788473927715],[126.71996413039581,37.18928274891312],[126.71968181715195,37.189434363119815],[126.71903099088028,37.189657353349],[126.71856194133062,37.1900088034622],[126.71851761501192,37.190092602760494],[126.71910046876962,37.1908156750269],[126.71932027118255,37.19138410823346],[126.718883991256,37.192378027181846],[126.71911519455892,37.19300089278963],[126.7194420778035,37.19365782887519],[126.71928948276158,37.19398879695908],[126.71812434131134,37.19444771922034],[126.716851231377,37.194740804035256],[126.71654628073422,37.195403409499235],[126.71666165689084,37.19607620700154],[126.71605341713318,37.19628774052994],[126.7142961635888,37.1975658209617],[126.71374056254106,37.19780407789545],[126.71324056238994,37.19785679878096],[126.71246877758655,37.196400816626195],[126.71177739931211,37.19603467436276],[126.7112411577832,37.195588859626],[126.71094572754883,37.195458142097245],[126.71022019044332,37.195503052578054],[126.71015358061217,37.195435355672835],[126.71028678712544,37.19478826617509],[126.71013777410391,37.19466262788083],[126.70989861806515,37.1942775826929],[126.70938921286262,37.194107715753105],[126.70845556365104,37.193451658714395],[126.70826332667231,37.19318977259448],[126.70761254406592,37.193015475300335],[126.70717121700176,37.19223835673421],[126.70701500306483,37.191681331346054],[126.70702411431127,37.191318855427845],[126.70665866251852,37.19138305592816],[126.70582231144493,37.19170039141458],[126.70561768688837,37.19191790591355],[126.70552924756184,37.19228263437143],[126.70529374114645,37.192355165448376],[126.70474906949843,37.192753162631895],[126.70428575466785,37.19344443449054],[126.70372448261925,37.19360644724949],[126.70373320586208,37.194666203172694],[126.70365462333132,37.195265387984065],[126.70352001477437,37.19545787254414],[126.70313013239776,37.19561085239391],[126.70289269087458,37.19603711388882],[126.70289991470412,37.19611044989075],[126.70256647514933,37.19631886705239],[126.70162198546203,37.196384193504464],[126.70113380368086,37.196510337156425],[126.70071343725829,37.19694029310232],[126.70081120400924,37.197349298923704],[126.70106920290743,37.19779076112382],[126.70132598324355,37.19858626596359],[126.70134499556703,37.19925220191491],[126.70118744170819,37.19963213227675],[126.70130778717431,37.200080993746134],[126.70158811371674,37.200399627182954],[126.70167251766844,37.200621028462685],[126.70169901799287,37.20092107922349],[126.7016529094756,37.20116433378991],[126.70171658584977,37.20126676312219],[126.70184319663595,37.20132035299664],[126.70103013499661,37.20210344293758],[126.70066034198031,37.20233320703271],[126.70043221870067,37.20240393590996],[126.70024462613462,37.20236639921002],[126.69983899055227,37.202547007890274],[126.69878005893321,37.202537864327],[126.69873275696051,37.20288272501076],[126.69855288071633,37.20293241710852],[126.69862329396591,37.20316083081604],[126.69768729315628,37.20358739265664],[126.697765031889,37.20363731142614],[126.69780946780432,37.203845962229856],[126.69745472883363,37.20402789152116],[126.69684740600934,37.20394287688197],[126.69611576825234,37.20337169754548],[126.69617809497288,37.203125432532694],[126.69530251154498,37.202903030401394],[126.6949216805034,37.203007521325425],[126.69380037073658,37.2030931324912],[126.69374485184353,37.203145050416055],[126.6933547002693,37.20311968111141],[126.69126610980247,37.20326673126234],[126.689083749939,37.2026667598361],[126.68816618853627,37.20232711304689],[126.68774934779461,37.202089225317366],[126.68739654451197,37.20225689319549],[126.6869559068445,37.20224665962229],[126.68651557455757,37.202143987448515],[126.68585868220484,37.20170204461911],[126.68407628624928,37.20126055686777],[126.68301768999687,37.20083859662932],[126.68227969413059,37.200410219813264],[126.68178044227392,37.19990242542923],[126.680335815946,37.19955875347792],[126.68030097903988,37.19915945279059],[126.68035887763709,37.1986908160684],[126.68055880237311,37.198694971002446],[126.68048388848372,37.198439331872216],[126.6801880145721,37.198223928816795],[126.67988403858817,37.19810799599924],[126.67917779003474,37.19791102827814],[126.67870800349473,37.19785378557019],[126.67817730727914,37.19752641381488],[126.67724919541845,37.19752536404231],[126.67637723131702,37.19719623878991],[126.67631832434391,37.1969438666461],[126.67636417036685,37.19623382768805],[126.67522802704015,37.19483288255005],[126.67509308816429,37.1945884186877],[126.67502832941005,37.1942369241044],[126.67453434649072,37.19418124709451],[126.67411097356683,37.19442526941942],[126.6737401306052,37.194254650032825],[126.67322007124456,37.193817313250925],[126.67306276509717,37.19361353919372],[126.6641147730909,37.196138685943055],[126.66397922964808,37.196437346418705],[126.66334912518543,37.19631042209162],[126.66286834640958,37.196431950897875],[126.66224683002542,37.196759872758285],[126.6620612817676,37.1967787767532],[126.66188256027131,37.19676723583059],[126.66149098157429,37.19655749467601],[126.66107579219228,37.19619580490424],[126.66053561755544,37.19633264245528],[126.66012720683074,37.19619279616509],[126.66011635881952,37.195977974739534],[126.66021262699556,37.195712589133855],[126.65997188800391,37.195317014129486],[126.65964333587279,37.19509060805018],[126.65932193326158,37.19502244454147],[126.6591855501525,37.19483724701908],[126.65921982592474,37.19472701354659],[126.65934468566307,37.194610428052776],[126.65941992113005,37.194198959533104],[126.65925530555573,37.193995695764364],[126.65822740069675,37.19209666947444],[126.65807440551156,37.192159326050195],[126.65783766175115,37.192072536059094],[126.65769357767678,37.19158314076432],[126.65743796112785,37.19120069044963],[126.65704091397774,37.190899652077825],[126.65655968827544,37.19082518657646],[126.65077595136434,37.19182678953146],[126.6506810684557,37.19147507541172],[126.65546368007729,37.19064853113093],[126.655552340606,37.190497496110424],[126.65533674724182,37.19015105558379],[126.65543901051122,37.19001525194171],[126.65542555672153,37.18978714092417],[126.6539039374556,37.188163469216754],[126.65317171526019,37.18861270489449],[126.65169725288808,37.18707984324427],[126.65061995416042,37.18774166200392],[126.65053825452863,37.18765501009703],[126.65106422584337,37.18733111046188],[126.65097147202906,37.18724821053041],[126.65145406399077,37.186952203205294],[126.64992904043292,37.18535734833796],[126.65003892296767,37.18526702945219],[126.65000339124586,37.185230792250636],[126.64987519638068,37.18528726767067],[126.65017212519625,37.18510199308412],[126.65013312536787,37.18506078990361],[126.64885161845868,37.185844403748355],[126.64876191337372,37.18663245861108],[126.64865092686614,37.186620414602515],[126.64878284550059,37.18581230214575],[126.65037934705788,37.184836810730665],[126.65011423831123,37.18427583573547],[126.64985006561932,37.18419783267853],[126.64969091615554,37.18396011573261],[126.64943971826669,37.18390152269942],[126.64957400720017,37.18321073177014],[126.65021024132531,37.18282936115975],[126.65141372277975,37.182967845136815],[126.65258478486535,37.1828350525869],[126.65260254590872,37.18307214223329],[126.65272024060094,37.183230937110075],[126.65285455021714,37.183239441760485],[126.65375391271039,37.18367602682961],[126.65525367884267,37.18523868210521],[126.65414093922197,37.18592057797841],[126.65800094048487,37.18994597427694],[126.65849704185086,37.1899402842579],[126.6590783354792,37.189739276247536],[126.65931281073684,37.18988074146802],[126.65937058795862,37.19011267433359],[126.659658413125,37.190449485616995],[126.6599037890064,37.190557002817656],[126.66032759624252,37.19060226686051],[126.66104615130537,37.19082656674313],[126.66134813914697,37.190674761564935],[126.6646341117931,37.191649336793915],[126.66510846209864,37.1920910236562],[126.66578007467926,37.19193994971376],[126.66597594236296,37.192080445355295],[126.66602485319119,37.19220846871924],[126.66649446351808,37.191561245562006],[126.66631967666204,37.19150556240824],[126.66651264847472,37.19091460113975],[126.66667866607611,37.1907190487135],[126.6668316863368,37.19078370731311],[126.6700464015882,37.18919837683205],[126.66906085718048,37.18869018501611],[126.6689785303113,37.188844293552386],[126.66880726473364,37.188877773068384],[126.66774406961682,37.188420576500995],[126.66731141078841,37.18866575602793],[126.66716452502102,37.18902172191258],[126.66672030931672,37.18929925910296],[126.66594505993129,37.188458393923455],[126.66557624677874,37.188369109776865],[126.66532631281214,37.187907490690485],[126.6651634298065,37.18787425752594],[126.66497321848786,37.18731710745313],[126.66516361001783,37.18717585999792],[126.66525461420001,37.18698371866789],[126.66556735499185,37.18674568530077],[126.66590341440943,37.18669663875677],[126.66598929666876,37.186638368263914],[126.66595755275264,37.18618700015366],[126.66619001124408,37.185990293815635],[126.66619089834401,37.18578198424727],[126.66593687128439,37.185556761282264],[126.6656112738574,37.184762677726965],[126.66535472205257,37.183431100628844],[126.66533823302517,37.18289033784501],[126.66501920603464,37.182594115417416],[126.66520014394469,37.18236500722034],[126.66390772757721,37.181690018787705],[126.66369753066792,37.18153221470521],[126.66318798716165,37.18090304009332],[126.66305411198914,37.180924021531304],[126.66283999150984,37.18080598577788],[126.66246081344994,37.1800314367058],[126.66165150823893,37.17975572370902],[126.66198025538667,37.17908721770713],[126.6600258350028,37.176414034332566],[126.65927766066117,37.17663602871098],[126.65898281289202,37.17681660203741],[126.65866905547078,37.17674339494714],[126.65765811468825,37.176688637817115],[126.65665129658272,37.17610866552587],[126.65646516235986,37.17561351359262],[126.65555028822952,37.17506485855886],[126.65508901373404,37.17500570002965],[126.65519956550536,37.17491706306195],[126.65518895587128,37.17474738345859],[126.65539937185227,37.17476276631162],[126.65575675291326,37.17440557239332],[126.65561961055394,37.174090581584224],[126.65542481493667,37.173954036263005],[126.6555802586623,37.173571429135926],[126.65570101792105,37.173550084432975],[126.65607553866244,37.17363610916408],[126.65613064239383,37.17370844342887],[126.65620536662632,37.17367812479141],[126.6565123431731,37.17276279181021],[126.6567117528159,37.172627053135336],[126.65687963876452,37.172353948307155],[126.65744479001108,37.170431850893735],[126.65776227044871,37.17008475260047],[126.65781663582825,37.169922109471386],[126.65757296039065,37.169514319403376],[126.65777098987532,37.168771108240904],[126.65779950915216,37.16847285489283],[126.65813578591637,37.16750779199504],[126.65845153776804,37.16696427675405],[126.65839145314885,37.166649412676925],[126.65906228513,37.16535153156219],[126.65917666510421,37.165166309655234],[126.65952246724136,37.164838660560086],[126.66032181023166,37.16441566177044],[126.66042837892266,37.16393578311163],[126.66072168876208,37.16392281383276],[126.66086351690218,37.16397458118664],[126.66106725203876,37.16371596268968],[126.66116745905705,37.16301145224577],[126.6609773615411,37.16266489546436],[126.66098222682513,37.16225541096873],[126.66045727601568,37.1616937120415],[126.66002742906589,37.16096212219077],[126.65923751784908,37.160222247028734],[126.65784159897994,37.15910167575013],[126.65755853761152,37.15896124647925],[126.65721395553594,37.15887497095086],[126.65677788317896,37.15888517373104],[126.65590608758006,37.15843061577699],[126.65526743025843,37.15796777628647],[126.65510967004593,37.15795192544027],[126.65495231411661,37.15779325064386],[126.65450063755584,37.157570983427405],[126.65419629897944,37.156985303606255],[126.65423919865886,37.15696375011934],[126.6540292459475,37.15675218168755],[126.65349193555457,37.15643324750241],[126.65324578712426,37.15637040632407],[126.65208286302808,37.15651177282876],[126.65157609422984,37.156495392438806],[126.65133691199006,37.15643088290872],[126.65089395830363,37.15656409070267],[126.65042324365564,37.156472971079886],[126.65047225256055,37.15628677073639],[126.65056571081308,37.156306438023485],[126.65035933136033,37.155775137168774],[126.65035381656574,37.15520765944844],[126.64979361038988,37.15456843552818],[126.65060159831576,37.154148347372136],[126.65115698532111,37.154007832094955],[126.65145766567727,37.154016793863995],[126.65153396356258,37.15410041109454],[126.65174336041203,37.15414850536999],[126.6519135726526,37.15433328970949],[126.65191910388309,37.154420455310245],[126.65277666027067,37.15464629705622],[126.65314422912232,37.154504075400204],[126.65383200378106,37.15411395906934],[126.65396718413615,37.15358399904489],[126.6546664107579,37.15369559654939],[126.6565976999984,37.1543131064751],[126.65769318526421,37.15415446111771],[126.65775818596016,37.15408932371108],[126.65789313285265,37.15432885298122],[126.65796659263536,37.15434969990549],[126.65796349581483,37.154842626898024],[126.6582189274708,37.15496090859892],[126.65827606886263,37.1551178743315],[126.65848617132849,37.15509856040902],[126.65849220887856,37.15516254322766],[126.65855777374465,37.155186890031395],[126.65953826674901,37.155102555663206],[126.65986114702471,37.15499998348236],[126.65994651835537,37.1548906441523],[126.66022368866047,37.15488170223352],[126.66051808103721,37.155198970329714],[126.66128028414619,37.155581654921754],[126.66137652997652,37.15581130174573],[126.66152339992416,37.15592298443763],[126.66161258294662,37.15609603404577],[126.66224213353533,37.15635984423945],[126.6625385416731,37.156594387899695],[126.66293512112877,37.15674304085292],[126.6630708729278,37.15685215791582],[126.6631418645274,37.156806290065035],[126.66405473378943,37.15699658975222],[126.66968818184806,37.156035642497514],[126.68045768809574,37.15985071131488],[126.68261604524153,37.16053856779497],[126.6914013193527,37.156996326668775],[126.69141445256446,37.156514985231944],[126.69176269872283,37.155842479628134],[126.69224885995781,37.155394540633445],[126.69301297608084,37.15417144877359],[126.69328374546173,37.153979608190305],[126.69367266109182,37.15393099816758],[126.69758779115185,37.15141188525401],[126.69730063286784,37.15122068492157],[126.69745126374256,37.15105349435197],[126.69679786136717,37.15050599708096],[126.69466053413308,37.1521934188338],[126.68995549925717,37.15072469024061],[126.68702815197544,37.149468547728425],[126.68736168331831,37.14935608921024],[126.6876923089589,37.149341845396144],[126.6876474524385,37.14931727216421],[126.6874385688799,37.14930059912152],[126.68691730952658,37.1494523591002],[126.6867157155946,37.14944487680753],[126.68661763004307,37.14930571959825],[126.68641740662517,37.14923931184391],[126.6862595647454,37.148955719524515],[126.68586578770652,37.14900089540575],[126.6860543837865,37.14951681543207],[126.68600265483842,37.14959676297261],[126.68464094430986,37.14956899153152],[126.68385749616218,37.149127678372075],[126.68339108865499,37.14875677227523],[126.68295071363151,37.14830183939718],[126.68280669536624,37.14803765216709],[126.68253445819099,37.14706604857719],[126.68191072058097,37.14577786848464],[126.68166521012962,37.145421706299075],[126.68129135227505,37.1445582575289],[126.6810982675428,37.14437255209386],[126.68054147601661,37.14410264116706],[126.68037286356079,37.144159320049155],[126.68033050898103,37.14424442655985],[126.68001115736865,37.14446404766409],[126.67911766612757,37.14446774814665],[126.67898158538594,37.14433510391487],[126.67898086563258,37.14397441185543],[126.678976522034,37.1438840247724]]],[[[126.6536086550712,37.18120236361772],[126.65336947251527,37.180639635452],[126.65397987409133,37.17959790188723],[126.65441633181811,37.17923172658074],[126.65546761772403,37.17796067148567],[126.6565405072059,37.17781484810442],[126.65780808736078,37.17811418187072],[126.65780678683188,37.1782073820629],[126.65616723230781,37.178917539361265],[126.6553067517119,37.179823109184476],[126.65593577175288,37.18017240560575],[126.65656584296829,37.17955618866401],[126.65662525452724,37.17980160760617],[126.65691742188307,37.17982076678796],[126.65684994105527,37.179997958958744],[126.65640640970045,37.180140835036674],[126.65598713926893,37.18056169800043],[126.65553626180608,37.180696944571025],[126.65464749283801,37.18085512848752],[126.65392245204445,37.18130183158502],[126.6536086550712,37.18120236361772]]],[[[126.69386414331582,37.207146791013784],[126.69320455331643,37.20693699909002],[126.69272618786287,37.206458472192246],[126.69259613675841,37.20603787893886],[126.69219426502568,37.20523445388938],[126.69215267551259,37.20501923089441],[126.69241694514925,37.2042400790964],[126.69321125518773,37.20421199998546],[126.69369979160852,37.20433021636742],[126.69438059385807,37.20468185733718],[126.69470744198438,37.20504791398725],[126.69477450064295,37.2052538852858],[126.69414570957008,37.205930576849504],[126.69422478325902,37.20632920400376],[126.69436996929436,37.20656438259586],[126.69430941876901,37.20664818453158],[126.6942801217147,37.20688089230976],[126.69401229025972,37.206854959286474],[126.69413062226315,37.2071675849343],[126.69386414331582,37.207146791013784]]],[[[126.60617909371109,37.15892618061476],[126.60509393315294,37.15805276808916],[126.60462782952592,37.15744159697779],[126.60383477539459,37.156653335246325],[126.6035290230811,37.156292458438415],[126.60344353986673,37.15602298400977],[126.60345663600177,37.15583971927407],[126.60364237515692,37.15580880631201],[126.60401842199651,37.15601392960269],[126.60449147081243,37.156708752523215],[126.60516901328431,37.157047227239985],[126.60588994823541,37.157601805497805],[126.6064968290192,37.15847699668102],[126.6065236478895,37.1588659501718],[126.60647317359796,37.158931945703245],[126.60629352683904,37.15894177189459],[126.60617909371109,37.15892618061476]]],[[[126.65356522808739,37.16788847939635],[126.65289232996736,37.16702464311527],[126.65397068073067,37.16663199906204],[126.65461292614519,37.16715654107141],[126.65456529439318,37.16724900206849],[126.65501141852592,37.16763716203654],[126.65525323511575,37.16778172067145],[126.65538066702437,37.16774443823751],[126.65552360936303,37.16785387309631],[126.65438509253067,37.168078841657056],[126.65356522808739,37.16788847939635]]],[[[126.6376470172332,37.14327660307103],[126.63761817026553,37.14320358365339],[126.63779463642612,37.14271164812054],[126.63779108562932,37.14231545514752],[126.6376419905574,37.14175522107682],[126.6375925224844,37.14092131974208],[126.63776017312584,37.140285468485075],[126.63786941181232,37.14013319296179],[126.63820874576463,37.140075376876055],[126.63827715239884,37.14011332243406],[126.63823745657312,37.14032269468922],[126.63803863085273,37.14045554860596],[126.63807409034892,37.14116720663883],[126.63811610254764,37.141464402225054],[126.63820879062139,37.141647707357045],[126.63824107397599,37.14228727157225],[126.63853763181281,37.14253653604274],[126.63854557970207,37.14260216573148],[126.63850726819891,37.14274311659372],[126.6382214935429,37.142743088123645],[126.63804332850724,37.14285432606592],[126.63778971417712,37.14330013486932],[126.6376470172332,37.14327660307103]]],[[[126.69018333736649,37.111865578183746],[126.69001033611517,37.11178515524156],[126.68998964583578,37.1116862641993],[126.6902162625599,37.11120732701589],[126.69038337571406,37.11101065986925],[126.69040371385495,37.110851902319375],[126.690499504601,37.110768806026186],[126.69083649379506,37.110684089191906],[126.6910138866671,37.11076592808536],[126.69104552978843,37.11093805834904],[126.69081878885538,37.11118722786001],[126.69054883999881,37.11181697923898],[126.69044542495499,37.11187132993145],[126.69018333736649,37.111865578183746]]],[[[126.6469046088624,37.15851871163476],[126.646392126021,37.15815929060349],[126.64632851543061,37.15784260741032],[126.64651134132406,37.15783020710553],[126.64663424040556,37.15795559535145],[126.64680508850333,37.15798172352223],[126.64691186045626,37.15809411517562],[126.64710079551668,37.158167043324575],[126.64714227215438,37.15840031312026],[126.64710568704957,37.15847454006401],[126.64698919388404,37.15852234359557],[126.6469046088624,37.15851871163476]]],[[[126.65194531546975,37.147304940495765],[126.65191246157929,37.14722121731202],[126.65195690236554,37.14708140655773],[126.65205619124225,37.146983710302536],[126.65208828606255,37.146735737289745],[126.65215998715738,37.14667202825455],[126.6523414206452,37.14657204187203],[126.65272055181181,37.14677392064839],[126.65263242778093,37.14685250304886],[126.65239011989878,37.14691852128341],[126.65201521248524,37.14732767280945],[126.65194531546975,37.147304940495765]]],[[[126.60663719410313,37.15634621253145],[126.60652715318085,37.15599556437226],[126.60631628631167,37.15565049081838],[126.6064140706857,37.15558493234924],[126.60685315728199,37.156083943628346],[126.60689595638422,37.15620769157566],[126.60685535682417,37.15633652306291],[126.60674265879622,37.15636035885409],[126.60663719410313,37.15634621253145]]],[[[126.64810808368084,37.14755609175296],[126.64797076468264,37.14732028343795],[126.64795920506965,37.147160592230016],[126.64805875315756,37.14704459982007],[126.64817794871024,37.14724431209478],[126.64816563429108,37.14758554738478],[126.64810808368084,37.14755609175296]]],[[[126.61117066525378,37.110079688018835],[126.61111270235364,37.11003585020316],[126.61112017189487,37.10984750068642],[126.61131993263247,37.10976706341636],[126.61141068320819,37.10986281954116],[126.61139469531386,37.109996798556125],[126.61122556654561,37.11010408903047],[126.61117066525378,37.110079688018835]]],[[[126.64313958080417,37.14320296915681],[126.64305476750984,37.14302475560335],[126.64309278085368,37.142833118366],[126.64316948025001,37.142829682978096],[126.64329893996734,37.1430111309852],[126.64323505098137,37.14320748365987],[126.64313958080417,37.14320296915681]]],[[[126.65485480668868,37.16736794926515],[126.65475155493263,37.16718938439884],[126.65477439113666,37.16710742004531],[126.655184698047,37.167501025013316],[126.65503445135339,37.16752195865298],[126.65485480668868,37.16736794926515]]],[[[126.66828648865699,37.125529041759286],[126.66813716464476,37.12550046410727],[126.66814832274252,37.12528086404133],[126.66830027544269,37.12539251705759],[126.6683299843808,37.12555394292914],[126.66828648865699,37.125529041759286]]],[[[126.67154905415762,37.123558951067075],[126.67140852579526,37.1235292756936],[126.67138687107351,37.12341376355294],[126.67154405244901,37.12341504808362],[126.67163349470096,37.12350680785465],[126.67161706103458,37.123567583169965],[126.67154905415762,37.123558951067075]]],[[[126.64960182598024,37.187579428451],[126.64973498641314,37.18766731504185],[126.64964519415366,37.187723093246824],[126.64886334254645,37.18690766849501],[126.64895268602803,37.186851439017666],[126.64905534794201,37.18695851793164],[126.64902360970609,37.186978336552414],[126.64960182598024,37.187579428451]]],[[[126.61251279306886,37.11740604950896],[126.6125578568598,37.117702823571555],[126.61337802286931,37.11796140985343],[126.6139039491415,37.118650488520416],[126.61415000111302,37.118584831048906],[126.61457133584565,37.118638089332926],[126.6141530538346,37.11861727888019],[126.61392839615111,37.11867981657081],[126.61401613018894,37.11894849955973],[126.61431995807382,37.11923481909084],[126.6142897966934,37.11931116580473],[126.61355692034452,37.11948405165958],[126.6127464711357,37.1193463295018],[126.61211917839677,37.11897231701877],[126.61181604831482,37.118578012135],[126.61181686869584,37.117869067427876],[126.61251279306886,37.11740604950896]]],[[[126.67360271827052,37.115932930826105],[126.67364095095564,37.11578608928293],[126.67375597013529,37.115805329395464],[126.67340633733059,37.116990599463534],[126.67344546485108,37.11699710520754],[126.67341091507365,37.117129194153506],[126.67329623113967,37.11711004473989],[126.67360271827052,37.115932930826105]]],[[[126.67516322450138,37.11599836910053],[126.67652875615845,37.11601194105104],[126.67652168757601,37.11619159178302],[126.67516268079991,37.11617749707106],[126.67516322450138,37.11599836910053]]]]}},{"type":"Feature","id":"41591320","properties":{"code":"41591320","name":"송산면","district":"만세구","city":"화성시","province":"경기도","fullName":"경기도 화성시 만세구 송산면","source":"VWorld LT_C_ADEMD_INFO"},"geometry":{"type":"MultiPolygon","coordinates":[[[[126.66984491610219,37.27413285109663],[126.67030269756947,37.27425730338038],[126.67102213253823,37.27433941538899],[126.67226800610123,37.27483403781521],[126.67332357675807,37.27439762672245],[126.67352282755333,37.27435622696241],[126.67408699133374,37.27438284620105],[126.67465143487155,37.2745482761206],[126.67507575924425,37.27456380927056],[126.67608112196558,37.27519166622618],[126.67668521845415,37.275149967692975],[126.67761634889611,37.27558979734195],[126.67892091876107,37.275465809535454],[126.68007583728235,37.276854283428946],[126.68113997551832,37.27780324851635],[126.68112262332725,37.277906819902384],[126.68148671449087,37.27846502806982],[126.68200964249952,37.27871056530416],[126.68234673506663,37.27932304796638],[126.68230350118917,37.279921836262595],[126.68146761545334,37.281143852182694],[126.68118612020437,37.28142353597734],[126.68063624730263,37.28166982967009],[126.68043424377434,37.28189904422742],[126.67977132438278,37.282210910406555],[126.67950357160318,37.28252864186326],[126.67880466113537,37.28227247751746],[126.67789421919305,37.2820838757513],[126.67733490387889,37.281814857155105],[126.67578548651788,37.281409925799146],[126.67519072877131,37.280990156596246],[126.67390619887325,37.28024719783996],[126.67287046897306,37.27941654315421],[126.67197412190755,37.27895984292146],[126.67205364458783,37.27838394647694],[126.6711473030397,37.27745741567341],[126.66945434123386,37.27606067963695],[126.66902010350566,37.27624660462341],[126.6687026248151,37.27600865182447],[126.66835206691161,37.27588323372041],[126.66810020865678,37.2755185089408],[126.66771466829468,37.27524729400927],[126.66784058312703,37.27497265484993],[126.66802335116904,37.27510066545447],[126.66815810929394,37.274891375476706],[126.66850999904736,37.27527647452531],[126.66940594493784,37.2746290788204],[126.6694564561571,37.27416717266191],[126.66984491610219,37.27413285109663]]],[[[126.74060394425054,37.28210945003708],[126.74123374371537,37.282386776750094],[126.74145374619775,37.28307063717428],[126.74216793374697,37.28330309276376],[126.74325041082518,37.28326857109848],[126.74387919563678,37.28353828582116],[126.74582344089302,37.28313619080695],[126.746186880448,37.28361902608727],[126.74593002800631,37.284339016143306],[126.74528252459014,37.28438773167792],[126.74508015227178,37.284727999739474],[126.7452184208582,37.284792497518616],[126.74527510795589,37.284912285947414],[126.74508507227031,37.28561439801472],[126.74534371216463,37.28561833684608],[126.74552775891136,37.28600786247888],[126.74512650722863,37.28617818967162],[126.74502534268696,37.28665354272172],[126.7453848065843,37.28742780040937],[126.74519358694462,37.28748989991223],[126.7444771991035,37.28752860454063],[126.74393555474835,37.28721769849897],[126.74290384472158,37.28733512377493],[126.7418100906312,37.287303445846696],[126.74088313685927,37.288667305251984],[126.73944183422132,37.28905917014804],[126.73923750041992,37.28873491492711],[126.73847221052556,37.2885924311302],[126.73767122690225,37.28822516429542],[126.7374023333506,37.28832930925782],[126.73698622671768,37.28795051572536],[126.73660240283395,37.28741297762086],[126.73631528338028,37.286685880202334],[126.73664169222197,37.28656018762064],[126.73657359582118,37.286481753838146],[126.73659497122925,37.28636748812838],[126.73667136864017,37.28633612305792],[126.736667782094,37.28620433954083],[126.73659454408062,37.28613547220142],[126.73645367232669,37.28616190841366],[126.73639740485615,37.28607731094131],[126.73645696056862,37.28602816702636],[126.73515495124775,37.28555051041146],[126.7354626030821,37.285296949844046],[126.73527055658651,37.28409167080575],[126.73644350801594,37.28378372718761],[126.73776089503595,37.283890855670336],[126.73818772217464,37.283763688494666],[126.73860545510726,37.28371871851552],[126.73884083316071,37.28362294800366],[126.73897731674691,37.2836440825643],[126.73925697180815,37.28348139083471],[126.73953545744091,37.2831449683455],[126.7399245633322,37.28230927685173],[126.74023867683825,37.28221676801317],[126.74060394425054,37.28210945003708]]],[[[126.65302899864344,37.23989657174374],[126.65310462398658,37.23995676708377],[126.65276340992524,37.2403646070204],[126.652577371359,37.2408035924611],[126.65261328212814,37.24168530593702],[126.6527570564258,37.242509328413185],[126.65318763994325,37.24387988753178],[126.65320682690322,37.24430258276086],[126.65328543340279,37.24428901910457],[126.65343622577817,37.24466058008649],[126.65345172457714,37.24473861909625],[126.65330932139567,37.244723838001995],[126.65339533340199,37.24482292522991],[126.65334084598366,37.24483881245364],[126.6534143878501,37.245005161189056],[126.65342639934627,37.24530479009778],[126.65347764371622,37.24530549935089],[126.65348617182201,37.245595549027705],[126.65386209751937,37.24645122019361],[126.65404331510075,37.24664153667197],[126.65432817348194,37.24677442756787],[126.6546615734843,37.246730920533885],[126.65491583541376,37.247084752841005],[126.65483922895207,37.24719997797948],[126.65482299645016,37.247360422475005],[126.65515878670277,37.24779502721553],[126.65490266440315,37.247959842659014],[126.65492885076561,37.24824205975876],[126.6544888641422,37.24860033742394],[126.65432734914205,37.24883610581236],[126.65363833313285,37.24850463909955],[126.65312684356226,37.24848145658272],[126.65298306154473,37.248382766851925],[126.65286162380607,37.248442102808575],[126.6524609087648,37.24845527580847],[126.6518430172172,37.248742630398446],[126.65151030474675,37.24912993856137],[126.6517760247146,37.249976000401446],[126.65141475890864,37.25082557068012],[126.65055145275747,37.250631545802115],[126.65006716872325,37.25013059511591],[126.65039558868823,37.24881015090557],[126.65059039483388,37.248424689860016],[126.65020495124162,37.24787954844355],[126.65018460579967,37.247520480529445],[126.64998816896082,37.24708261727385],[126.64983569369086,37.24646946209385],[126.65004497449459,37.24580839168821],[126.65030742116399,37.24545692037566],[126.65028732532737,37.24500521783609],[126.64998487334461,37.24456957183766],[126.64999114037505,37.24450877068609],[126.65009719411323,37.244081941527874],[126.65029709599727,37.24396342693115],[126.65050380098073,37.243250250007435],[126.65065589624967,37.24310878791554],[126.65077173463969,37.24224245376171],[126.65156404844258,37.24143132628497],[126.65152406946397,37.24097393341559],[126.65172562185207,37.24068619800094],[126.6519327110092,37.24068540385446],[126.6520778798407,37.24044114746595],[126.65267761877922,37.24014304235288],[126.65302899864344,37.23989657174374]]],[[[126.66190433429374,37.24527061352356],[126.66178918531136,37.245566200696],[126.66176950453185,37.246164259282295],[126.66148284956407,37.29078458835209],[126.6615574037601,37.29090761241683],[126.66155279268935,37.29250899354696],[126.64982559667592,37.292941283371405],[126.64859757266562,37.292890865184994],[126.64778695602087,37.29274049712356],[126.63987754551468,37.29071613938089],[126.63374007723048,37.28931820956759],[126.63262305703925,37.28890512737839],[126.63177967648498,37.28841359934836],[126.63094736953813,37.28768981538629],[126.6303214138723,37.28683458228392],[126.63075784312625,37.286670431428846],[126.63116504372921,37.287269717303026],[126.63166040372377,37.287783589608765],[126.6318834416281,37.288179746688854],[126.63261196048943,37.288637127614585],[126.6334642289276,37.28899568588906],[126.63950085340284,37.290415667096205],[126.64014730656733,37.29050278930936],[126.64018078373537,37.29055343906787],[126.6406440686537,37.29069306974398],[126.64838391970584,37.29263667928187],[126.64897555098706,37.292708542617106],[126.64980575104252,37.29272254539372],[126.66124445643501,37.29228456296022],[126.6612844693133,37.2922144880182],[126.66133960574886,37.290789132437624],[126.66137506262069,37.28677029381364],[126.66130853327705,37.28636860488396],[126.66138194118814,37.286018676609615],[126.66148713110104,37.26877599311437],[126.66140491615215,37.26845598142164],[126.66149013217019,37.268008234029104],[126.66160859924628,37.25087789454625],[126.66157923646828,37.25048910472907],[126.66153260096186,37.250432656298],[126.66161385300093,37.24998426529912],[126.66164538102338,37.24582758336602],[126.66170506935775,37.24527060055983],[126.66190433429374,37.24527061352356]]],[[[126.76665730598411,37.259317211630794],[126.766226205009,37.260254845382114],[126.76578016026536,37.26196901224145],[126.7642172218401,37.26090689682542],[126.7637870659584,37.26119408535098],[126.76329007829578,37.26088758213281],[126.76294942695729,37.26116762224932],[126.76300958411126,37.260690754381415],[126.76446057592993,37.2599739676373],[126.76502718944194,37.25987120244894],[126.7654577890683,37.259437880582794],[126.76600628041952,37.25938265815176],[126.76665730598411,37.259317211630794]]],[[[126.67696405072142,37.25710167128018],[126.67743118989173,37.25721502110478],[126.67790753867213,37.25715212533505],[126.67870930193376,37.25731565258104],[126.6787293228424,37.25749506661976],[126.6785666230682,37.2576492130753],[126.67857559449419,37.25781592848192],[126.67849283252072,37.257892290465186],[126.67832138649669,37.25828067202793],[126.67786381763005,37.258479054886465],[126.67721167212179,37.25891342409046],[126.67704508059981,37.25857790097249],[126.6767799525997,37.25846397752413],[126.67658862041333,37.25823087828003],[126.6764685217044,37.25818380312128],[126.6765077274313,37.25791360113685],[126.67634564366986,37.257676635238035],[126.67679047944956,37.25749005385137],[126.6768455342638,37.25734294012998],[126.67667759092612,37.257239419477365],[126.67696405072142,37.25710167128018]]],[[[126.6633054800747,37.20390276234643],[126.66299399304458,37.20438735302061],[126.66309277524816,37.20469191639442],[126.66352895783203,37.204890218982705],[126.66333729547584,37.2051793563247],[126.66257515567236,37.20532413791435],[126.66250820781225,37.205508389186846],[126.6622895094117,37.20559507391904],[126.66147732753092,37.20511663619183],[126.66126575061253,37.2050723283063],[126.66110062525485,37.20479316236188],[126.66228745044752,37.20411700237392],[126.6633054800747,37.20390276234643]]],[[[126.64763589483606,37.29816198490153],[126.64790656168007,37.298392275905215],[126.64814264563363,37.29832935056653],[126.64836586286587,37.29837928481669],[126.64790964790556,37.29874734307],[126.64787549396796,37.29919353674621],[126.64756652205483,37.299163041574175],[126.64723232029785,37.2989545266551],[126.64700710503648,37.298726911161474],[126.64721874859339,37.298315605205445],[126.64741941552006,37.298176267473515],[126.64763589483606,37.29816198490153]]],[[[126.75777476169345,37.25799135628763],[126.75851550022229,37.25812606050974],[126.75875566396607,37.25831886975758],[126.75844876786269,37.25861332871456],[126.75776520888552,37.25860516582931],[126.75739755825575,37.25824314801012],[126.75777476169345,37.25799135628763]]],[[[126.75611025964429,37.257677061727094],[126.75674284406361,37.25781155284213],[126.75699922740573,37.258160106817456],[126.75622905774857,37.25830380562412],[126.75589175130332,37.25809080486942],[126.75611025964429,37.257677061727094]]],[[[126.64773501114838,37.25526319182413],[126.64782794232613,37.25535160835514],[126.64795261307154,37.25603647638096],[126.64785269902676,37.25631071331693],[126.64763100501172,37.25633764957124],[126.6474819189754,37.256091672826315],[126.64747866025303,37.25561974778255],[126.64767811489617,37.25526443644315],[126.64773501114838,37.25526319182413]]],[[[126.758108818255,37.259107351920456],[126.75844097667066,37.25966639571758],[126.75869968192636,37.259678757078426],[126.75870568385577,37.25989501742263],[126.75806536975232,37.25996662331171],[126.75775291182848,37.2597452272914],[126.75804434448864,37.25965882309017],[126.75785553460054,37.259162307634625],[126.758108818255,37.259107351920456]]],[[[126.76198951399209,37.269601602901346],[126.76212987114994,37.26989612778329],[126.7619956228105,37.270178834378285],[126.76147738340427,37.27033546543465],[126.76127388447973,37.27028803684471],[126.7612419458573,37.270138454794505],[126.76189753911694,37.26960845385707],[126.76198951399209,37.269601602901346]]],[[[126.7053919314788,37.26414312850566],[126.7057608347951,37.264356072317405],[126.70572801238458,37.26455055911348],[126.70545497524371,37.26473290328105],[126.70510004058865,37.2644619850787],[126.70487661412668,37.264613474631055],[126.70468331465278,37.26463156946994],[126.70456727690767,37.26443897132447],[126.70465608893058,37.26429840782319],[126.70491592329745,37.26433791147405],[126.70527826331082,37.264246183501854],[126.7053919314788,37.26414312850566]]],[[[126.72547351088419,37.25859257796797],[126.72582314274548,37.25830196238968],[126.72581998407857,37.2585871860582],[126.72552191432236,37.25869799452543],[126.72547351088419,37.25859257796797]]],[[[126.64350957529865,37.30276507528072],[126.64376048861293,37.303035014974334],[126.64376428281312,37.303238883185365],[126.64369981656432,37.30326853924602],[126.64347137404565,37.30309074308247],[126.64321198668796,37.30304518623802],[126.64327994843246,37.302873071060496],[126.64343114535163,37.30276625263317],[126.64350957529865,37.30276507528072]]],[[[126.65316199943751,37.295376476542415],[126.65347571478492,37.295481017338375],[126.65354967792283,37.295644825015266],[126.65308569453394,37.29564486573253],[126.65293732532051,37.29556530983253],[126.65305611397974,37.29544880556924],[126.65316199943751,37.295376476542415]]],[[[126.67026158874815,37.1985194075832],[126.67045443535677,37.19852951565744],[126.67051789275612,37.19866935430234],[126.67028450896896,37.19883426833037],[126.67004665349863,37.19877222421383],[126.67006079244624,37.19855769889565],[126.67026158874815,37.1985194075832]]],[[[126.65836824436349,37.20258604863047],[126.65809867653908,37.20228562668671],[126.6581321488517,37.202209648893565],[126.65823822093108,37.20216061532711],[126.65843489401804,37.20222541115553],[126.65839642075761,37.202545259061125],[126.65836824436349,37.20258604863047]]],[[[126.72171249098449,37.27344908136103],[126.7218294574669,37.27350060835701],[126.7218516706119,37.27359161086448],[126.72177824394107,37.27381837998234],[126.72169084533203,37.27382324624923],[126.72159138152462,37.27361520643021],[126.72158229926389,37.27349805097161],[126.72166560806086,37.273455728282386],[126.72171249098449,37.27344908136103]]],[[[126.72659086900684,37.27677489671591],[126.72673658620609,37.27691602098648],[126.72669542671122,37.276994765595354],[126.72642486376147,37.27703158404145],[126.72634755513216,37.27697396370542],[126.72640578676511,37.27689807911504],[126.72659086900684,37.27677489671591]]],[[[126.76816176232101,37.26631727641045],[126.76825956097206,37.26636167377788],[126.76810280229262,37.26647005642388],[126.76792382348636,37.26647223536139],[126.7679884933213,37.26635438171452],[126.76816176232101,37.26631727641045]]],[[[126.66021601846414,37.20465217248901],[126.66008524450633,37.20461787153052],[126.66009319906658,37.204499939339115],[126.66030977341111,37.204484578836336],[126.66034452716487,37.20456160068953],[126.6602891070982,37.20461126857927],[126.66021601846414,37.20465217248901]]],[[[126.66146735929632,37.23858978663448],[126.66158968334689,37.23848113062402],[126.661516630234,37.23844172591894],[126.66190336587488,37.23817886841871],[126.66185398322544,37.23814103652132],[126.66206744198365,37.237957197704965],[126.66280374637223,37.23764054670452],[126.662852478537,37.23771549898193],[126.6631101726923,37.23763615160867],[126.66314474635608,37.2376944121874],[126.66349575745141,37.23761376274672],[126.66396913678747,37.23739806257978],[126.66474196029374,37.236821131481086],[126.66462821803032,37.23634252961454],[126.66490066071448,37.23471108808135],[126.66540190834414,37.23376180218539],[126.66508378055313,37.233763115499194],[126.66474111617971,37.23351958290441],[126.6647655584514,37.23324084499306],[126.66493097302823,37.233007820843525],[126.66582915419838,37.232934133294606],[126.6663056470746,37.23272482070805],[126.66687128443868,37.23202845996708],[126.66707479383159,37.23097788639597],[126.66689779865528,37.23029455440997],[126.66749833191153,37.229557508022395],[126.66832512570195,37.229589832235106],[126.66895494054138,37.22971926108038],[126.66931491118787,37.22998298635117],[126.66942772787982,37.23021733783448],[126.6694490300783,37.230313871491866],[126.66940475865434,37.23035705115712],[126.66957397133862,37.23046365854255],[126.66998785507101,37.23022825974023],[126.670905220832,37.22997939882119],[126.67150819874385,37.23036817451635],[126.67158847215866,37.23035072883047],[126.67333732014431,37.229505766087506],[126.67323921456848,37.22949103258793],[126.67310033136879,37.22921592161071],[126.67312952545343,37.22871742309283],[126.67329345715339,37.2282801179338],[126.67332295292255,37.22804445247772],[126.67361363691248,37.22791143561378],[126.67588534985646,37.22560689488111],[126.67648254039837,37.22495278742921],[126.67743042602375,37.223726360988174],[126.67678292733089,37.22263125090615],[126.67615476399529,37.222030805776214],[126.67636713999619,37.22187838375267],[126.67615404565187,37.22139269802191],[126.67542698113407,37.22098934052843],[126.67400273183853,37.22123308838482],[126.67241157573532,37.22035857331114],[126.67208654092632,37.22084708641559],[126.67158105228748,37.22077588516137],[126.671459661445,37.220597483935165],[126.67180125761212,37.22035839883054],[126.6719163351869,37.219944728317095],[126.67196674938937,37.21991740495398],[126.6711488650326,37.21875459906001],[126.67010205693947,37.217741548358006],[126.66965158429737,37.217417949850095],[126.66935102620758,37.217315524412435],[126.66881670127377,37.21733617243235],[126.66808145096414,37.2180041620158],[126.66704730935649,37.21791573808574],[126.66680843774499,37.217139918447714],[126.66627895644365,37.216756047684314],[126.66665508978075,37.2163904971635],[126.6666311473125,37.2159447489757],[126.66754930612701,37.21509825664322],[126.66784717762773,37.21509698760723],[126.66746313293226,37.21422646624724],[126.6672202458573,37.21317243096544],[126.6666947330682,37.2131531693343],[126.66596110860083,37.21262963545945],[126.66565894737619,37.21211397071192],[126.66563248770831,37.211678549793106],[126.66633167692176,37.21099383039496],[126.66622192109996,37.209768079685965],[126.66649867865937,37.20959702549108],[126.66641773236901,37.20897644907984],[126.66657545986487,37.20849404618889],[126.66714631264351,37.20778133275402],[126.66756244150412,37.207577429932826],[126.66791765298947,37.20751804304276],[126.66773601445945,37.207392971722264],[126.66818932875861,37.207339410775496],[126.66857993880049,37.20683766599097],[126.66868537465517,37.20635369847873],[126.66910282946849,37.20592434473659],[126.66912682214908,37.205726850067485],[126.66977754893409,37.204543968684696],[126.66973828031983,37.20393922479982],[126.67003317319632,37.2033520044268],[126.67031710444572,37.20327196619186],[126.67107586925951,37.202730478309086],[126.67123779085453,37.20232525441729],[126.67124273566832,37.20178751826293],[126.67151490747624,37.20157896497384],[126.67192522599015,37.201493607268105],[126.67214739032083,37.20083725838921],[126.67271336901103,37.20015546318189],[126.67361853474569,37.19975798173191],[126.67408157785357,37.19971188560782],[126.67447959634075,37.19983239086581],[126.67468534122838,37.20010443320065],[126.67523642735665,37.20023829701189],[126.67564959407451,37.20047821894844],[126.67578323100962,37.20060644412125],[126.6757338743853,37.20066620960288],[126.67649979705146,37.2009806770185],[126.67662136037264,37.200919856805434],[126.67674025685126,37.20099507729721],[126.67686659809385,37.201215205415416],[126.67685476566487,37.201318981889415],[126.6766903113833,37.20157094865028],[126.67662730032825,37.20194929402527],[126.67667931691201,37.20226509819409],[126.67690617689931,37.202768014021125],[126.67724930419293,37.203064494928675],[126.6775801980396,37.20349610645144],[126.67818154126948,37.20357471601083],[126.6784034718671,37.203667570001194],[126.67875319070738,37.204045320320894],[126.67879297377713,37.20429478258803],[126.67860158567308,37.20475566577065],[126.6786698489371,37.20495939679068],[126.67847516221278,37.20502805696741],[126.67847527947687,37.20507455095898],[126.67873601340283,37.2049921046258],[126.67874931279698,37.20493752881481],[126.67892331639834,37.20505697608814],[126.67894633864285,37.20519261828565],[126.67876718440024,37.205928235050685],[126.67880703684246,37.206555863894714],[126.67872481502674,37.20670649199939],[126.67900599714035,37.20737131515849],[126.67950983538157,37.20749609210226],[126.6809548631695,37.208189828995565],[126.68408354358901,37.20945044641231],[126.68442675107156,37.20914393081265],[126.68451308091556,37.20924261845526],[126.68499199421144,37.208483880998735],[126.68507468393425,37.20843182357216],[126.68836209741622,37.20766024940196],[126.68900065252927,37.2092705260542],[126.6889780531864,37.20941285774638],[126.68887684523128,37.20948940433493],[126.68909740079116,37.21026206004395],[126.68940158122724,37.210745692905405],[126.69045418108307,37.213743912664874],[126.69073822855356,37.21367553947427],[126.6909694794788,37.21369331972541],[126.69108601154892,37.21378204412382],[126.69105596534665,37.214111979961466],[126.69141683245923,37.214132702965806],[126.6914715708257,37.21441984520099],[126.69101051405606,37.21505050919657],[126.69093213561852,37.21536379318007],[126.6911554741304,37.21551022968816],[126.69166234819077,37.21445343051451],[126.69178838225169,37.21435682632884],[126.69248682108176,37.21427123158633],[126.69903115041582,37.21408541611101],[126.6990450363515,37.21395685524324],[126.69915441279312,37.21384237810165],[126.69781468072716,37.21262350298029],[126.69696733035437,37.21150056962307],[126.69652791281295,37.21101390494244],[126.69457575034588,37.209467147999234],[126.69471230766908,37.208663152402686],[126.69401229025972,37.206854959286474],[126.6942801217147,37.20688089230976],[126.69430941876901,37.20664818453158],[126.69436996929436,37.20656438259586],[126.69422478325902,37.20632920400376],[126.69414570957008,37.205930576849504],[126.69477450064295,37.2052538852858],[126.69470744198438,37.20504791398725],[126.69438059385807,37.20468185733718],[126.69369979160852,37.20433021636742],[126.69321125518773,37.20421199998546],[126.6936576273414,37.20327648387423],[126.69380037073658,37.2030931324912],[126.6949216805034,37.203007521325425],[126.69530251154498,37.202903030401394],[126.69617809497288,37.203125432532694],[126.69611576825234,37.20337169754548],[126.69684740600934,37.20394287688197],[126.69745472883363,37.20402789152116],[126.69780946780432,37.203845962229856],[126.697765031889,37.20363731142614],[126.69768729315628,37.20358739265664],[126.69862329396591,37.20316083081604],[126.69855288071633,37.20293241710852],[126.69873275696051,37.20288272501076],[126.69878005893321,37.202537864327],[126.69946261245076,37.20251126872643],[126.69965676526465,37.20253354172261],[126.6996533198715,37.202569944012225],[126.69989579558556,37.20253023097016],[126.70027629848893,37.20235859563599],[126.70043221870067,37.20240393590996],[126.70066034198031,37.20233320703271],[126.70103013499661,37.20210344293758],[126.7013568861784,37.20175964999952],[126.70179650987717,37.20141076251433],[126.70184319663595,37.20132035299664],[126.70171658584977,37.20126676312219],[126.7016529094756,37.20116433378991],[126.70169901799287,37.20092107922349],[126.70167251766844,37.200621028462685],[126.70158811371674,37.200399627182954],[126.70130778717431,37.200080993746134],[126.70118744170819,37.19963213227675],[126.70134499556703,37.19925220191491],[126.70132598324355,37.19858626596359],[126.70106920290743,37.19779076112382],[126.70081120400924,37.197349298923704],[126.70071343725829,37.19694029310232],[126.70113380368086,37.196510337156425],[126.70162198546203,37.196384193504464],[126.70256647514933,37.19631886705239],[126.70289991470412,37.19611044989075],[126.70289269087458,37.19603711388882],[126.70313013239776,37.19561085239391],[126.70352001477437,37.19545787254414],[126.70365462333132,37.195265387984065],[126.70373320586208,37.194666203172694],[126.70372448261925,37.19360644724949],[126.70428575466785,37.19344443449054],[126.70474906949843,37.192753162631895],[126.70529374114645,37.192355165448376],[126.70552924756184,37.19228263437143],[126.70561768688837,37.19191790591355],[126.70582231144493,37.19170039141458],[126.70665866251852,37.19138305592816],[126.70702411431127,37.191318855427845],[126.70701500306483,37.191681331346054],[126.70717121700176,37.19223835673421],[126.70761254406592,37.193015475300335],[126.70826332667231,37.19318977259448],[126.70845556365104,37.193451658714395],[126.70938921286262,37.194107715753105],[126.70989861806515,37.1942775826929],[126.71013777410391,37.19466262788083],[126.71028678712544,37.19478826617509],[126.71015358061217,37.195435355672835],[126.71022019044332,37.195503052578054],[126.71094572754883,37.195458142097245],[126.7112411577832,37.195588859626],[126.71177739931211,37.19603467436276],[126.71246877758655,37.196400816626195],[126.71324056238994,37.19785679878096],[126.71374056254106,37.19780407789545],[126.7142961635888,37.1975658209617],[126.71605341713318,37.19628774052994],[126.71666165689084,37.19607620700154],[126.71654628073422,37.195403409499235],[126.716851231377,37.194740804035256],[126.71812434131134,37.19444771922034],[126.71928948276158,37.19398879695908],[126.7194420778035,37.19365782887519],[126.7212255395857,37.19457147473756],[126.72118325289458,37.19474037426673],[126.7212361946483,37.19515040184479],[126.72120025262267,37.19536093552935],[126.72229443877075,37.1957320455828],[126.72399270860966,37.19657788865435],[126.72452232409226,37.19664312904242],[126.72495822473358,37.19620917804122],[126.72509546914978,37.19600208732148],[126.72541349091279,37.19607591240075],[126.72738660223877,37.196568615727315],[126.72844140810675,37.19747304009509],[126.72887892803656,37.19772720455425],[126.72839408066275,37.198335489852376],[126.72830496075898,37.19872354349299],[126.72832985038693,37.19931213461469],[126.72811926587968,37.19971396417304],[126.72787872375413,37.19997349465564],[126.72793446668544,37.2007170100528],[126.72867622800727,37.202087313002274],[126.72873403557251,37.20229406398956],[126.72906606706839,37.20238332831631],[126.72927382682893,37.20227945626254],[126.72958003667796,37.20224750574334],[126.7298834700879,37.202336458855925],[126.73047197867284,37.202668615130655],[126.7306447246251,37.202622381298475],[126.73245193842938,37.202942900140805],[126.73273418320919,37.203198886994485],[126.73344913550672,37.203504563331954],[126.73381567281453,37.203510005442695],[126.73381973167366,37.203056015766194],[126.7339546470765,37.20276825749627],[126.73506181577763,37.202766058285334],[126.73594318480592,37.20293595536494],[126.73587557294113,37.20260253546723],[126.73647161997397,37.20318048306067],[126.73674227965634,37.203271192423834],[126.73771405977945,37.2045015520541],[126.73816732073152,37.2044800253997],[126.73853731601228,37.204909112303454],[126.73893135404214,37.20514644662357],[126.73942738228672,37.20527717782223],[126.73972718041128,37.20529378909724],[126.73994608099234,37.20522718104992],[126.74049622813995,37.20531840845561],[126.74057629210884,37.205267703013234],[126.74089489851988,37.205396874817815],[126.74158148187857,37.205473079539246],[126.74224165318465,37.205844971319515],[126.74265883739096,37.205890115708115],[126.7437717255504,37.2062798727723],[126.74468645647597,37.20584067337238],[126.74532356888592,37.20534140711422],[126.74588524547897,37.20524610080808],[126.74671102102448,37.205355364967325],[126.74724330232621,37.20551647048493],[126.7474724177768,37.20604367484621],[126.74763535865615,37.206263752110075],[126.74815629753517,37.20622138305355],[126.74820114979826,37.2061215804938],[126.7483973335176,37.20607579439888],[126.7485604381451,37.206169995247],[126.74883385141857,37.206155261003744],[126.74929682169117,37.20661003005261],[126.74942268929155,37.20657813978112],[126.74948683810752,37.20662703161765],[126.74960228421926,37.20682264996908],[126.74986503605749,37.20866251297269],[126.74992762175965,37.20870779707165],[126.75026820816272,37.208672388121805],[126.75031631285867,37.20876009836235],[126.75030144238958,37.209212227277305],[126.75040903703834,37.20937891370983],[126.75042210540211,37.20955895138641],[126.75046094381307,37.21100902477016],[126.75089713946943,37.211382537727474],[126.75258853964625,37.21139581708245],[126.7531549377822,37.21086419340051],[126.75389316014721,37.21068771109436],[126.75462577861728,37.210290376367304],[126.75436010915722,37.209795168906695],[126.75440708112014,37.20835928659497],[126.7545077065206,37.20815040980823],[126.75438158917694,37.208103274618985],[126.75438392872393,37.208031826922635],[126.7550115284057,37.207392034493544],[126.75546638580471,37.20707692173425],[126.75577323025888,37.206612125608935],[126.7560897880133,37.20631223037734],[126.75652410411524,37.206075587698365],[126.7577659991427,37.20582250577952],[126.75790207399417,37.20601650963538],[126.75829546726624,37.20628945052348],[126.75836221169055,37.20643691685056],[126.75864022036899,37.20674203017296],[126.75922012432343,37.20716258037283],[126.76041742862844,37.20785910432613],[126.7607401230718,37.20824035149496],[126.7608527617995,37.20855661162306],[126.76069471862591,37.20906117094887],[126.76058587003152,37.2091721020856],[126.76059853198922,37.20994474364024],[126.76065900607665,37.21006129914166],[126.7607770063029,37.21011967416279],[126.76111909621082,37.21016118599433],[126.76134334377586,37.210407237604656],[126.76115403670723,37.21034033881213],[126.76102441479124,37.21039402107807],[126.76111452395332,37.2105229537272],[126.76118733066009,37.21048813204475],[126.76134136588131,37.21077540798378],[126.76083185897177,37.21114798157691],[126.76076425447825,37.2110450354328],[126.76033482888595,37.21224283467195],[126.76029267276397,37.212253345079326],[126.760344025758,37.212429188628256],[126.76062224307523,37.21241225648603],[126.76057420623928,37.21205423835916],[126.76064783903745,37.21169271029557],[126.76082609510712,37.211256644416835],[126.76133066246891,37.210964163387914],[126.76281881812837,37.21080424495605],[126.76364955174739,37.21083618184284],[126.76409311626297,37.21094212401022],[126.76814524917515,37.21045944164548],[126.76836891041182,37.210973367369235],[126.76872315960728,37.21113731464483],[126.77340694336868,37.21029895154789],[126.7735167731617,37.21101326521037],[126.77390163345216,37.21253797214028],[126.77320651048053,37.21292697446899],[126.77167228572078,37.21481577881091],[126.7716004887775,37.214967293628526],[126.77220372681379,37.216314085743115],[126.77284640142555,37.218032584655056],[126.77180887224928,37.21883809839876],[126.77165059457525,37.219043165409936],[126.77162495323286,37.21946213525527],[126.76869895316987,37.21947063901223],[126.76647822003807,37.219955734382154],[126.7657571880438,37.220334324034894],[126.76600441727933,37.22105972921786],[126.76648844064927,37.22095761163323],[126.76704201735738,37.22059963539815],[126.77091604027991,37.22015188191642],[126.77218069338652,37.22056264324118],[126.7801521558233,37.227273539599366],[126.78154807605573,37.23014986774523],[126.78126619871844,37.23247763574494],[126.78134492070693,37.23254021503322],[126.7813340498167,37.23259327497641],[126.78124263334834,37.23263340843123],[126.78117579218947,37.23304983397297],[126.78077316259427,37.23356555019497],[126.78081751009363,37.23363368822966],[126.78077811398965,37.23370322899985],[126.78065313138477,37.233722079986435],[126.78011265361492,37.23439134390581],[126.77641027697886,37.23648996364144],[126.7760631563955,37.245425001219175],[126.77599174931834,37.245866201679675],[126.77570489723864,37.24661415456913],[126.77520846316514,37.24728414518834],[126.77477833966431,37.24768312999263],[126.77441022860546,37.24792321738347],[126.77356889790141,37.24833168925561],[126.77258162702825,37.24860328510832],[126.771357088083,37.24864946832097],[126.77030544882255,37.2484628336527],[126.76906477036313,37.24796962886894],[126.76860221663696,37.2479659898966],[126.76794605996254,37.248247136136406],[126.76761029324236,37.24825448362606],[126.76722204112264,37.248107541156095],[126.767017144742,37.24787809239661],[126.76695925149319,37.24751241863815],[126.76756676385244,37.230971990502645],[126.76762118808637,37.230790484754834],[126.76725159781266,37.230737602253996],[126.76661837404916,37.23013853637974],[126.7649743365888,37.22831580696227],[126.76483058626332,37.22807143750081],[126.76522122873254,37.227352855334686],[126.7652199860232,37.22724553916119],[126.76471026607861,37.22720627212005],[126.7641035997663,37.22856804056528],[126.76438287000467,37.22884890401966],[126.76479650455005,37.22875863643057],[126.76519434478254,37.22900992852781],[126.765572320129,37.22950404556644],[126.76600477345545,37.230512176800936],[126.76646892602659,37.23094291198025],[126.7667838764839,37.23180983052315],[126.76637517113676,37.233933423558874],[126.76602286031532,37.23396878311286],[126.76577258881545,37.23567310212657],[126.76624512658168,37.236407035545355],[126.76650197465182,37.23738827033728],[126.76644220810891,37.23751672070296],[126.76504697044815,37.2381168630742],[126.76392338024539,37.237825696890965],[126.76376531770464,37.23767358200336],[126.76217465204664,37.2373361114996],[126.76189706972863,37.23745116227814],[126.76181514303062,37.237144211424024],[126.75856786450849,37.23448733820329],[126.75847635208935,37.234598545701125],[126.75843702444364,37.23479116083529],[126.7579260956349,37.23497287753073],[126.75786894424687,37.234887062320155],[126.75790144441203,37.23485203377117],[126.75739893825398,37.23507024851016],[126.75718348150347,37.23505684731607],[126.7570688568317,37.23516696082661],[126.75711677857686,37.23524214315459],[126.75860464988384,37.23493950011916],[126.7589661191613,37.23517502420174],[126.7605282848772,37.23644264754224],[126.76201128246448,37.237815709561595],[126.76201906775349,37.23862502759076],[126.7631744614824,37.238670500012425],[126.7631607788031,37.2395443069093],[126.76441087970808,37.23959590469152],[126.76461380504753,37.23942277110729],[126.7665942625608,37.23951591866889],[126.76640033273823,37.24392068272777],[126.76681101782022,37.24392420045232],[126.76688888357161,37.24404481425251],[126.76671436246137,37.244959605551024],[126.76656567469232,37.24499410866705],[126.76594387410863,37.244784022325675],[126.76340875218379,37.2447098519864],[126.76339736790364,37.24491437324825],[126.76455043384827,37.24495310593479],[126.76509895650928,37.24517197357567],[126.76500211481198,37.24745641019302],[126.76367684699837,37.249142503454244],[126.75772140201987,37.248911360226025],[126.75685599645426,37.25036227817275],[126.75768257309092,37.25110111060885],[126.75816936591622,37.25161009731846],[126.75825076512554,37.25179028228727],[126.75813369509424,37.252039961726105],[126.75772198814987,37.25249053319127],[126.75767265757052,37.25313581562792],[126.75727798419399,37.25385553246676],[126.75651038299524,37.25412481572769],[126.75626545704388,37.2543081737788],[126.75516931191959,37.25435599600655],[126.75330394537671,37.25404811880036],[126.75265645389034,37.25416321850934],[126.74940907134913,37.254379751837874],[126.74800421254747,37.25370463515707],[126.74754852830276,37.2535819920856],[126.74700727271005,37.25365272354859],[126.74677849991673,37.253789396072094],[126.74662221944313,37.25366077954323],[126.74666771677173,37.253522415540765],[126.74532815458788,37.255073412394715],[126.74189029252226,37.25340741851869],[126.74186963549033,37.253347030970225],[126.74166016345583,37.25345406486266],[126.74072972439154,37.25439960090924],[126.73882060980382,37.253342703071525],[126.73736217784239,37.251982978818525],[126.737337432575,37.25186465385753],[126.73631224772218,37.25095294839926],[126.73571892936177,37.249970184388104],[126.73588491161222,37.24972931382329],[126.73519920304325,37.24970218434597],[126.73490560758071,37.24929905859244],[126.73490438555424,37.24937078720816],[126.73426794536724,37.249414431398144],[126.73372315905327,37.2493666983063],[126.73173737803548,37.25185400167844],[126.73134806325342,37.251621341089205],[126.72935341026903,37.253998566828315],[126.72783755964615,37.2535614236232],[126.72779566253594,37.25332134542806],[126.72787628160853,37.25294344891309],[126.72780968270715,37.252857597659585],[126.72745903218173,37.252704079426955],[126.72758336711564,37.2527736746444],[126.72770045382424,37.25294002401633],[126.72749440338268,37.25322688710269],[126.72723244436283,37.25344801605497],[126.72698645757544,37.25382718673293],[126.72675946466369,37.25381128863393],[126.72654492405002,37.25369393558031],[126.72638906968945,37.25402806433913],[126.72622828415257,37.25405655077412],[126.72617212042059,37.254293824557045],[126.72601242283538,37.254561997192205],[126.72592011411113,37.254983403052655],[126.72608802412182,37.25578521799039],[126.72567545681282,37.2562190963843],[126.72580199419342,37.25646494069496],[126.72566391266577,37.25653480960369],[126.72551015931495,37.25652825221631],[126.72462412833225,37.256199378891495],[126.7241660845988,37.25630234926619],[126.72365837095555,37.256163607256454],[126.72323333938955,37.25634409529427],[126.72249952427653,37.256065643137106],[126.71987662759041,37.255359357937834],[126.71748306720264,37.255325078116805],[126.7161022441974,37.25478585037396],[126.7148436612653,37.255291380404564],[126.71366314843371,37.256121720032475],[126.71272590767752,37.25661092450188],[126.71257211741475,37.25688584195538],[126.71230705335036,37.25697564055861],[126.71205644870577,37.25692760685622],[126.71157453363676,37.25704758073144],[126.71021073218579,37.25772607213367],[126.71006099059355,37.2577517615292],[126.70973792660428,37.25819145380638],[126.7095689547145,37.258126117912035],[126.70936040002881,37.257884045655985],[126.70841048815747,37.2576186776625],[126.70822085490055,37.25770197713049],[126.70803469513487,37.257665627748366],[126.70785753926764,37.25769975215702],[126.70772652187476,37.2578441240173],[126.70728251121919,37.25789550671532],[126.70714096520771,37.2576947742388],[126.70688880599168,37.25762645250481],[126.70587576881101,37.257802494248836],[126.70519378997002,37.25773978966581],[126.70509524232233,37.25768885091163],[126.70508355962134,37.257548999406175],[126.70485180727725,37.25754070617124],[126.70480028045992,37.25767011854265],[126.70462383280633,37.257810651847066],[126.7042541150454,37.25792004672317],[126.7036752318503,37.25799846861841],[126.70365526485732,37.257827519529805],[126.70373186200679,37.25761550997426],[126.70366058472923,37.25748126604649],[126.70357493183876,37.257634145030835],[126.7035032908364,37.25815891538586],[126.70320039126536,37.25839470977024],[126.70243303504668,37.258638846053174],[126.70213928236205,37.25934497269932],[126.70227372890612,37.25993578608215],[126.70209567097594,37.260019240091424],[126.70190236606291,37.259836580413086],[126.70160387647452,37.25973331431563],[126.70108948853729,37.25978398188157],[126.70082991176209,37.259899655283455],[126.70037351961417,37.25969579922696],[126.69968884570073,37.25962737957591],[126.69921803252555,37.25977247914524],[126.69889445063933,37.26003347455229],[126.69867685330638,37.26051434873887],[126.69816958531018,37.26103099956526],[126.69759714094333,37.260804039367855],[126.69690101837797,37.260819388211566],[126.69658004148536,37.261063075099926],[126.6954753355939,37.261034284287014],[126.6933250748513,37.26073068180286],[126.69291760616923,37.26087072215639],[126.69241573313899,37.26087349477268],[126.69183174971747,37.26100519544447],[126.69174905348284,37.26142577904061],[126.69151948018153,37.261620458857216],[126.69053247797088,37.26175711616994],[126.6899522032661,37.261672921054355],[126.68979675294715,37.261778229973174],[126.68945098500203,37.26228351880745],[126.68892909648461,37.26225534551745],[126.68864545331235,37.26204242143802],[126.68779796378027,37.26224817319654],[126.68744043994624,37.26211118764119],[126.6873112181538,37.26142668243349],[126.68745018267686,37.26106519674595],[126.68744606657138,37.26082389851685],[126.68635415127979,37.25970200572937],[126.68620004023376,37.25922885097357],[126.6860106192853,37.25903009232414],[126.68563465131315,37.25872252279543],[126.68503710566898,37.25845149159018],[126.68426501752572,37.25788261318915],[126.68345086725081,37.25737926595847],[126.68352328897079,37.25735603362833],[126.68344012223815,37.25724040604186],[126.68261535425685,37.256961759999314],[126.6821781799442,37.25687294742021],[126.68195887262914,37.256745598556456],[126.68118407441324,37.2566639709712],[126.67717068146948,37.24626817170602],[126.67706878400148,37.24618887191559],[126.67687517331521,37.24616811311425],[126.6764303594069,37.24591123355775],[126.67586516668254,37.24538702699804],[126.67532198931107,37.2454050755296],[126.67487624428243,37.245152062003335],[126.67465191596118,37.24497405650082],[126.67437115019355,37.24463071712791],[126.67437943953118,37.24435303233019],[126.67422054389185,37.24394994820225],[126.67369820798935,37.243529946098285],[126.67333441162359,37.24357401725866],[126.67290982526747,37.24353951965969],[126.67229194937538,37.24385289522416],[126.67212637321626,37.243855984886224],[126.6719188992964,37.243508338323934],[126.67148408631893,37.24311836720737],[126.67113383638198,37.24295872751735],[126.67093054150021,37.24275254420467],[126.6705795530861,37.24266966892486],[126.67045803406263,37.242585334881085],[126.66980907075217,37.24249787567652],[126.668724973397,37.2421651368399],[126.66876164280299,37.242053187257696],[126.66869199460307,37.24205029745216],[126.66862502136665,37.24216696434831],[126.66768391378734,37.24261977001823],[126.66735942796602,37.242960229691],[126.66727803537452,37.24330700624106],[126.66734980584492,37.24360039623229],[126.66707055190676,37.244022922691826],[126.66679492946828,37.24423776140549],[126.66666339813315,37.24452670253098],[126.6666925593693,37.24506330554905],[126.66615423936236,37.24527225480744],[126.66580717360485,37.24510143562268],[126.66557640586366,37.24488853372144],[126.6649220428557,37.244793103325456],[126.66459778721168,37.24455537158239],[126.66359502206622,37.244424720892994],[126.66292972239566,37.244472800984006],[126.66287919559068,37.244863497906906],[126.66293048760541,37.24527678651299],[126.66270152241273,37.245581888404466],[126.66252749003979,37.24558476924568],[126.66232089865056,37.245260256131765],[126.66234401703996,37.244140499654115],[126.66246581609704,37.24391930223173],[126.66295022652686,37.24391274997358],[126.66356357608437,37.243816649586435],[126.66389163060907,37.24363839668483],[126.66410874967096,37.24333363705357],[126.66415763903873,37.243344075150006],[126.66442488880274,37.2427654802994],[126.66441889324051,37.242633831169435],[126.664864777598,37.24214489189686],[126.66472302512045,37.24199204289263],[126.66431249759873,37.24103586853227],[126.66377504464104,37.2404416276439],[126.66250743275245,37.23952152774633],[126.66250644322393,37.23946818367201],[126.66162188914808,37.23872022248536],[126.66146735929632,37.23858978663448]]]]}},{"type":"Feature","id":"41591360","properties":{"code":"41591360","name":"양감면","district":"만세구","city":"화성시","province":"경기도","fullName":"경기도 화성시 만세구 양감면","source":"VWorld LT_C_ADEMD_INFO"},"geometry":{"type":"MultiPolygon","coordinates":[[[[126.99920573592911,37.12303793097746],[126.99800335305397,37.12333979159534],[126.99704512244918,37.12341572751311],[126.9961848683094,37.12330481701843],[126.995633910487,37.12312242616154],[126.99557294099378,37.12301789154144],[126.994789781751,37.12268450384406],[126.99457499724102,37.12252582440227],[126.99398005000096,37.122248406817974],[126.99348808308247,37.12181382189444],[126.99318378036187,37.121446845507194],[126.99248987553112,37.12018739638812],[126.99243519272763,37.12007167846152],[126.99256670241446,37.11982715054551],[126.99247945232929,37.119744814341736],[126.9912083597439,37.119185839042814],[126.99081723486286,37.11906827953334],[126.99067452891505,37.11904917318091],[126.99031662163902,37.11923522629996],[126.98967765830906,37.1197197889075],[126.98914293484493,37.120015172989575],[126.98919439294538,37.12062693303823],[126.98895358358604,37.12097458064487],[126.98782294683332,37.12141084646953],[126.98679156248947,37.12151412826414],[126.98587719793862,37.121023782232925],[126.98546605160952,37.12054472541829],[126.9847484556948,37.11987725823271],[126.98431049414867,37.1196137174023],[126.98336913797165,37.11970307916878],[126.98229658793251,37.1196736439328],[126.98061511499229,37.11946783748017],[126.97949197958269,37.11975169256867],[126.97885525656811,37.1200240793639],[126.97857199503419,37.120064761709],[126.97668065403889,37.11994910858052],[126.97601297312528,37.11975999720875],[126.97597616641048,37.119361415651746],[126.97575805012771,37.119117317136734],[126.9749790392983,37.1185132838492],[126.97476988241627,37.11754079768145],[126.9739353923273,37.11724399647701],[126.97385744883158,37.1171284807721],[126.97353989397813,37.116910945068796],[126.97331700889187,37.11658041139125],[126.97330962582699,37.11634308005885],[126.97369114715897,37.11599539793259],[126.97377846544369,37.1152675889538],[126.97317365053419,37.1140180030096],[126.97306178580732,37.113249517845944],[126.97352149425427,37.1129753631364],[126.9736100437013,37.112781539347374],[126.97340658395393,37.11222265497375],[126.97320647835038,37.11184951517346],[126.97287949298516,37.11143249894853],[126.97238443520378,37.11104670736791],[126.97224922539479,37.11066115620077],[126.97176203926136,37.110104730444235],[126.9716853888644,37.10967374384635],[126.97163262640267,37.10972408172644],[126.97140227092363,37.10912661252348],[126.96998408988763,37.1092897051078],[126.97003675158871,37.10921288581407],[126.97002637689496,37.1089451965174],[126.96969686494779,37.10883047588786],[126.96955276722467,37.10870123432328],[126.96921262846199,37.108234799166304],[126.96894793061689,37.10797039214279],[126.96857764609972,37.10774261032563],[126.96840659426621,37.10754137425384],[126.96843621317115,37.107418937606354],[126.96839948388816,37.107386759550856],[126.96753235293622,37.10730336457723],[126.966844241952,37.107135577476456],[126.96653743152503,37.10705128343369],[126.9661838612494,37.106783501021866],[126.96563697285725,37.106632400454714],[126.96514221939223,37.106293469552234],[126.96480373333073,37.10595420658782],[126.96471702400956,37.105755964704606],[126.96481169203558,37.105500805031056],[126.96445047564674,37.1054833923755],[126.96422919154155,37.10552421309763],[126.96373480787373,37.10591779254072],[126.9635159134455,37.10626135957629],[126.96338769366913,37.10664851256603],[126.96299135404892,37.10704386835981],[126.96180502837538,37.107484401367955],[126.96135863709038,37.10742775468574],[126.96090645779229,37.107698657306145],[126.96043496421622,37.10785472956138],[126.96034464697671,37.10816622134652],[126.95804681299738,37.10872817583378],[126.95741621421334,37.108341181577224],[126.95672488582666,37.10827150495648],[126.95550198981023,37.108668259632005],[126.9552136578348,37.10853035751378],[126.9544017980034,37.107017322054205],[126.95460491803543,37.10674682353328],[126.95447424851146,37.106436077589365],[126.95464168340182,37.106107797916],[126.95534491144613,37.105479233501306],[126.95481504040725,37.1049630975179],[126.95467695592528,37.104895661851984],[126.95460262817151,37.1047677361094],[126.95486293371432,37.10382120372146],[126.95466981261924,37.10283007917064],[126.95432698093572,37.10208833506724],[126.95376285672367,37.10179821132981],[126.95418353039865,37.10108954314413],[126.9538921062955,37.100495700046174],[126.95400514600823,37.100249287426685],[126.95390717212734,37.10009506775257],[126.9538428022,37.09945213547961],[126.95307099373156,37.09937997224487],[126.95256963799558,37.09925249167634],[126.9521156569647,37.09911973049055],[126.95116567169765,37.098669873183944],[126.95012604475644,37.098668859677794],[126.94961449663025,37.09858974912733],[126.94911779795216,37.09813510800458],[126.94897648514376,37.09812538613134],[126.94901235363217,37.09800093854004],[126.94864174303942,37.09792870711128],[126.94858435249569,37.09794341385389],[126.94859291974684,37.09806293432861],[126.94846661273239,37.09806989716963],[126.94852146657732,37.09709419033852],[126.9479482952322,37.0971324171845],[126.94803139595274,37.098019710903706],[126.94741971196339,37.09805877382259],[126.94745991396795,37.09790236806365],[126.9473883165304,37.09783715270397],[126.94689875338533,37.097653382290495],[126.94668998091113,37.09766181001218],[126.94648056189004,37.09756869656374],[126.94591153977414,37.09681750538023],[126.94547108915935,37.09661564974926],[126.94528198741277,37.09672333611151],[126.94504695358494,37.096956644197356],[126.94502687968738,37.09722269979254],[126.94535580678682,37.098118203695705],[126.94562594659861,37.098503444476734],[126.94570779969965,37.09936976233911],[126.9458860947895,37.09934219255345],[126.9459746874352,37.099749594355295],[126.9458668304112,37.1004273211908],[126.94568038839309,37.100822807921325],[126.94472936580777,37.10050423721174],[126.94428360230691,37.10131467055419],[126.9436298249365,37.101077581792346],[126.943410771154,37.10121984215213],[126.94321684358638,37.10155822112193],[126.94315253378362,37.101583824648294],[126.94313305859853,37.1021443012848],[126.94307198033287,37.102282574864425],[126.94286417108168,37.1024254254124],[126.94251002056254,37.102547902008126],[126.94249262123114,37.102224079524554],[126.94238384721832,37.10196718727612],[126.9424186756945,37.101851003964896],[126.94199843217983,37.101964886029435],[126.94104393148278,37.10232987306881],[126.94058322868472,37.10257190521219],[126.94023710234471,37.10295036116693],[126.94009936682498,37.103363155425875],[126.9390226106599,37.10368813678515],[126.93862980201443,37.10370574311688],[126.93813423800897,37.10381847219427],[126.93792384333766,37.10395625771707],[126.93770319814863,37.10436380552253],[126.93776347898124,37.10482841512665],[126.93753096987199,37.10503899362845],[126.93743471439642,37.10525442998436],[126.93743659367168,37.10541408968471],[126.93722067353195,37.10594660693394],[126.9371554077816,37.105991678556215],[126.93687788623733,37.10578668085175],[126.9365929610104,37.10566395415268],[126.93617625197615,37.1056884503854],[126.93577285791464,37.10557521662943],[126.93515902136286,37.10577401787951],[126.93344566294894,37.105693312197914],[126.93282700185759,37.10577027540605],[126.9328630505746,37.105616521523054],[126.93279664513054,37.10510233868612],[126.93219069453026,37.10459327501926],[126.93222738772806,37.10442440190007],[126.93236175916442,37.10430873924852],[126.93246882346826,37.1040234271074],[126.93185335531739,37.10339133443549],[126.9318846421897,37.10286094410977],[126.93176618444099,37.102566209996866],[126.93139787733682,37.102221959251736],[126.93054284113381,37.10165261170062],[126.92992999030824,37.101719597617794],[126.92933777418128,37.10167523996282],[126.92861924373199,37.10036984061589],[126.92867413379551,37.100152827015],[126.928423047546,37.10000567362481],[126.92793097457455,37.099960929089185],[126.92753880410125,37.099686384450784],[126.92706314612208,37.09964165556044],[126.92599549011568,37.099317968568805],[126.92569535200676,37.09935430606479],[126.92577676496649,37.09781342800066],[126.9259734056235,37.09763203479699],[126.925881547369,37.09680635262722],[126.92606554568017,37.096405344706795],[126.92599446814066,37.095847407817274],[126.92609580191474,37.095681379786],[126.9261505727041,37.09497519926455],[126.92687019779916,37.09365865474822],[126.92687087552109,37.09256607360656],[126.92669656614791,37.09217540784131],[126.92665606950985,37.09031496096733],[126.92717844229554,37.08875310998081],[126.9273323857845,37.087576482710666],[126.92764339047338,37.08717674045651],[126.92770327690059,37.08701964153789],[126.92731730540817,37.08611996962234],[126.92726834752324,37.08577323730952],[126.92733706194603,37.08551282827123],[126.9272103158353,37.084997954064775],[126.92699291625921,37.08484501554812],[126.92674234411335,37.08401140221093],[126.92664429183766,37.0831449958035],[126.92651585593302,37.08261886531314],[126.9268123219177,37.082073594071566],[126.92696363373213,37.08191122764417],[126.9258834335853,37.08127643896909],[126.92493592059681,37.081159314675254],[126.92382516088594,37.08087464952125],[126.92347278505724,37.08090272962859],[126.92258288417429,37.08114349956416],[126.92135316075928,37.0811560918071],[126.92091310489145,37.080154622629415],[126.91957624375915,37.07995773460056],[126.91871217503163,37.0797529627712],[126.91834627775066,37.07974616509916],[126.91661790442564,37.08027889270354],[126.91604994971408,37.08007649360842],[126.91559520293687,37.079763559339966],[126.91374663326765,37.07934934801601],[126.91343295614118,37.0793406725686],[126.91318847017058,37.07920149279905],[126.91288027740195,37.079148280425024],[126.91241599270681,37.07891000691513],[126.91212705742657,37.07861505180141],[126.91178034377683,37.07861511443172],[126.91164692310474,37.07837546578833],[126.91140306458423,37.07818659816884],[126.91132536387641,37.07800841694113],[126.91105933618113,37.07774847389754],[126.91044145889187,37.07738811647712],[126.91011250529972,37.076706326167134],[126.90969615010141,37.07633792923422],[126.90926597234919,37.07615997787168],[126.908757425101,37.07573351343851],[126.90831196769486,37.07551172793021],[126.90740635780216,37.075290684921136],[126.90698837766764,37.07510667980156],[126.90635044509854,37.074647654517705],[126.90589720965723,37.07416477944851],[126.90492820214449,37.07366662527823],[126.90455630806237,37.07337701733731],[126.90533205592264,37.07351273630054],[126.9052202644621,37.07299001951977],[126.90528883939936,37.072116043036345],[126.90536782741106,37.07189985168528],[126.90489600696885,37.071530032063976],[126.90485134742805,37.07127769770391],[126.90530279294488,37.06997152137488],[126.90557332372322,37.06944912305418],[126.90609082431807,37.06925130621244],[126.90648445226837,37.06919755828202],[126.90683272063485,37.06945013480296],[126.90758620987411,37.06936963792425],[126.90783395680496,37.069072482496935],[126.90799136958607,37.06908161733294],[126.9082388492302,37.069000716343936],[126.90858736432749,37.06905505370916],[126.9086549085547,37.06899203207163],[126.90896972307861,37.069019309993635],[126.90950928750259,37.06916389998189],[126.90988041264296,37.06911913397369],[126.9103192204371,37.06889420592217],[126.91146614169318,37.06891310325914],[126.91151131145327,37.06875094589499],[126.91202879194655,37.06855309408737],[126.91226517945292,37.06833702562203],[126.91276026004736,37.068049056286874],[126.91288415897108,37.067877946594976],[126.91286247751826,37.06718411044718],[126.91303139291078,37.066967980955624],[126.91339140695362,37.06679705556609],[126.91332400418634,37.06674293257409],[126.9137627881371,37.066517991662],[126.91458442580684,37.065806755086555],[126.91495565447468,37.065653845419845],[126.91511308150154,37.06564494951424],[126.91550636920195,37.06587050155234],[126.91584368176987,37.0658797562446],[126.91641686878243,37.06611444567091],[126.9171256878509,37.06571848327855],[126.91742922796827,37.06576375204376],[126.9179571560078,37.06625971083536],[126.91810353708122,37.06607059016021],[126.918407315064,37.06589960095479],[126.91841880482828,37.06567434270893],[126.9185426759275,37.06550323601976],[126.91890272934528,37.06527821194235],[126.91964493040037,37.06518861986877],[126.92001609773973,37.065080747565595],[126.9202183258517,37.065234067398904],[126.92115139708194,37.065405905454135],[126.9220959701599,37.065334456250184],[126.9221970255781,37.065469683637744],[126.92236558311032,37.06556891337602],[126.9224440015819,37.065848286866775],[126.92270240124839,37.06605571279069],[126.92348920356761,37.066335563008785],[126.92393870395503,37.066597166637465],[126.92588332444429,37.0672291676866],[126.92600703846063,37.067202214532664],[126.92689499317245,37.067554191647254],[126.92720954475594,37.06785173147503],[126.9274343185654,37.067969019478895],[126.92849117155569,37.06809582372716],[126.9286488175184,37.06786164377371],[126.92885132820803,37.06774462952893],[126.92969501271672,37.06736669593579],[126.93012240079273,37.06726783671819],[126.9303249890072,37.06705170283569],[126.9304039848104,37.06674538808081],[126.93029182895236,37.066438958667355],[126.93037067281065,37.06629483554399],[126.93059563981008,37.06620486370559],[126.93105746080306,37.06534011620076],[126.93117048863829,37.06469141619877],[126.93133932999332,37.06449329079267],[126.93140713324233,37.06412388501751],[126.93175622009092,37.06354740881154],[126.93171162476075,37.06313289239575],[126.93149839499866,37.06270926588864],[126.93150971015748,37.06261916599186],[126.93218461394524,37.06230418923827],[126.93378113658157,37.06237719660052],[126.93442262018915,37.06168374035009],[126.93465881560262,37.06160276872427],[126.93510849925156,37.0616660958535],[126.93553587173996,37.06154019404349],[126.93571575579526,37.061540293930314],[126.9360529433771,37.06167564932892],[126.93645770853212,37.06167586293063],[126.93664896267201,37.061540807747875],[126.93879663347755,37.06133471718434],[126.93939282888182,37.06097460440751],[126.94002267591266,37.06070461266208],[126.94034873982717,37.06069577052549],[126.94064077859147,37.061056347124115],[126.94101155280606,37.0613809205162],[126.94125906508253,37.0611828119426],[126.94176509600265,37.06108395056333],[126.9422259418107,37.06125539327293],[126.94285584357034,37.06090428156758],[126.94394641585212,37.060949868969445],[126.94504811933172,37.061148641881665],[126.94645755612407,37.06168148279275],[126.94791476828986,37.06174466592026],[126.94817344421398,37.06163665456656],[126.94853324161566,37.061627805096926],[126.9486116269258,37.0620873836977],[126.948453859781,37.06260092079798],[126.94845358870978,37.0630064002837],[126.94803747436697,37.06311434137296],[126.94714852692866,37.06410510964937],[126.9472494968882,37.06442052881538],[126.94723797703686,37.0648079817161],[126.94758584412787,37.06579030162123],[126.94801302449613,37.065925654800445],[126.94838380983826,37.06631327947751],[126.94847380077671,37.06625925582278],[126.94855247726822,37.066322365533885],[126.94836095066802,37.066844897716486],[126.94838290641557,37.06759279159683],[126.9487537441862,37.06793536178466],[126.94907951562205,37.06839504933101],[126.94904552160088,37.06877348156624],[126.94945027529859,37.06884574504842],[126.94976512846186,37.068836872136],[126.95005741945891,37.06893611638982],[126.95027109622268,37.06889115561961],[126.95065339267808,37.06891835205203],[126.95109198969413,37.0688284237466],[126.95133949406542,37.06863931404746],[126.95159818266274,37.068540306013944],[126.95199176918491,37.06849541768887],[126.95257661556579,37.068288415401035],[126.95310508207847,37.06832467477946],[126.95352118956599,37.06822572666482],[126.95389222250923,37.06827994005496],[126.95484805081585,37.068199223969565],[126.95603996175802,37.06819968674165],[126.95697307144319,37.06850641177684],[126.95740032549242,37.06856963692257],[126.95850200653402,37.0690656270813],[126.95909790861286,37.069173978385415],[126.959412906425,37.06890376209223],[126.95967158049267,37.06881375610914],[126.95990768127461,37.068876904662645],[126.96000893124366,37.06878684264042],[126.96020010144177,37.068741856107934],[126.9603463450497,37.06864278078174],[126.96059388877381,37.06833650431597],[126.96093135226359,37.06809333265655],[126.96107754895469,37.06805733996492],[126.96148228190116,37.06818362629966],[126.96183085489376,37.06819275403213],[126.96235941117517,37.06803974855955],[126.96285430034992,37.067796614245495],[126.96392257022231,37.067688838669085],[126.96415865779431,37.067779019733265],[126.9646533800966,37.067842248994786],[126.96484436130822,37.068202734186585],[126.96506918124993,37.06834697384962],[126.9652714487835,37.068626365943445],[126.96632609297103,37.06913944337134],[126.96636195816414,37.06907722645954],[126.96690112469199,37.0703388756736],[126.96720451818352,37.070816528056696],[126.96722687403948,37.07111388583985],[126.96729429472661,37.07122203305104],[126.96805860642391,37.07202419841331],[126.96827208917331,37.072393694822935],[126.9689914770986,37.07308772272349],[126.96913762980437,37.073168849465034],[126.97013850263347,37.073042969321705],[126.97124063571572,37.072772936312674],[126.97254527520943,37.07223262333381],[126.97322004121452,37.07206158388871],[126.97392861092649,37.07169231427183],[126.9741874324467,37.07116975670909],[126.9748397397938,37.07087255379464],[126.97560444712234,37.07070152092507],[126.97644778155812,37.07078279786388],[126.97724609253017,37.07100822995087],[126.97723487637798,37.07091812119329],[126.97750475270348,37.07091817609641],[126.97778585143179,37.07099031780085],[126.97744855123308,37.07084607954161],[126.97813442838292,37.07107148279657],[126.97814567305986,37.0710354424262],[126.9789552899547,37.07108065230647],[126.98022601324375,37.07089166345642],[126.98105808085603,37.071081033352634],[126.98194634240019,37.07140557538308],[126.98304831829292,37.071513870673215],[126.98343065464455,37.071477886954355],[126.98473503280884,37.071631259475325],[126.98488123489095,37.07155018424123],[126.98638813384495,37.07116292803968],[126.98693918827564,37.070874656285866],[126.98710789665236,37.07068545329503],[126.98681567223656,37.069955555026624],[126.98716427167483,37.06988351248893],[126.98768161265271,37.06941502016725],[126.98785027557864,37.06945108229348],[126.98795144199276,37.06964932816466],[126.98813133125059,37.069793518952736],[126.98849115289578,37.069775537668505],[126.98914331357349,37.06996484003095],[126.98915458121192,37.06989274700858],[126.9896718120516,37.07005499138578],[126.98985173171063,37.07002797724912],[126.98976174620194,37.070208190344815],[126.9900203223172,37.070559621895185],[126.99030142496147,37.07067678718356],[126.99061627583558,37.070703857447086],[126.99106607712339,37.07064081433311],[126.99118976389859,37.07068587838561],[126.99277537035462,37.06992010058905],[126.9933601063382,37.06981201438696],[126.99377615418274,37.069866106104634],[126.99448457064366,37.069857139481925],[126.99555280153291,37.07004642148081],[126.99575522075558,37.06985720784911],[126.99585732349703,37.069541002062245],[126.99620502031307,37.069686026468275],[126.99687967293286,37.070136587089664],[126.99710454937522,37.07045196830776],[126.99727319804798,37.07086646420675],[126.99723942923424,37.07147918694676],[126.99685705982245,37.072163981632144],[126.99620480915435,37.07256042265236],[126.99413567148571,37.073100950821136],[126.99376455589497,37.07323608684097],[126.99289863457638,37.07370457160614],[126.99243752639548,37.07414607674602],[126.99154897736952,37.07543451812657],[126.99126779106655,37.07579491977631],[126.99064919751467,37.07640758822037],[126.99041297833276,37.07682205571523],[126.99045790501464,37.07720952632164],[126.99069403179625,37.07745281724625],[126.9909526854959,37.0775339452734],[126.99157119225355,37.07755201994551],[126.9927970090636,37.07736289287775],[126.99350549915835,37.07731788957656],[126.99539479162883,37.07732701254556],[126.9959120803008,37.07757032524511],[126.99619320280809,37.07790374071389],[126.99627187259114,37.07865161793863],[126.99613686864748,37.07939048391925],[126.9956869599984,37.080237462220865],[126.99509084335324,37.081030367092715],[126.99395484946004,37.082174650292146],[126.99319829254301,37.08283160974235],[126.99280757268203,37.08333694281547],[126.99227893388142,37.08370633860421],[126.99177275013625,37.08433704202031],[126.99081653311342,37.086021946559995],[126.9905127384182,37.08687792797047],[126.99049015536689,37.087490648153555],[126.99056886702029,37.087625814753615],[126.99078254316963,37.087788025436915],[126.99111995228687,37.08786915104187],[126.99169356023602,37.087923263594895],[126.99228967246071,37.08790529015898],[126.99566391265662,37.08747299447126],[126.99648498166952,37.08722073464936],[126.99660870495748,37.08716667608888],[126.99700238206512,37.086770224307934],[126.99739606284993,37.086229601223096],[126.99758730495478,37.085427662166865],[126.99792474262873,37.084832971581235],[126.99856582791303,37.08452662791814],[126.99880201320224,37.084490591028256],[126.99907193593177,37.084544660623166],[126.99939809114422,37.084679826246024],[126.99966801149336,37.08487806448982],[126.99992668351098,37.08521146133765],[127.00016285997127,37.08576111233015],[127.0002303361864,37.086121538021665],[127.0001853426667,37.08641888809608],[127.00010660857426,37.08664415276527],[126.99989290623638,37.08693248997369],[126.99854319547134,37.08809483411691],[126.99772209744262,37.08887873470534],[126.99740714793496,37.08903190477099],[126.99601244095174,37.08938326253215],[126.99556252528787,37.08954543197908],[126.99538252709586,37.08986079445377],[126.99540499032148,37.09040143264689],[126.995843575911,37.09141965400366],[126.99634970227022,37.091834165365526],[126.99693457878642,37.09210450777202],[126.99803685101652,37.09275330930255],[126.99834053401597,37.093113742309654],[126.99844172547132,37.09414996533632],[126.99822797209433,37.09498794640096],[126.99816047375771,37.09516815671169],[126.99709180551653,37.09633049029286],[126.99700180817318,37.09647465663364],[126.99699053871046,37.09682606988983],[126.9970355196564,37.09706034737097],[126.997339211738,37.097276621990105],[126.99751919908142,37.09734870401324],[126.9979579000065,37.097357728546555],[126.99845284119921,37.097456858978525],[126.99873880097614,37.09763341980218],[126.99876251671198,37.097854747858776],[126.99856793594942,37.098108725132455],[126.99833750719723,37.09827710938982],[126.99754165061329,37.09823174410944],[126.99718168226455,37.098303816376095],[126.99690045011332,37.09846599667726],[126.99681044543546,37.098682247654075],[126.99692292245567,37.09888949594427],[126.99744034793711,37.09919587532453],[126.99795779210608,37.099673453885174],[126.99811526661227,37.09996179776734],[126.99812651255179,37.10003388290551],[126.99803651319823,37.10016903933872],[126.9975077975061,37.10025912872128],[126.99712530367619,37.10043932724933],[126.99686656499013,37.10073666725635],[126.9966865394479,37.101151147713466],[126.99667529109047,37.10131333806098],[126.99748522317476,37.10148456967166],[126.99764271911718,37.101610723300965],[126.99775521309456,37.101835982887714],[126.99777768435015,37.102169384773234],[126.99763139156042,37.103367798621626],[126.99751887586518,37.10352096603087],[126.99724887685119,37.10364710500435],[126.99706889421346,37.103629077216894],[126.99674265631302,37.10340379964838],[126.99668643374771,37.10299832951168],[126.99660769243292,37.10290821129995],[126.99624771352353,37.10280006871815],[126.99594395827263,37.10288115024654],[126.99535895838964,37.10329560885881],[126.99539270261167,37.103493843735514],[126.99558391526551,37.10375516073643],[126.99566264586778,37.10398042954627],[126.99541512073665,37.104367872713595],[126.99541510054513,37.10462016938024],[126.99549383652491,37.10478236410583],[126.99583132400666,37.10489050786641],[126.99627008371523,37.10467426475578],[126.99748506832853,37.10462927719953],[126.99775506111378,37.10469235119642],[126.99795755148128,37.104836526942506],[126.99808040055233,37.10532310264965],[126.99805875900675,37.105746599926555],[126.99821623789751,37.106233176418854],[126.99816103278737,37.10651278256861],[126.99782245288283,37.10690895925585],[126.99704618878924,37.10695399458469],[126.99622490242699,37.10729635432475],[126.99602237828066,37.10757567344999],[126.9960786006845,37.107981161607206],[126.99618106034573,37.10826048552136],[126.99595480570493,37.108548814006745],[126.99559478423302,37.108656932691225],[126.99545976840129,37.10879206669705],[126.9953022372,37.10909843659163],[126.99562843945996,37.10990038648952],[126.99597718736982,37.11018874203351],[126.99625845053941,37.110233807741594],[126.99678726281846,37.10990944883235],[126.99710227281213,37.109837385258096],[126.99800231534968,37.10995454387216],[126.99858736142009,37.10988247500908],[126.99992617188731,37.109900521554216],[127.00028617736788,37.11007171793794],[127.00035368956011,37.11026094994141],[127.00029742810511,37.11077455278845],[127.00007240114007,37.11142332142904],[126.9994873410408,37.11163053834538],[126.99909357689216,37.11147736006938],[126.99842979471134,37.111044836642016],[126.99800225971433,37.11091867659252],[126.9976984851623,37.1109997625012],[126.99737221426311,37.111179963285196],[126.9966408801503,37.11168452828795],[126.99632585633853,37.11167550436557],[126.9958195779191,37.11153131182612],[126.99541453867498,37.11163941873049],[126.99531327600019,37.11183764633887],[126.9952682495191,37.11211697207769],[126.99524568449513,37.112747711706824],[126.99450304272392,37.113549602973734],[126.99421041781432,37.11454075821579],[126.99431166753733,37.11466691251745],[126.99455919561132,37.114675937853185],[126.99597690200315,37.11427053631322],[126.99746206358289,37.11413543753438],[126.99813713688121,37.11415347978575],[126.99839591019082,37.11427963497678],[126.99855342113659,37.11445084002416],[126.9987784261013,37.115027522504256],[126.9988796519657,37.1157573816546],[126.99831708796101,37.1157934101805],[126.99828336404855,37.1150725629864],[126.99822712542095,37.11491036200914],[126.99801334638515,37.114739163909015],[126.9975407931144,37.114694096157706],[126.99624688042171,37.11501842670826],[126.99586431004587,37.115189610130514],[126.99541422194156,37.11559506390459],[126.99517791373985,37.115928442918936],[126.99507662358381,37.116243798674034],[126.99535787875413,37.11665830012663],[126.99578544298384,37.11676645744822],[126.99614549132524,37.1166583473479],[126.99635928041472,37.11653221775308],[126.99671935735951,37.11611773727016],[126.99710191922901,37.115946551115975],[126.99748446937457,37.11596458585708],[126.99787825058837,37.11641512742123],[126.99793450125921,37.11656830893549],[126.99794572502633,37.117163007311305],[126.99821574046605,37.117739971263475],[126.99822699340132,37.11797397620319],[126.99799069096953,37.11828933052995],[126.9979006538191,37.118523602751296],[126.99791259789426,37.11887670045854],[126.99802438566581,37.119127323871375],[126.99856447144447,37.119649942685285],[126.9993183503078,37.11994730785132],[126.99962213959691,37.12019059849162],[126.99980216461547,37.1205960769051],[126.99972340166762,37.12097451970274],[126.99934082091285,37.121127702038635],[126.99899198864631,37.121488108931445],[126.99891321685884,37.12165028847019],[126.99886819028274,37.121821497297034],[126.99906456195275,37.12231961473065],[126.99920573592911,37.12303793097746]]]]}},{"type":"Feature","id":"41591250","properties":{"code":"41591250","name":"우정읍","district":"만세구","city":"화성시","province":"경기도","fullName":"경기도 화성시 만세구 우정읍","source":"VWorld LT_C_ADEMD_INFO"},"geometry":{"type":"MultiPolygon","coordinates":[[[[126.73087668440485,37.04639187948597],[126.73012090583696,37.04623697213389],[126.72991878941733,37.04602559725976],[126.73006206906986,37.045791936402075],[126.73066414696791,37.045553403497465],[126.73140684332574,37.04552834380842],[126.73087668440485,37.04639187948597]]],[[[126.54963113704567,37.05344725798688],[126.550222939274,37.05389102963091],[126.55039585178461,37.05411779005264],[126.55054779494587,37.05441543794985],[126.55064983881284,37.05486438211785],[126.55042870392202,37.055008278718816],[126.54901848098355,37.05453463716756],[126.54912435545101,37.053774213429875],[126.54923544338232,37.05352543094521],[126.54894448568636,37.05312194433614],[126.54909271730176,37.05297918713935],[126.54963113704567,37.05344725798688]]],[[[126.55625395280114,37.06017137502312],[126.55719431344943,37.05975023158135],[126.5563013424147,37.06020029664368],[126.55786746745403,37.06115488817088],[126.55841534516352,37.061214423254114],[126.55874321546482,37.060824858241304],[126.55784380657887,37.06006280668954],[126.55776087955304,37.05997743659221],[126.55779430175691,37.059952962695505],[126.55872136374195,37.060754313897675],[126.56052808131781,37.06096125864573],[126.56060056851977,37.06050045630805],[126.5607122574964,37.060512314791296],[126.56059429600623,37.06123470574744],[126.56048136716622,37.06122320296588],[126.56050581924191,37.061039027364586],[126.5597981480147,37.06096458025567],[126.55971563814296,37.06133028304437],[126.55948790628386,37.06130087120208],[126.55950604474089,37.06166280391229],[126.55932759666199,37.06160735456555],[126.55836899990769,37.06204962151116],[126.55763230298777,37.06267175140302],[126.55737087913415,37.0629823589422],[126.55702708223457,37.063651458660665],[126.55698763213319,37.06405354320132],[126.55703479351027,37.06435332172427],[126.55732406560979,37.06437783269055],[126.55733101936033,37.06447724543175],[126.55677770339673,37.064401646087994],[126.55644207183508,37.064075195525994],[126.55615174992899,37.06353806650366],[126.55525154312728,37.06237376021793],[126.55504128669456,37.061913789794616],[126.55404181362827,37.060906785736854],[126.55386064251718,37.06053117181344],[126.5532142125177,37.05983383451122],[126.55307631054296,37.05946216728076],[126.55233693937038,37.05874203741739],[126.55212791303468,37.05861194391226],[126.55186868766106,37.058281804951946],[126.55179558030298,37.05824854909996],[126.55154193268224,37.058364184357615],[126.55130631163208,37.05822587900414],[126.55136735651567,37.0580742822267],[126.55150009623114,37.05804270810099],[126.55156499602381,37.05794266640441],[126.55152958626832,37.05777042986194],[126.55141344038823,37.0576765494761],[126.55151607927985,37.057525560927935],[126.55181567537994,37.05743433835939],[126.55200854028767,37.057215931699574],[126.55199834292014,37.05698152761743],[126.55215324154277,37.056738017510355],[126.55240804281493,37.05673078266966],[126.5527421450496,37.05700308547361],[126.55317258979241,37.05771663960498],[126.55350766784382,37.05805363994553],[126.55373959115579,37.05817129273603],[126.5546323122129,37.05827999249384],[126.55464072727231,37.058455460358154],[126.55479717004039,37.05863806341143],[126.5546897071139,37.05886481566384],[126.55501318781955,37.0592067238649],[126.55522414397043,37.05958434039077],[126.5555582836301,37.05987330492436],[126.55574564391019,37.059826343049785],[126.5562042174962,37.06017830671448],[126.55625395280114,37.06017137502312]]],[[[126.55503528199604,37.068379668442205],[126.55500155947084,37.068736585495586],[126.55511094986018,37.06919823040002],[126.55531983087256,37.06941076470646],[126.55561570526156,37.06944199955999],[126.55565810369504,37.06952156909564],[126.55536331565976,37.06969644626046],[126.55516756417937,37.0705398922871],[126.5552488517525,37.07076066875484],[126.55522867607618,37.071144956738955],[126.55483791886921,37.07138479806627],[126.55434135014659,37.07148204347746],[126.55444420381855,37.070811990722675],[126.55438668373674,37.070343224272875],[126.55453637518336,37.069865660465034],[126.55479651282236,37.069697971472486],[126.55471631097765,37.068993439136456],[126.55463524806504,37.06888444826359],[126.5546268582821,37.068397845697405],[126.5548175427068,37.068297753576054],[126.55503528199604,37.068379668442205]]],[[[126.53746399365443,37.11242950434062],[126.5373382229045,37.11238479754137],[126.53729302269333,37.11221426806329],[126.5375412140058,37.11184580890141],[126.53791525837175,37.110756721741055],[126.53752124169466,37.109874683181694],[126.53700293898903,37.10893753472549],[126.5371609307467,37.10698540535014],[126.53809031996985,37.10602914242372],[126.53827494641126,37.105356048751254],[126.53783097721501,37.10355924820387],[126.5375615433214,37.10312315773412],[126.53722011536385,37.10284755940627],[126.53723788477274,37.10267136527349],[126.53795377944833,37.101609230935765],[126.5387571769216,37.10092363168662],[126.53886506786779,37.10014660701433],[126.53861096567131,37.09979111453909],[126.53862568241432,37.099278410275865],[126.539064730769,37.09905035486209],[126.53913277734422,37.098379903947496],[126.53895188729865,37.098009487770376],[126.53909662742763,37.097907269187914],[126.53856874427646,37.09661895736453],[126.53814628160666,37.09646582254294],[126.53790125333056,37.09620947059708],[126.53825421210422,37.09582818182896],[126.53814715543379,37.09536907372707],[126.53823836667492,37.09514022928323],[126.5379634514727,37.09500089752712],[126.53843485998455,37.09444577138095],[126.5392030568345,37.09456619362852],[126.53942582584467,37.09484075660928],[126.53910189344728,37.09643351030271],[126.53944427038837,37.09756256602462],[126.53976044654358,37.09768150197777],[126.53977884123373,37.09783671679806],[126.53972817620458,37.09804630253717],[126.53937773772829,37.098215849063386],[126.54031856591355,37.1008581886997],[126.54098449531914,37.102290917113955],[126.54141982955419,37.10244438006226],[126.54163358680049,37.10276141527745],[126.5413003249278,37.103722364451706],[126.54122232490266,37.10487066804237],[126.54167479049424,37.10486320568027],[126.54167822726146,37.10517867708539],[126.54118465544343,37.10518759277517],[126.54099499923385,37.1067404578686],[126.54102094967796,37.107389603713834],[126.54113513552252,37.10760573164645],[126.54105946753609,37.10828770457128],[126.54114015078287,37.10898351190718],[126.54100116508026,37.10975816414041],[126.54053069439648,37.11118900636461],[126.54056794140678,37.11177258124901],[126.54038750028501,37.11187295950096],[126.54013509467077,37.11180890415061],[126.53836665569567,37.11240853393054],[126.5380190184795,37.1123359385642],[126.53746399365443,37.11242950434062]]],[[[126.53728517686469,37.11257803631499],[126.53710173711194,37.113024743393495],[126.53701742081982,37.113962631338666],[126.53633995681102,37.114269999746526],[126.53566354325878,37.11405785013767],[126.5353611931617,37.113567554043314],[126.53558545008066,37.113088067741614],[126.53625817757634,37.11300933541544],[126.53707490044187,37.11252597017502],[126.53728517686469,37.11257803631499]]],[[[126.52877762156433,37.120656686290026],[126.52891628399783,37.120806470723274],[126.52888663064205,37.120939257175245],[126.52872851006839,37.12114643557712],[126.52848527192619,37.12121698162242],[126.52831710805665,37.12109044314528],[126.52827859614567,37.12080955878193],[126.52841057626767,37.12067690150469],[126.5286239843305,37.120653253342546],[126.52877762156433,37.120656686290026]]],[[[126.76267870970244,37.12207882675675],[126.76204562883181,37.12223580206676],[126.76186785005655,37.12196512649963],[126.76188645275789,37.12186435410402],[126.76183261242282,37.12176372362417],[126.76193686000451,37.121711844338144],[126.76279818299751,37.12171470788075],[126.76301990633831,37.12187734390926],[126.76304800774749,37.122055358723514],[126.76288648093058,37.12204067094103],[126.76267870970244,37.12207882675675]]],[[[126.68256284743585,37.113224767912484],[126.68259406991965,37.11286235774395],[126.68356180233013,37.11282729246578],[126.68369336230064,37.11252254813768],[126.68389005868528,37.1122729424585],[126.68555911987313,37.1109486162186],[126.73246331063596,37.07431247948837],[126.7324410967284,37.07407499943542],[126.73217505357927,37.073846706478754],[126.73252428697518,37.073572576045706],[126.73095458381499,37.072283110390714],[126.73105883190854,37.07220201828687],[126.73119413580226,37.07226108491465],[126.73189692327668,37.07167111027027],[126.732069658719,37.071813546107485],[126.73191047166618,37.07193846805097],[126.73186531405179,37.071902917646135],[126.73129464528243,37.07234939268029],[126.73130041967018,37.07239850468083],[126.73263066683428,37.07348969429983],[126.73298057530981,37.07321771756833],[126.73326077324974,37.073434128719754],[126.73353961442652,37.07347728904924],[126.75560190041708,37.05623241078019],[126.75668110523873,37.05545540197577],[126.75408565603243,37.05328662425134],[126.75293430063878,37.052199236244704],[126.75075540685344,37.050536060628005],[126.74969883711711,37.04923174742764],[126.74948118473132,37.049161380652336],[126.74957053728284,37.04907845612631],[126.74944850123116,37.04893484642317],[126.74889313586492,37.04878495347139],[126.74871656786341,37.047946694513115],[126.74856925849647,37.04773714411093],[126.74866828313934,37.047652654985455],[126.74861378132249,37.0473656935612],[126.74817477625716,37.04677953284633],[126.74769572527036,37.045862575574475],[126.74767844174548,37.04574280495246],[126.74655105266953,37.0438492032489],[126.7465822217258,37.04380601903512],[126.74604138820688,37.04260617629905],[126.74577979436809,37.041520755739825],[126.74549225961859,37.03893374058119],[126.74558125147827,37.03765646267666],[126.7458614509657,37.03689538548095],[126.74581836107676,37.03686081780748],[126.74582314642976,37.03664373396237],[126.74608028864078,37.03656349803301],[126.7464587417291,37.03658381113889],[126.74703449183261,37.03583783700828],[126.74752313301036,37.03532212160816],[126.74740160778612,37.03521170593193],[126.7473256909279,37.03490965865608],[126.74701286921763,37.03447963845548],[126.74698302960293,37.034297432627305],[126.74706454156717,37.03428283892741],[126.74705477660459,37.03393183406964],[126.74709991341967,37.03380392515028],[126.74766927320763,37.0333184506025],[126.74769696108929,37.033340423795586],[126.7472368001238,37.033705326337696],[126.74711159448702,37.03386693483236],[126.74712885621167,37.034554991135295],[126.74803606679171,37.035604720851815],[126.74806627950818,37.03583114256062],[126.7482698529404,37.03604408492654],[126.74852760466524,37.035965079441226],[126.74872777619046,37.03681832130282],[126.74885170347568,37.03681910784335],[126.74885720397917,37.03294979972412],[126.74796941052423,37.03293859826116],[126.74885089855279,37.03291933020161],[126.74889053846711,37.03128721079144],[126.74911348595015,37.03077090448266],[126.74953504581435,37.03032854675235],[126.75028608168287,37.029922135204664],[126.75110191678476,37.029818975061666],[126.76672730870665,37.02985162802255],[126.76710296444884,37.02990647978616],[126.76749768648276,37.03010632289362],[126.76786749952872,37.02986405130309],[126.76911627406025,37.02970494159704],[126.77131865610316,37.0298786348409],[126.7891469486348,37.02987700502009],[126.78963220206886,37.02968792696327],[126.79297171034065,37.0274577481722],[126.79487230777987,37.0264365563145],[126.79525538772495,37.02582503582531],[126.79586496387279,37.018454544225314],[126.795952187933,37.01842051769438],[126.79597133984481,37.01833978786352],[126.79629434398352,37.018258286233234],[126.79627462387184,37.018166009489306],[126.79634107491273,37.018105121862106],[126.79623192879242,37.017984243678725],[126.79698895037434,37.01729018490458],[126.79722898525158,37.016902822252774],[126.79732411654417,37.01697422464065],[126.7975275142828,37.01694934437406],[126.79782039715346,37.0168800774043],[126.79795088722521,37.01681822646507],[126.79802354477202,37.0167128355988],[126.79814176885552,37.01669125031786],[126.79792265450297,37.0165002260085],[126.79784831427213,37.01624663610388],[126.7979615704363,37.01607359039098],[126.79783829917598,37.01590251776099],[126.79753663428556,37.015828328135605],[126.79767195713016,37.01340504730802],[126.81262065520033,37.01340908914911],[126.81260984896565,37.02071190467124],[126.81171581400217,37.02207951134504],[126.81145148461016,37.02264264499088],[126.81109109647099,37.023153902462134],[126.81055910934975,37.023635012343],[126.80949909498587,37.02413654999111],[126.80931915145666,37.02431125561163],[126.80918535695277,37.024550182941304],[126.80984145973163,37.02548267163283],[126.81132848727295,37.026894571714614],[126.81142346921555,37.02684224556516],[126.81266173777581,37.0279881666961],[126.8126607900035,37.03376436240717],[126.81279346334937,37.03439415931682],[126.81307255870801,37.03435422591955],[126.81309816535409,37.03439387756448],[126.81303942474192,37.03468176589052],[126.81306860318942,37.03494987118362],[126.81301121578434,37.03509020259926],[126.81265723926012,37.03533916376446],[126.81257675094477,37.03548956818508],[126.81185212648829,37.036034838355995],[126.81140839828223,37.03627250605304],[126.81110615083504,37.03628606914574],[126.81097696482558,37.03637021082428],[126.81089361723981,37.03676794376931],[126.8109533019354,37.03728021593026],[126.81131073508966,37.0382831107185],[126.81109028263731,37.03869356318066],[126.81073686026146,37.03985755394277],[126.81083879910155,37.04039210514142],[126.81051306138691,37.04067654401696],[126.81004600971568,37.04141197275774],[126.81110669920642,37.04193692946439],[126.81141332803001,37.04220837212176],[126.81127209369129,37.04247720457321],[126.81119885323845,37.0431108169514],[126.81137617209599,37.04441502683542],[126.81132077341874,37.04463721333346],[126.81086779515701,37.04530770040843],[126.81072904350194,37.04591101215596],[126.81080228477788,37.04629539894108],[126.81071238761871,37.046439659420734],[126.81055989183224,37.04712083697089],[126.81044787384084,37.04735787151322],[126.81018924430396,37.047662357772275],[126.80995241742487,37.04756118234599],[126.80991722884379,37.04770106120556],[126.80946093339878,37.0480741581253],[126.80850638876521,37.04861976402681],[126.80793557720517,37.04867285311887],[126.80714061453467,37.048467750304866],[126.80663780607603,37.0488803079047],[126.80590009514567,37.04884278105314],[126.80516759595106,37.04853661425495],[126.80492364236788,37.048558881161576],[126.80411351247703,37.04890100472476],[126.80304505428057,37.049204116265635],[126.8017967121452,37.05011988391711],[126.80142289628382,37.050108891870856],[126.80103613054008,37.04999083910355],[126.80069662378105,37.05117525715539],[126.80127717583765,37.051621455047645],[126.80179677708493,37.05181143750555],[126.80170246689575,37.05213346388573],[126.80094807424305,37.05258424686041],[126.80046283040214,37.05341966878158],[126.79977217549038,37.05364007755449],[126.79894466144883,37.05406024023926],[126.7982562382582,37.05452762603523],[126.79763490661323,37.05537564303174],[126.79704777052221,37.0558514314247],[126.79607088032309,37.05623434563401],[126.79591844463003,37.05656227657959],[126.79598604617874,37.05687109863565],[126.79593724800284,37.05686864429312],[126.79593948527427,37.057060385822965],[126.79603494047596,37.05712979803089],[126.79588511112065,37.057620249489545],[126.79593339256198,37.058923056820035],[126.79606742949863,37.05926606306611],[126.79604577714741,37.059619810632455],[126.79655058093579,37.06069515834745],[126.79652861651054,37.061199022729085],[126.79634373152021,37.06161609423523],[126.79622743900178,37.06211744353976],[126.796322744391,37.062537198028814],[126.79680627383476,37.062625517650474],[126.79737168629084,37.0628333492208],[126.79806793273346,37.063348728498994],[126.79827821495061,37.063769381284985],[126.79877549331493,37.06400177856031],[126.79934753100346,37.063790743336455],[126.80004385719958,37.06399942491694],[126.80027581170995,37.06399288940695],[126.80152113161411,37.06530759325117],[126.80194030288595,37.066271031835136],[126.80238846230343,37.06651132369901],[126.80332566156518,37.06651679465102],[126.80366138522048,37.06657502310469],[126.80367125514901,37.06661927278641],[126.8036063851045,37.06661149653567],[126.80389824166099,37.066688645556674],[126.8051827833439,37.06689226517862],[126.80574741069688,37.06720368679126],[126.80593749147368,37.06733656479716],[126.80600016095603,37.067466060843365],[126.80651307920981,37.06779655918557],[126.80700503716245,37.067970533213206],[126.80771583285093,37.06813259040145],[126.80890762653515,37.06884506499022],[126.80946273807493,37.06931214816274],[126.80973138755753,37.06935486066441],[126.80997477437528,37.069481087387125],[126.81082180224148,37.07006323236205],[126.81191797466408,37.07124492269131],[126.81256050719703,37.071734432219465],[126.81243280143357,37.0726119813162],[126.81213228215378,37.072998724745915],[126.81193714665525,37.07359003294388],[126.81186618366881,37.07398972109176],[126.81144626461823,37.074047365814806],[126.8099733026341,37.073438184925095],[126.80949146813101,37.07338469378576],[126.80904915996507,37.07346962302323],[126.80819036497137,37.07381906439461],[126.80753384810069,37.07420613445237],[126.8073539412991,37.07462687066842],[126.80739914729504,37.07509473129376],[126.80732636636716,37.07536393075632],[126.80720032747764,37.07557088764498],[126.80677898352556,37.07596991702762],[126.80653546971855,37.07634850386195],[126.80677589362382,37.07694962802324],[126.80697664105996,37.07713449495785],[126.80730788664654,37.07725714967624],[126.80754664646363,37.0774554586392],[126.80802719645746,37.07765230555999],[126.80803400962043,37.0777681031609],[126.80819617594969,37.07803339695778],[126.80821008146724,37.07828814987368],[126.80815970185884,37.07851764035742],[126.8081351830142,37.079687836579154],[126.80853698458833,37.079732201437665],[126.80911209094734,37.0800163934527],[126.80966606500496,37.08052574185389],[126.80986352865345,37.08082432150008],[126.8102329433464,37.08113016143928],[126.8105464538887,37.08118990237551],[126.81226801006027,37.081280767266016],[126.81288201100917,37.08111495873886],[126.81320500103098,37.08087131122851],[126.81421916382115,37.08091951078399],[126.81519680709513,37.07928250538014],[126.81600155579078,37.07953529812084],[126.81632872430666,37.07978168211471],[126.81665968026465,37.07982150264839],[126.81712092118073,37.079732132354785],[126.81737512745795,37.07992335414411],[126.81790465097471,37.080087420352726],[126.81916308672174,37.080923844005355],[126.82014462807618,37.08192598694811],[126.82048729641686,37.08211519271416],[126.82102685327753,37.08228316185786],[126.82145993971271,37.082851416775185],[126.8219334160586,37.083263739451894],[126.82257474159337,37.08351417654207],[126.82270696484005,37.08364044344479],[126.82240474628409,37.084384958024025],[126.82337227746056,37.08480757111077],[126.82293445132402,37.085424500133755],[126.8231594029922,37.085563331700094],[126.8232133454789,37.086013943371455],[126.82369567803926,37.08613333718202],[126.82369499896816,37.08623146171698],[126.82486469583924,37.08623185790172],[126.82478296353734,37.08660477543464],[126.82481673389528,37.086640778082355],[126.82652593006351,37.08685127683285],[126.82650107994893,37.0873035908094],[126.82722054073284,37.08772759918518],[126.82762872580267,37.08812754846823],[126.82769558355828,37.08843148417382],[126.82788391309978,37.08872615458998],[126.82809959101237,37.08933001860601],[126.82837060993333,37.089667203978955],[126.82850629728762,37.08998556647195],[126.82832973463455,37.090384712896594],[126.82896732204802,37.09111420359151],[126.8290811974341,37.09147059441052],[126.82891419293912,37.091880595254906],[126.82863851557887,37.09220331397313],[126.82815654816767,37.0925601331699],[126.82814126280483,37.09312275980693],[126.82808734562835,37.09325328963952],[126.82815871455287,37.09347573054305],[126.82837303782351,37.09368802698873],[126.82828258647827,37.09391737687026],[126.82840626851348,37.09438379289626],[126.8281367564472,37.09471585427675],[126.828129506946,37.095513227526254],[126.82807481987679,37.0957833933934],[126.82781904284573,37.096215897145385],[126.82791956208314,37.09657007062707],[126.82821217078002,37.096728895809335],[126.8286705132256,37.09678607911338],[126.82951478704585,37.097624516918],[126.82977066135109,37.097784753682085],[126.83006901772187,37.097578094865945],[126.83103714588779,37.097607062827],[126.83187082268964,37.098062896767296],[126.83229346754851,37.098203056633594],[126.83294938540526,37.09863626490496],[126.83343424005344,37.098802829041865],[126.8334321807528,37.09899159804196],[126.83385765656473,37.09907075462122],[126.83344020792897,37.09952844248122],[126.83259613064828,37.09984949807115],[126.83243213328949,37.10050103644475],[126.83144863455622,37.10105112334917],[126.83115818096005,37.101617571636645],[126.83000696587192,37.10198173325461],[126.82984155732487,37.102194810579675],[126.82960710740716,37.10222470148966],[126.82877610373714,37.10256931132557],[126.8284217219219,37.10282139740073],[126.8272433494069,37.10281375171735],[126.82672540016395,37.10246505470145],[126.82625117261351,37.102569841754935],[126.8247745685462,37.10309006611996],[126.82452587274028,37.10381114570856],[126.82365193741734,37.10344187299859],[126.82324984634883,37.1031565708415],[126.82252380268388,37.10292481530095],[126.82211884324755,37.10380173522303],[126.82089138674145,37.10327216724796],[126.82054244723226,37.103191359989005],[126.81987258705182,37.103371565783256],[126.81918315231462,37.104048103695966],[126.81882091090398,37.1042262170578],[126.8187307243688,37.10445452338685],[126.81794392458742,37.10442694313508],[126.81768609479008,37.10473724664306],[126.81771791695387,37.10552105433204],[126.81795388586355,37.10647632501657],[126.81791576530222,37.10652046289531],[126.8189711175115,37.10631268621464],[126.81954095594799,37.10656652499157],[126.81878043713499,37.107349032593326],[126.81864409566562,37.10772815873026],[126.8184169869169,37.107947648356635],[126.81840443588845,37.10831041281307],[126.81833906870251,37.10847969267375],[126.81715423574441,37.10893883765481],[126.81689258291104,37.10895320793266],[126.81586149476801,37.10844890721077],[126.81550383958164,37.108405231144],[126.81508520236662,37.10846936880022],[126.8147012772393,37.10862295358331],[126.81465380732106,37.108734691021546],[126.81471405203435,37.10880393308879],[126.81473182062965,37.10905881617642],[126.81496290115585,37.10934948260873],[126.81500122823829,37.1096995856746],[126.81494740773735,37.10973539012787],[126.81465842585781,37.10968493545719],[126.81438966463132,37.109765877144646],[126.81391057933415,37.10968466478362],[126.81390159990816,37.1097217561197],[126.81453373556778,37.10984983965626],[126.81422615159134,37.11029022359069],[126.81431101447289,37.11098080169439],[126.81421805470255,37.11133964508132],[126.81456163293373,37.112149354500765],[126.81457864496679,37.11251530956373],[126.81449118897049,37.11275868229582],[126.8147170300725,37.11375295800959],[126.81440607333822,37.11456583360646],[126.81429515856628,37.11469823100023],[126.81437568609573,37.11495806064059],[126.8141752115615,37.115464309052214],[126.81428626378175,37.11572907066704],[126.81417837186581,37.116337248486786],[126.81465487770257,37.11643678314651],[126.81679283140667,37.11660815291818],[126.81802059120594,37.11663222516365],[126.8179965066835,37.116658075240494],[126.81815412318028,37.11668433256903],[126.8184753641393,37.11667170048722],[126.8184721163163,37.11663268874402],[126.81865507888014,37.116585692604815],[126.82088329536242,37.11638271182463],[126.82239994355155,37.11696274278487],[126.8229129787862,37.1170849339727],[126.82413443305512,37.11752517639663],[126.82432269075328,37.117648515121175],[126.82523716708347,37.11758920999348],[126.82524779643437,37.1175470473487],[126.82679475439689,37.11722237952331],[126.82673975242608,37.117189752310466],[126.8268326939075,37.11713470856941],[126.82736705560383,37.11707676369945],[126.82875421065422,37.11731682488321],[126.83047430735803,37.118254777162875],[126.83025253791058,37.11880249748623],[126.82961215895776,37.1190558669121],[126.83006652265873,37.11952052359108],[126.83004627267978,37.120047819334296],[126.82981312609962,37.12059734233977],[126.82966587221088,37.121148485100385],[126.82943883132249,37.12127955680009],[126.82929331194991,37.12232494860615],[126.82900932328177,37.122543068801264],[126.82808706653142,37.12274247863846],[126.82847073620626,37.123729226400435],[126.82765316116888,37.12452285130953],[126.82693407741112,37.125575876107035],[126.82626106801652,37.12637919200955],[126.82584762952428,37.12768517282325],[126.82601508862572,37.1277193545361],[126.82578416754471,37.1282374163188],[126.82629309789289,37.12817903331737],[126.82709435661693,37.12826671600634],[126.82740794891969,37.12818482051632],[126.82774770878476,37.12817486671582],[126.82800514339182,37.128044861108776],[126.82858505101677,37.127884960164714],[126.82902131806391,37.12982853977499],[126.82874717855621,37.12992896861709],[126.82868270828648,37.130022404107514],[126.82435441564286,37.12946727347815],[126.81497251329684,37.1372087037796],[126.81427184861903,37.13787401809979],[126.81370739505229,37.13861424133764],[126.81229651409619,37.139733718517874],[126.81205864421794,37.13952870953626],[126.81219830326053,37.139218610061434],[126.81199477847463,37.13905240104943],[126.81207959245286,37.138994914275905],[126.81193042848783,37.13887875538105],[126.81178419034447,37.13911002893835],[126.81017481683207,37.13975344312094],[126.80933926115524,37.139288671165424],[126.80927147418701,37.13910567457894],[126.80905596017811,37.13908984481763],[126.80829864543496,37.13924693693863],[126.80785632184252,37.139262019673765],[126.80754397552032,37.13908099212167],[126.8070941989058,37.138697001560026],[126.80693110247432,37.138434221241525],[126.8068466674078,37.13855779718104],[126.80663901995938,37.13810414534325],[126.80624663087957,37.1381972722612],[126.80157477564886,37.13839712376816],[126.80136725809027,37.13835920871357],[126.7961158069889,37.13430585007231],[126.79595367569333,37.13389931114356],[126.79590354343266,37.131185232772424],[126.79580821990207,37.13033442752161],[126.79575790754112,37.13033764708562],[126.7956157577821,37.13070936436532],[126.7950883478394,37.13081961027635],[126.79555782477725,37.13067581662183],[126.79570537454053,37.13030897447494],[126.79555096288391,37.13033422417959],[126.79524731617661,37.12882123204723],[126.79502944518222,37.128839792968286],[126.79500305591911,37.128752831323304],[126.78722284426482,37.12961042482432],[126.7865474198621,37.13252715629048],[126.7834826953108,37.134538459331],[126.782572284491,37.13488994025803],[126.77639730819989,37.13213876881247],[126.7763188389064,37.13204627083321],[126.77573569350223,37.12967607579659],[126.77529278007725,37.12952407975995],[126.77500732105366,37.12923809894357],[126.7746848647952,37.129042016872845],[126.77451736846314,37.128849997111125],[126.77423234247523,37.128338211136075],[126.77434604602442,37.128176266380294],[126.77395762043261,37.12801699909968],[126.77296386799796,37.12776970362031],[126.7721347551787,37.12749292059119],[126.77210558342276,37.12763950167117],[126.77188493044339,37.12784813705514],[126.77194399659774,37.12786746190733],[126.77204174677438,37.12849221662244],[126.77173352313697,37.12883298389291],[126.77213230511973,37.129233391439755],[126.77234085953903,37.12954879410534],[126.77246690747118,37.12989316808742],[126.77144902155025,37.12914687288796],[126.77085504799062,37.128525901963805],[126.7702945156018,37.1280794372612],[126.76979870389168,37.127729968694425],[126.76885850215442,37.12727614080694],[126.76865306635082,37.12711760253645],[126.76753200737679,37.12554541687646],[126.7671555266348,37.12512323224066],[126.76676636956059,37.12482815103834],[126.76660217854831,37.124839575593064],[126.76563913131294,37.12412493867319],[126.76545921116376,37.12411437166129],[126.76515604997307,37.123908903988045],[126.76499124563732,37.1235501719395],[126.76473383561267,37.123292208890035],[126.76482853637825,37.123223791680886],[126.76470830168249,37.12306882252867],[126.76450572554634,37.1229920083458],[126.76423962066822,37.12235913405338],[126.76419216000993,37.122163807561975],[126.7642507884754,37.12211942180607],[126.76416573680584,37.12187266896272],[126.76383440124488,37.121407944045266],[126.76366013936126,37.12137845449036],[126.76361465478466,37.1211959627226],[126.76344464610321,37.12096905126803],[126.76284937040765,37.12058893397636],[126.76277697194162,37.120421155979784],[126.76270315852811,37.120420962284825],[126.76230292729807,37.12010748045579],[126.7619484993262,37.11957840428446],[126.76204417495289,37.11944628663307],[126.76178351869336,37.119197681451695],[126.76133836952509,37.118905343362606],[126.76137485757168,37.118777683694525],[126.7608192243012,37.11828468912489],[126.76068197041856,37.11827179565921],[126.76040961258808,37.11792640834493],[126.76004056408588,37.117104922151675],[126.75999034807715,37.116835656621255],[126.75989886934934,37.116744580798475],[126.75972200613495,37.11632683338979],[126.75943433985455,37.115301304801946],[126.7587189172482,37.11356499444552],[126.7582868439024,37.111421343713154],[126.75896365350488,37.11075965173324],[126.76028964033837,37.11007112012898],[126.76070739221974,37.10964999544042],[126.76150702995058,37.10918120196782],[126.7613625111036,37.109033595642046],[126.762332816464,37.108450752890576],[126.76252557750529,37.1084122338951],[126.76276945720763,37.10801972023028],[126.76387127699736,37.1073142343014],[126.76447561757846,37.107219589398206],[126.76452858337169,37.10671764433408],[126.76466773548042,37.106515454820126],[126.76499390426413,37.10627094619681],[126.76559172225183,37.10606356932946],[126.76606020139755,37.106021628108586],[126.76568292181518,37.10600326276337],[126.76542129017825,37.10606175241164],[126.76536688566152,37.106021709235435],[126.76547990083988,37.10563450668245],[126.76541453529404,37.1049830833791],[126.76639750666142,37.10393337617837],[126.76659010222812,37.103823846867805],[126.76817601676872,37.10332444007651],[126.76865790623715,37.10325788902654],[126.76885143947273,37.103329380340035],[126.7697965717757,37.10430203922349],[126.76990109036076,37.10474641966517],[126.7702197302686,37.10492403626401],[126.77049050924934,37.10515901920335],[126.77056003582152,37.10527313838186],[126.77048112504885,37.1056671251633],[126.77068773258888,37.105840701688955],[126.77102120305753,37.10628305756465],[126.77109636798876,37.10649737591491],[126.77134835955472,37.10650447001861],[126.771428881184,37.10641361048961],[126.77138050473047,37.10618714402011],[126.77109381798763,37.105872136373634],[126.7709831123506,37.10565500069127],[126.77083618326468,37.10508517466102],[126.77069045422871,37.10489919218633],[126.77031089633974,37.10465098639886],[126.77012990409153,37.10429765315169],[126.77031179317072,37.10454096903422],[126.77044340158227,37.104553029396094],[126.7703294836523,37.10450943947961],[126.77001822407789,37.10403637180907],[126.76999353064478,37.103866420195665],[126.77010773269924,37.10350183191294],[126.77049480662967,37.103302939237224],[126.77011986056947,37.103416507400695],[126.77039508781208,37.10311482936768],[126.77036197442445,37.10293162485642],[126.77050286769875,37.10253019884778],[126.7705102145744,37.10227051929692],[126.77064770595425,37.102244386039295],[126.77080987519314,37.101603481823894],[126.77098991241795,37.101431846994295],[126.77127745749627,37.10130885251319],[126.77149934715612,37.10136567128569],[126.77170320738605,37.10110493989872],[126.7716114616137,37.10083203884973],[126.77101890710904,37.10111820903344],[126.77065165549914,37.101198535842755],[126.77048362451107,37.10081701604217],[126.7703104053175,37.10010732050725],[126.77026299030743,37.09959278692476],[126.77002670843417,37.09931024968652],[126.76981432027398,37.0988543589915],[126.76948951748317,37.098566808996445],[126.76940251709772,37.09838654422242],[126.7693832473807,37.097969974239646],[126.76922256943212,37.097560876444255],[126.76931992748949,37.097391271628226],[126.76908970811894,37.09712333244012],[126.7686949161002,37.09641629033255],[126.76848984528561,37.0958645297702],[126.7685303720811,37.09560784368532],[126.76864605946048,37.09543608579723],[126.76846643601544,37.09531757713561],[126.76831253510922,37.09511933001977],[126.76825855720706,37.09483570569857],[126.76770791242,37.0946905781838],[126.76711072770773,37.09492779256418],[126.76670194532352,37.09450664898535],[126.76654134246573,37.094266045524314],[126.76649511386142,37.093496873033125],[126.76653171213052,37.093352190408154],[126.76682051818887,37.09317379389254],[126.76707658866016,37.09310935198822],[126.76697353285697,37.09259126447817],[126.76699901262238,37.09209381301705],[126.76733319074192,37.091091603239505],[126.767220781686,37.090586851002875],[126.76689546136319,37.08996725208761],[126.76693604519366,37.089539455176165],[126.76704806710855,37.0893143216454],[126.76692642175455,37.08916937993165],[126.76687248899853,37.088892359564994],[126.76689822036835,37.08870352130202],[126.76667105901765,37.08866597511235],[126.76650526505446,37.088802932198085],[126.76571471645435,37.08899116241287],[126.76512593056955,37.08792702817689],[126.76472119870388,37.08689902150966],[126.76465385502293,37.08657225277241],[126.7646773150207,37.08642813000196],[126.765007151015,37.0863836540404],[126.76502519282724,37.0856952620151],[126.76508698801437,37.08532451781291],[126.7651706296616,37.08514760813256],[126.76524245378064,37.08508196481047],[126.76567436565038,37.08505035916865],[126.76574372036282,37.084870375081664],[126.76534934686201,37.08460258830716],[126.76510455669556,37.08423037719707],[126.76487251168616,37.08339854198434],[126.76480684938107,37.08167432140208],[126.7648956108938,37.081430283971926],[126.76510900974479,37.08126400419248],[126.76494049706349,37.08099168298493],[126.76462834144196,37.080949295830074],[126.76428512502085,37.081253087409046],[126.7639095642205,37.081080188026064],[126.76290981487445,37.08020690931158],[126.76291462309328,37.08012600370194],[126.7635417431422,37.07987792186386],[126.76343545673895,37.07967979952382],[126.76338019168291,37.07941061371104],[126.76341290931684,37.07931620312484],[126.76362029719026,37.07909324615467],[126.76397484108821,37.07892327764752],[126.76398699618541,37.078801280272096],[126.76400664687209,37.07819785182558],[126.76373164778332,37.07812684690581],[126.76364532783981,37.077661293649605],[126.7635504287191,37.076695390642485],[126.76366353848171,37.076457493943366],[126.76340570881946,37.076159247903895],[126.76325718812603,37.075605715828246],[126.76325984461798,37.07522745543215],[126.76348944206654,37.07441818611486],[126.76376897429017,37.07391523324315],[126.76393895045234,37.073748111402416],[126.76378597202675,37.073477324122805],[126.7636493910523,37.072691324153816],[126.76384269026468,37.072588017349325],[126.76432263768017,37.07258546381379],[126.76469106816738,37.07265149087276],[126.76493471806361,37.07214372385438],[126.76483973715266,37.07210572582239],[126.76470618764165,37.07238911371012],[126.76406264867389,37.07237362657566],[126.76382757231625,37.07231921821612],[126.76370914659445,37.072223360148605],[126.76381152378424,37.071869402796736],[126.76398205946776,37.07169804695718],[126.76442153619833,37.0714661456588],[126.76451504890733,37.070877010647294],[126.7642139927202,37.07069974650067],[126.76394852116522,37.07036590312978],[126.76386685050512,37.07018212102019],[126.7639334723011,37.07002809166249],[126.76382345486424,37.06985492132161],[126.76397856101474,37.069394221299504],[126.76422014176435,37.06924562394298],[126.76452949572842,37.06921887705214],[126.76450546217731,37.068757520939954],[126.76163757720921,37.06812462598337],[126.76312501678923,37.063066378917576],[126.76324298377794,37.063045287721046],[126.76515375592413,37.063555597756114],[126.76631961081637,37.06410088664484],[126.7661213902226,37.06432034400736],[126.76653977804794,37.064092915989995],[126.76676839776256,37.06417344609301],[126.76693965936718,37.06436476525853],[126.76815661937242,37.06433410521324],[126.76952830513459,37.06439571590592],[126.76954899384302,37.06461730085487],[126.76968662611031,37.06484040288878],[126.76989928954848,37.06502300428958],[126.76994059132727,37.06544752184258],[126.77036454308276,37.06550436773533],[126.77047052147189,37.06601489141891],[126.77030808548176,37.06667192766124],[126.77056058791099,37.06694177431938],[126.77064044787323,37.06725603137349],[126.77070372963627,37.06728606980568],[126.77085824830195,37.06714875996495],[126.77118906983526,37.06724041909735],[126.77132356431792,37.06735151090683],[126.771578720635,37.0673251810724],[126.77163602693952,37.067368110650115],[126.77211308839111,37.067991839909176],[126.77231900849998,37.06854071498206],[126.77217675628351,37.068663444175954],[126.77255608619974,37.06897120506859],[126.77282302475089,37.06968510044241],[126.7731521435945,37.070176651470796],[126.77320823952098,37.07030553031736],[126.773072521124,37.07048741887614],[126.7732029283807,37.070693166280655],[126.77365238260391,37.071054041003606],[126.77377697296173,37.07081416507517],[126.77289423637477,37.06940807076881],[126.7722034292729,37.06734069911398],[126.7723710850937,37.067107791865965],[126.774433496381,37.06626266752229],[126.77463535635898,37.0662269210901],[126.77479823615501,37.06628071959194],[126.77593725427157,37.067287693557134],[126.7762390792155,37.067753449969715],[126.77767290341794,37.06832743804963],[126.77790093026226,37.06846506394779],[126.77801955446132,37.068719684623424],[126.77802389438614,37.068907645539525],[126.77796484198062,37.07058844909342],[126.77782838976101,37.070656312227],[126.77794964747925,37.07073116682193],[126.7779935906259,37.07101142607132],[126.77818787212034,37.07130140253235],[126.77766236266805,37.07223586821428],[126.77795038822238,37.07232163386053],[126.77827111192512,37.072696205815504],[126.77841497079986,37.072776661999896],[126.77902375958526,37.07370770174338],[126.779241722835,37.073932276622294],[126.77927914402743,37.07409133917044],[126.78005930880991,37.07452832659984],[126.7807783318993,37.07411101517524],[126.78024980163488,37.073890847126115],[126.78002463258227,37.073664467526015],[126.77956818137471,37.073010947891305],[126.77941635338485,37.07263556945403],[126.77944731423537,37.072592061044205],[126.77911620904828,37.072790296243774],[126.778911240261,37.07249166012255],[126.77884664747212,37.07228050104769],[126.7788697549869,37.071961541243425],[126.77902642854455,37.0712810553376],[126.7793415690969,37.07081357991645],[126.77944449453375,37.0707705666724],[126.77982944862707,37.070848003145414],[126.780612394319,37.070889606000904],[126.78135809801388,37.07107905304449],[126.78141193042903,37.07097672012072],[126.78067914617235,37.07066374373363],[126.77982995833035,37.07064968018057],[126.77925615119304,37.0703673307572],[126.77913645980122,37.07016398886642],[126.77905078202517,37.0696341113753],[126.77922986942282,37.06916214590427],[126.77948858977754,37.0689249479864],[126.77958721104426,37.06891491446406],[126.78020950521623,37.06928280060819],[126.78036188859215,37.06912510139705],[126.78031587975931,37.06901145464393],[126.77941085275674,37.068440228766214],[126.77883569139348,37.06858506872135],[126.77832274373638,37.06777806776488],[126.77811609344351,37.06775938722093],[126.7774136447709,37.06751939775527],[126.77721176447697,37.067694984865405],[126.7769218730935,37.06770671790179],[126.7767990551713,37.06761383800687],[126.77666212557493,37.067216299778],[126.77656552672833,37.067101807764985],[126.77595462184921,37.06685258510329],[126.77578001144695,37.06672317566981],[126.77582642830531,37.06624465516612],[126.77594444809621,37.066164441693495],[126.77609653307613,37.06622246189774],[126.77558260740138,37.065862752912174],[126.77529129424447,37.0654353910368],[126.77486418327801,37.0653924240775],[126.77476031757038,37.06474801021007],[126.77471440931906,37.0647515717634],[126.77483659453029,37.06540996012694],[126.77527967155584,37.06546446421419],[126.77532285383744,37.06557631446947],[126.77450330054975,37.06542850647936],[126.77371758789295,37.06553499287457],[126.77338719830053,37.06569481940472],[126.77320915162429,37.06587771716033],[126.77283682478729,37.065822080249326],[126.77237620103192,37.065990041746105],[126.77161273713033,37.06598668148158],[126.7715318388755,37.06593726354905],[126.7713197384533,37.06504517783796],[126.77011126254544,37.06319718723728],[126.76965422250976,37.06087896572201],[126.76969905857942,37.06079474076677],[126.77144656634829,37.05968051634646],[126.7722774716173,37.05950801202646],[126.77219793071436,37.05920394731858],[126.77220757412249,37.05899949641763],[126.77238755179872,37.05878677842651],[126.77255471634125,37.058684695158966],[126.77537449794221,37.0586470954393],[126.77564905185922,37.0587686313972],[126.77578930228951,37.05871004978571],[126.7760004479293,37.058728472600016],[126.77615819417099,37.05850192031559],[126.7761678378516,37.05822531179798],[126.77443038621874,37.05831206048511],[126.77390246104996,37.05825957105379],[126.77332913906535,37.05806766035476],[126.7726928036319,37.05793562726397],[126.77259270533426,37.05797395468248],[126.77240229855713,37.057931759728135],[126.77243125849154,37.05798097773292],[126.77232095592845,37.05834304672858],[126.77197671386389,37.05844546301866],[126.7717437751489,37.05889512988425],[126.77147568929406,37.059184113385115],[126.77135026094741,37.059251260731706],[126.7708534621642,37.05933295055723],[126.77002412052083,37.06007102798634],[126.76955214358541,37.059726791655855],[126.76424676733025,37.05852252534502],[126.76436527744285,37.05776814785579],[126.76430333933205,37.057754048527045],[126.76489683649415,37.05634642813425],[126.76484225371567,37.05631734102606],[126.763856468553,37.058251605072925],[126.76378280263643,37.05827390300372],[126.75678567288323,37.056011844922054],[126.75627621181668,37.05627444448184],[126.73461595953428,37.07342583213994],[126.73438954027905,37.073954155479555],[126.73305521200523,37.074997185382664],[126.73243241977502,37.075130482955],[126.69809551733795,37.10210496692284],[126.69789023602429,37.10303009663182],[126.6898125211279,37.109339686145695],[126.68889156245639,37.109475213298055],[126.68612196187308,37.11163446557104],[126.6861973747924,37.11284784592363],[126.68633331233411,37.11286884146872],[126.68640357360701,37.11296417954813],[126.68596074769738,37.11328621015837],[126.6845022879013,37.113498482941246],[126.6835433134169,37.11350898057856],[126.68353201704312,37.11333144259532],[126.68345849272774,37.11326384654684],[126.68258381893834,37.11326780460858],[126.68256284743585,37.113224767912484]]]]}},{"type":"Feature","id":"41591350","properties":{"code":"41591350","name":"장안면","district":"만세구","city":"화성시","province":"경기도","fullName":"경기도 화성시 만세구 장안면","source":"VWorld LT_C_ADEMD_INFO"},"geometry":{"type":"MultiPolygon","coordinates":[[[[126.81262065520033,37.01340908914911],[126.8340233033109,37.01337731419204],[126.84211151547768,37.01431655588869],[126.85113762543124,37.018392169091086],[126.85479455750857,37.02169466778192],[126.8565995711913,37.02393154185744],[126.85911075280424,37.027205468333094],[126.86385276221854,37.033761842849],[126.87080365502098,37.043978812515654],[126.87744401275178,37.05272629581611],[126.88177226678583,37.05986718793349],[126.88358701258835,37.06416708783348],[126.88374006669453,37.06698757310309],[126.88348901416299,37.06980497933932],[126.88301602598791,37.0730817137629],[126.88170957031556,37.07635874999949],[126.88065708587494,37.079635605455785],[126.87999510540936,37.08291238181104],[126.8795338801104,37.08371379068739],[126.87909847588014,37.084629118538174],[126.87834227411422,37.08739370325998],[126.87825835409764,37.08800757235807],[126.8782299228484,37.08843688956498],[126.87836918831809,37.08946604624178],[126.87955322448897,37.09274231992986],[126.87996751467101,37.09353733655174],[126.8796368976775,37.09383186035291],[126.87835613631555,37.0952736938115],[126.87735121046255,37.096488194341845],[126.87753365807986,37.096608622663254],[126.87779963700616,37.097013845817266],[126.87781859026661,37.09713890568965],[126.8777703758503,37.09735485750608],[126.87754425893888,37.09744823249837],[126.8776287428086,37.09747929020653],[126.8777633138491,37.099394137817],[126.87731247789237,37.09958506063724],[126.87639664187705,37.101092507736354],[126.87644515689968,37.10128608844869],[126.87643871786766,37.10204157486251],[126.87593203658594,37.10203874172553],[126.87586578240949,37.10189264588288],[126.87550683455179,37.101547096259424],[126.87497373887174,37.10128975377743],[126.87477117127611,37.101263316644825],[126.87378564107092,37.10147746836272],[126.87332875576207,37.101459819256064],[126.87291690026628,37.10206210997496],[126.87285126187697,37.102307018766645],[126.87261566340229,37.10259295735679],[126.87186298411034,37.102617276462475],[126.87146700788497,37.10269217146185],[126.87051532765106,37.10270721699792],[126.8700972800036,37.10302195397938],[126.86930717882288,37.103383355631394],[126.86914461709338,37.103922629292505],[126.86905496964641,37.103966978435665],[126.8682138421624,37.10401021491529],[126.86762169920983,37.10393477800456],[126.86734155759906,37.104050256476064],[126.86714519086973,37.10424920420599],[126.86728213404645,37.104344961628094],[126.86658626649809,37.10404754339109],[126.866625497636,37.104121817248455],[126.86653777940445,37.10416210290441],[126.86586615176384,37.10444325087978],[126.86570449508818,37.10444166021563],[126.86550868533726,37.10464073200372],[126.86532147005644,37.10499029013907],[126.86541782154195,37.10520616826677],[126.86546235059579,37.10551963459428],[126.86502108664942,37.10621334813378],[126.86484874832438,37.106300327068915],[126.86479447200435,37.10652902523952],[126.86484762268262,37.106726526433235],[126.86447123116062,37.10730506715307],[126.86413840246688,37.107543093096446],[126.8638366524539,37.1079199622048],[126.86379139121364,37.10822515213648],[126.86391871173167,37.108579523922565],[126.86377915067756,37.1088093119488],[126.86374140007278,37.1090048517693],[126.86333656225798,37.1095008997767],[126.8629659053046,37.10972761502077],[126.86263505492462,37.11008146993976],[126.86257497599065,37.11028505667103],[126.86263973030447,37.11057096609451],[126.86284522454818,37.11080534644046],[126.86262388218051,37.11090760075329],[126.86218097457943,37.111521467402255],[126.86191501129406,37.11208187376804],[126.86069100539301,37.11254743566175],[126.85972083146812,37.11249971292732],[126.85933969787334,37.11259951725561],[126.85934795382154,37.11298597267742],[126.85907055669107,37.11329362121214],[126.85894113267561,37.11365513207628],[126.85872943361721,37.1139473785813],[126.85807366401052,37.11434963907426],[126.8579144092686,37.114709535808785],[126.85785715505418,37.115094749476064],[126.85686983032208,37.1159083931413],[126.8559993966533,37.115953417254346],[126.85510538134191,37.11657572201547],[126.85501709654116,37.11651983756009],[126.85376674147211,37.11679257694075],[126.85354389432227,37.11714408964696],[126.85331835588174,37.117697714566695],[126.8534984116902,37.11792044638263],[126.85286997341781,37.118808750768416],[126.85236522808675,37.11896142270505],[126.85213246480635,37.11939961978772],[126.85159965335899,37.12052728606722],[126.85170771967444,37.12086971586251],[126.85159927317174,37.12107966003653],[126.85067532206001,37.12127565736231],[126.84982099757029,37.121634169939064],[126.84961226587647,37.121612097165446],[126.84900557145328,37.12220240208016],[126.84853826629104,37.12234956426368],[126.8484127371865,37.12343209286285],[126.84818534188759,37.12374034752422],[126.84809904307143,37.12401472447441],[126.84811542340188,37.12416150059357],[126.8483879139277,37.12443775602881],[126.84881557977234,37.124558445300174],[126.8493429200285,37.12509720657205],[126.84893264874226,37.12631013058296],[126.84914557358266,37.12667189875402],[126.84914074876384,37.12689509293799],[126.84889689975775,37.12704908500886],[126.84882916319334,37.127151898298386],[126.84886619307618,37.12749024712206],[126.8487935143734,37.12774506200947],[126.84822328318013,37.1284070881341],[126.84759923898648,37.12855243979496],[126.84680386336247,37.12922126681063],[126.84620844888201,37.129499292747475],[126.84547713435391,37.12952415677777],[126.84526070414006,37.12965694851762],[126.84504099075518,37.12983171566374],[126.8446708815956,37.13059101391818],[126.84405858769045,37.13077806321064],[126.84353526919683,37.130788693321655],[126.84314127798814,37.13087492121915],[126.84307487441745,37.13106710851742],[126.84294298200625,37.13119055686289],[126.84243970439861,37.13142657165968],[126.84213544412876,37.13186272388618],[126.84137660707286,37.132691311045186],[126.84129117643667,37.133097859393665],[126.84111952544872,37.1335426128678],[126.84111489272046,37.134041979756425],[126.84095178467977,37.1345486829172],[126.84131541257844,37.13561490525912],[126.84148930234208,37.136481674425774],[126.84117785445632,37.13697834686898],[126.84119207776246,37.13713423935508],[126.84144695422268,37.13725514471298],[126.841637594421,37.1375076248473],[126.84251003925709,37.13782287837967],[126.84379988214651,37.1384436339958],[126.84437495244511,37.139170394301715],[126.84523598729326,37.14008474086159],[126.84559712232766,37.13992871245233],[126.84625384801038,37.139860040076336],[126.8467912784908,37.139985826900975],[126.84728324609635,37.14021964248516],[126.84769600014151,37.140710712048325],[126.84717083019851,37.141272430726374],[126.84663452186368,37.14161285189704],[126.84586406192358,37.14264096227424],[126.84566242153892,37.14277770242202],[126.84253581498406,37.14378182858793],[126.84196402596751,37.144507227593195],[126.84051683044474,37.14546450424895],[126.83983783344208,37.14602438601982],[126.83981362492226,37.14615516774952],[126.83989362050595,37.14660511808749],[126.8400949904963,37.147256835044224],[126.83997177013433,37.147383652442365],[126.83970895623595,37.147486599607696],[126.83979168315048,37.14762681705919],[126.83968232514496,37.14794051319426],[126.83970398948948,37.14855529437175],[126.83950699227398,37.14873491127357],[126.8391732285478,37.148914836197456],[126.8357652734498,37.15009025428542],[126.83527794843819,37.15035044428922],[126.83495983571399,37.150392266069815],[126.83413377856505,37.150296816508714],[126.8334181202067,37.150087841147],[126.8330033161376,37.150098163934466],[126.8321017416385,37.15030179596963],[126.83054850854256,37.1503193169974],[126.82981259930101,37.15008490805107],[126.82886739809456,37.15005540434917],[126.82811015178571,37.150117922270475],[126.82599162549121,37.14985926609172],[126.82465188371701,37.14984615576847],[126.82357068256766,37.14991922581029],[126.82313518768571,37.15002582340977],[126.82303890706005,37.14976383296801],[126.82140696181798,37.15026273660626],[126.82033909423036,37.15046174635303],[126.81901131823099,37.15049619308799],[126.81385921134553,37.14974642154719],[126.8112431218484,37.14930695337695],[126.80601361273067,37.14876435485144],[126.80740703561904,37.14536812161342],[126.80803559625326,37.144837510558055],[126.81639544167368,37.14369711690803],[126.81639475153544,37.14362928462102],[126.81668195404288,37.143229359213755],[126.8165557362688,37.14333962234945],[126.81318556664498,37.1404932438913],[126.81219867505718,37.13982376670576],[126.81370739505229,37.13861424133764],[126.81427184861903,37.13787401809979],[126.81497251329684,37.1372087037796],[126.82435441564286,37.129467273478085],[126.82868270828648,37.130022404107514],[126.82874717855626,37.12992896861709],[126.82902131806391,37.12982853977499],[126.82858505101677,37.127884960164714],[126.82800514339182,37.12804486110868],[126.82774770878471,37.12817486671582],[126.82740794891961,37.12818482051622],[126.82709435661693,37.12826671600634],[126.82629309789289,37.12817903331737],[126.82578416754477,37.1282374163188],[126.8260150886257,37.1277193545361],[126.82584762952428,37.12768517282325],[126.82626106801652,37.12637919200948],[126.82693407741112,37.12557587610693],[126.82765316116887,37.12452285130943],[126.82847073620623,37.12372922640036],[126.82808706653138,37.12274247863846],[126.82900932328177,37.122543068801264],[126.82929331194988,37.12232494860616],[126.82943883132249,37.12127955680009],[126.82966587221088,37.121148485100385],[126.82981312609962,37.12059734233977],[126.8300462726798,37.120047819334296],[126.83006652265873,37.11952052359108],[126.82961215895776,37.1190558669121],[126.83025253791058,37.11880249748623],[126.83047430735797,37.118254777162875],[126.82875421065422,37.11731682488321],[126.8273670556038,37.11707676369945],[126.82683269390748,37.11713470856941],[126.82673975242608,37.117189752310466],[126.8267947543969,37.11722237952332],[126.82524779643437,37.1175470473487],[126.82523716708347,37.1175892099934],[126.82432269075328,37.117648515121175],[126.82413443305512,37.11752517639663],[126.8229129787862,37.1170849339726],[126.82239994355152,37.11696274278487],[126.82088329536242,37.11638271182463],[126.81865507888014,37.116585692604815],[126.81847211631629,37.11663268874402],[126.8184753641393,37.11667170048722],[126.81815412318028,37.11668433256903],[126.8179965066835,37.11665807524041],[126.81802059120587,37.11663222516365],[126.81679283140667,37.11660815291818],[126.81465487770254,37.11643678314651],[126.81417837186578,37.116337248486786],[126.81428626378175,37.11572907066704],[126.8141752115615,37.115464309052214],[126.81437568609573,37.11495806064059],[126.81429515856628,37.11469823100023],[126.81440607333822,37.11456583360646],[126.81471703007249,37.11375295800959],[126.81449118897049,37.11275868229582],[126.81457864496679,37.11251530956373],[126.81456163293373,37.112149354500765],[126.81421805470255,37.11133964508132],[126.81431101447289,37.11098080169439],[126.8142261515913,37.11029022359069],[126.81453373556778,37.10984983965626],[126.8139002200975,37.109742937795055],[126.81391057933415,37.10968466478362],[126.8143896646313,37.109765877144646],[126.81465842585781,37.10968493545719],[126.81494740773735,37.10973539012787],[126.81500122823826,37.1096995856746],[126.81496290115585,37.10934948260862],[126.81473182062965,37.10905881617642],[126.81471405203435,37.10880393308879],[126.81465380732106,37.10873469102146],[126.8147012772393,37.10862295358331],[126.81508520236662,37.10846936880022],[126.81550383958164,37.108405231144],[126.815861494768,37.10844890721077],[126.81689258291104,37.10895320793266],[126.81715423574441,37.10893883765481],[126.8183390687025,37.108479692673654],[126.81840443588843,37.10831041281307],[126.8184169869169,37.10794764835654],[126.8186440956656,37.10772815873017],[126.81878043713498,37.107349032593326],[126.81954095594799,37.10656652499157],[126.81897111751144,37.10631268621464],[126.81791576530222,37.10652046289531],[126.81795388586355,37.10647632501657],[126.81771791695384,37.10552105433204],[126.81768609479008,37.104737246642976],[126.81794392458742,37.10442694313508],[126.8187307243688,37.10445452338685],[126.81882091090398,37.1042262170578],[126.81918315231462,37.104048103695966],[126.81987258705182,37.103371565783256],[126.82054244723226,37.103191359989005],[126.82089138674145,37.10327216724796],[126.82211884324755,37.10380173522303],[126.82252380268388,37.10292481530095],[126.82324984634883,37.1031565708415],[126.8236519374173,37.103441872998594],[126.82452587274027,37.10381114570856],[126.8247745685462,37.10309006611996],[126.82625117261351,37.102569841754935],[126.82672540016395,37.10246505470145],[126.8272433494069,37.10281375171735],[126.82842172192188,37.10282139740073],[126.82877610373716,37.10256931132549],[126.8296071074071,37.10222470148966],[126.82984155732487,37.102194810579675],[126.83000696587189,37.10198173325451],[126.83115818096005,37.10161757163655],[126.83144863455622,37.10105112334917],[126.83243213328949,37.10050103644475],[126.83259613064827,37.09984949807115],[126.83344020792897,37.09952844248122],[126.83385765656473,37.09907075462122],[126.8334321807528,37.09899159804196],[126.83343424005344,37.098802829041865],[126.83294938540526,37.09863626490496],[126.83229346754851,37.098203056633594],[126.83187082268964,37.09806289676722],[126.83103714588779,37.097607062827],[126.83006901772187,37.097578094865945],[126.82977066135109,37.097784753682085],[126.82951478704585,37.097624516918],[126.8286705132256,37.09678607911329],[126.82821217078002,37.096728895809335],[126.82791956208314,37.09657007062707],[126.82781904284572,37.096215897145385],[126.82807481987679,37.0957833933934],[126.82812950694591,37.095513227526254],[126.8281367564472,37.09471585427675],[126.82840626851348,37.09438379289626],[126.82828258647827,37.09391737687026],[126.82837303782347,37.09368802698863],[126.82815871455287,37.09347573054305],[126.82808734562835,37.09325328963952],[126.82814126280478,37.09312275980693],[126.82815654816767,37.0925601331699],[126.82863851557887,37.09220331397313],[126.82891419293912,37.091880595254814],[126.82908119743408,37.09147059441052],[126.82896732204809,37.09111420359152],[126.82832973463455,37.090384712896594],[126.82850629728762,37.08998556647195],[126.82837060993333,37.089667203978955],[126.82809959101237,37.08933001860601],[126.82788391309978,37.08872615458998],[126.82769558355828,37.08843148417374],[126.82762872580267,37.08812754846823],[126.82722054073284,37.08772759918518],[126.82650107994893,37.087303590809306],[126.82652593006351,37.08685127683285],[126.82481673389528,37.086640778082355],[126.82478296353734,37.08660477543464],[126.82486469583924,37.08623185790172],[126.82369499896816,37.08623146171698],[126.82369567803926,37.08613333718202],[126.8232133454789,37.086013943371455],[126.8231594029922,37.085563331700094],[126.82293445132402,37.08542450013368],[126.82337227746056,37.08480757111077],[126.82240474628409,37.084384958024025],[126.82270696484005,37.08364044344479],[126.82257474159337,37.083514176542],[126.82193341605857,37.083263739451894],[126.82145993971271,37.082851416775185],[126.82102685327753,37.08228316185777],[126.82048729641686,37.08211519271416],[126.82014462807618,37.08192598694811],[126.81916308672174,37.080923844005355],[126.81790465097471,37.080087420352726],[126.81737512745795,37.07992335414411],[126.81712092118073,37.079732132354785],[126.81665968026464,37.07982150264839],[126.81632872430664,37.07978168211471],[126.81600155579078,37.07953529812084],[126.81519680709513,37.07928250538014],[126.81421916382115,37.08091951078399],[126.81320500103098,37.08087131122851],[126.81288201100917,37.08111495873886],[126.81226801006027,37.081280767266016],[126.8105464538887,37.08118990237551],[126.8102329433464,37.08113016143928],[126.80986352865345,37.08082432150008],[126.80966606500496,37.08052574185389],[126.80911209094734,37.0800163934527],[126.80853698458833,37.079732201437665],[126.8081351830142,37.079687836579154],[126.80815970185883,37.07851764035742],[126.80821008146724,37.07828814987368],[126.80819617594969,37.07803339695778],[126.80803400962043,37.077768103160814],[126.80802719645746,37.077652305559894],[126.80754664646362,37.0774554586392],[126.80730788664654,37.07725714967624],[126.80697664105996,37.07713449495785],[126.80677589362382,37.07694962802324],[126.80653546971853,37.07634850386195],[126.80677898352556,37.07596991702762],[126.80720032747764,37.07557088764498],[126.8073263663671,37.07536393075632],[126.807399147295,37.07509473129376],[126.80735394129907,37.07462687066842],[126.80753384810069,37.07420613445237],[126.80819036497137,37.07381906439461],[126.80904915996507,37.07346962302323],[126.80949146813099,37.07338469378576],[126.8099733026341,37.073438184925095],[126.81144626461823,37.074047365814806],[126.81186618366878,37.07398972109176],[126.81193714665525,37.07359003294388],[126.81213228215373,37.072998724745915],[126.81243280143357,37.0726119813162],[126.81256050719699,37.07173443221955],[126.81191797466408,37.07124492269131],[126.81082180224148,37.07006323236205],[126.80997477437528,37.06948108738705],[126.80973138755752,37.06935486066441],[126.80946273807493,37.06931214816274],[126.80890762653522,37.06884506499022],[126.80771583285093,37.06813259040145],[126.80700503716245,37.067970533213206],[126.80651307920981,37.06779655918557],[126.80600016095603,37.067466060843266],[126.80593749147367,37.067336564797145],[126.80574741069688,37.06720368679126],[126.8051827833439,37.06689226517862],[126.80389824166099,37.066688645556674],[126.8036063851045,37.06661149653567],[126.80367125514901,37.06661927278641],[126.80366138522048,37.06657502310469],[126.80332566156518,37.06651679465102],[126.80238846230343,37.06651132369901],[126.801940302886,37.06627103183524],[126.80152113161411,37.06530759325117],[126.80027581170995,37.06399288940695],[126.80004385719958,37.06399942491694],[126.79934753100346,37.063790743336455],[126.79877549331493,37.06400177856031],[126.79827821495061,37.063769381284985],[126.79806793273346,37.063348728498994],[126.79737168629084,37.0628333492208],[126.79680627383476,37.062625517650474],[126.796322744391,37.062537198028814],[126.79622743900178,37.06211744353976],[126.79634373152021,37.06161609423523],[126.79652861651049,37.0611990227291],[126.79655058093579,37.06069515834745],[126.79604577714741,37.059619810632455],[126.79606742949863,37.05926606306611],[126.79593339256198,37.058923056820035],[126.79588511112064,37.057620249489545],[126.79603494047596,37.05712979803089],[126.79593948527427,37.057060385822965],[126.79593724800284,37.05686864429312],[126.79598604617874,37.05687109863565],[126.79591844463002,37.05656227657959],[126.79607088032307,37.056234345634],[126.7970477705222,37.0558514314247],[126.79763490661323,37.05537564303174],[126.7982562382582,37.05452762603523],[126.79894466144883,37.05406024023926],[126.79977217549038,37.05364007755449],[126.80046283040214,37.05341966878158],[126.80094807424305,37.05258424686041],[126.80170246689575,37.05213346388573],[126.80179677708493,37.05181143750555],[126.80127717583765,37.051621455047645],[126.80069662378102,37.05117525715531],[126.80103613054008,37.04999083910346],[126.80142289628382,37.050108891870856],[126.8017967121452,37.05011988391711],[126.80304505428055,37.049204116265635],[126.80411351247703,37.04890100472476],[126.80492364236788,37.0485588811615],[126.80516759595112,37.04853661425495],[126.80590009514567,37.04884278105314],[126.80663780607603,37.0488803079047],[126.80714061453467,37.048467750304866],[126.80793557720517,37.04867285311887],[126.80850638876521,37.04861976402681],[126.80946093339877,37.04807415812521],[126.80991722884379,37.04770106120556],[126.80995241742481,37.04756118234599],[126.81018924430396,37.047662357772275],[126.81044787384081,37.04735787151322],[126.81055989183224,37.04712083697089],[126.81071238761871,37.046439659420635],[126.81080228477782,37.046295398940984],[126.81072904350195,37.04591101215596],[126.81086779515701,37.045307700408515],[126.81132077341874,37.04463721333346],[126.81137617209599,37.04441502683542],[126.81119885323851,37.0431108169514],[126.81127209369129,37.04247720457321],[126.81141332803001,37.04220837212176],[126.81110669920642,37.041936929464285],[126.8100460097157,37.04141197275774],[126.81051306138689,37.04067654401696],[126.81083879910155,37.04039210514142],[126.81073686026146,37.03985755394277],[126.81109028263731,37.03869356318066],[126.81131073508966,37.0382831107185],[126.81095330193533,37.03728021593026],[126.81089361723981,37.03676794376931],[126.81097696482556,37.03637021082428],[126.81110615083503,37.03628606914574],[126.81140839828223,37.03627250605304],[126.81185212648829,37.036034838355995],[126.81257675094471,37.03548956818508],[126.81265723926008,37.03533916376438],[126.81301121578434,37.03509020259926],[126.81306860318942,37.03494987118362],[126.81303942474189,37.03468176589052],[126.81309816535408,37.03439387756448],[126.81307255870801,37.03435422591955],[126.8127934633493,37.03439415931682],[126.8126607900035,37.03376436240717],[126.81266173777577,37.0279881666961],[126.81142346921555,37.026842245565064],[126.81132848727295,37.026894571714614],[126.80984145973163,37.02548267163283],[126.80918535695274,37.024550182941304],[126.80931915145666,37.02431125561163],[126.80949909498587,37.02413654999101],[126.81055910934975,37.023635012343],[126.81109109647099,37.023153902462134],[126.81145148461016,37.02264264499079],[126.81171581400217,37.02207951134504],[126.81260984896565,37.02071190467124],[126.81261949023963,37.01539548189332],[126.81262065520033,37.01340908914911]]]]}},{"type":"Feature","id":"41591340","properties":{"code":"41591340","name":"팔탄면","district":"만세구","city":"화성시","province":"경기도","fullName":"경기도 화성시 만세구 팔탄면","source":"VWorld LT_C_ADEMD_INFO"},"geometry":{"type":"MultiPolygon","coordinates":[[[[126.83054850854256,37.1503193169974],[126.8321017416385,37.15030179596963],[126.8330033161376,37.150098163934466],[126.8334181202067,37.150087841147],[126.83413377856505,37.150296816508714],[126.83495983571399,37.150392266069815],[126.83527794843819,37.15035044428922],[126.8357652734498,37.15009025428542],[126.8391732285478,37.148914836197456],[126.83950699227398,37.14873491127357],[126.83970398948948,37.14855529437175],[126.83968232514496,37.14794051319426],[126.83979168315048,37.14762681705919],[126.83970895623595,37.147486599607696],[126.83997177013433,37.147383652442365],[126.8400949904963,37.147256835044224],[126.83989362050595,37.14660511808749],[126.83981362492226,37.14615516774952],[126.83983783344208,37.14602438601982],[126.84051683044474,37.14546450424895],[126.84196402596751,37.144507227593195],[126.84253581498406,37.14378182858793],[126.84566242153892,37.14277770242202],[126.84586406192358,37.14264096227424],[126.84663452186368,37.14161285189704],[126.84717083019851,37.141272430726374],[126.84767133167966,37.14075377740611],[126.84766097504505,37.1406546571404],[126.84728324609635,37.14021964248516],[126.8467912784908,37.139985826900975],[126.84625384801038,37.139860040076336],[126.84559712232766,37.13992871245233],[126.84523598729326,37.14008474086159],[126.84437495244511,37.139170394301715],[126.84379988214651,37.1384436339958],[126.84251003925709,37.13782287837967],[126.841637594421,37.1375076248473],[126.84144695422268,37.13725514471298],[126.84119207776246,37.13713423935508],[126.84117785445632,37.13697834686898],[126.84148930234208,37.136481674425774],[126.84131541257844,37.13561490525912],[126.84095178467977,37.1345486829172],[126.84111489272046,37.134041979756425],[126.84111952544872,37.1335426128678],[126.84138319536065,37.1326783898159],[126.84213544412876,37.13186272388618],[126.84234765452148,37.13152041007328],[126.84252843961532,37.13136241847146],[126.84304279944953,37.13111117226633],[126.84311032718497,37.130892621634715],[126.84353526919683,37.130788693321655],[126.84405858769045,37.13077806321064],[126.8446708815956,37.13059101391818],[126.84504099075518,37.12983171566374],[126.84526070414006,37.12965694851762],[126.84547713435391,37.12952415677777],[126.84620844888201,37.129499292747475],[126.84680386336247,37.12922126681063],[126.84759923898648,37.12855243979496],[126.84822328318013,37.1284070881341],[126.84860205387844,37.12797898142296],[126.8487935143734,37.12774506200947],[126.84886619307618,37.12749024712206],[126.84882916319334,37.127151898298386],[126.84889689975775,37.12704908500886],[126.84914074876384,37.12689509293799],[126.84914557358266,37.12667189875402],[126.84893264874226,37.12631013058296],[126.8493429200285,37.12509720657205],[126.84881557977234,37.124558445300174],[126.8483879139277,37.12443775602881],[126.84811542340188,37.12416150059357],[126.84809904307143,37.12401472447441],[126.84818534188759,37.12374034752422],[126.8484127371865,37.12343209286285],[126.84853826629104,37.12234956426368],[126.84900557145328,37.12220240208016],[126.84961226587647,37.121612097165446],[126.84982099757029,37.121634169939064],[126.85067532206001,37.12127565736231],[126.85159927317174,37.12107966003653],[126.85170771967444,37.12086971586251],[126.85159965335899,37.12052728606722],[126.85213246480635,37.11939961978772],[126.85236522808675,37.11896142270505],[126.85286997341781,37.118808750768416],[126.8534984116902,37.11792044638263],[126.85331835588174,37.117697714566695],[126.85354389432227,37.11714408964696],[126.85376674147211,37.11679257694075],[126.85501709654116,37.11651983756009],[126.85510538134191,37.11657572201547],[126.8559993966533,37.115953417254346],[126.85686983032208,37.1159083931413],[126.85785715505418,37.115094749476064],[126.8579144092686,37.114709535808785],[126.85807366401052,37.11434963907426],[126.85872943361721,37.1139473785813],[126.85894113267561,37.11365513207628],[126.85907055669107,37.11329362121214],[126.85934795382154,37.11298597267742],[126.85933969787334,37.11259951725561],[126.85972083146812,37.11249971292732],[126.86069100539301,37.11254743566175],[126.86191501129406,37.11208187376804],[126.86218097457943,37.111521467402255],[126.86262388218051,37.11090760075329],[126.86284522454818,37.11080534644046],[126.86263973030447,37.11057096609451],[126.86257497599065,37.11028505667103],[126.86263505492462,37.11008146993976],[126.8629659053046,37.10972761502077],[126.86333656225798,37.1095008997767],[126.86374140007278,37.1090048517693],[126.86377915067756,37.1088093119488],[126.86391871173167,37.108579523922565],[126.86379139121364,37.10822515213648],[126.8638366524539,37.1079199622048],[126.86413840246688,37.107543093096446],[126.86447123116062,37.10730506715307],[126.86484762268262,37.106726526433235],[126.86479447200435,37.10652902523952],[126.86484874832438,37.106300327068915],[126.86502108664942,37.10621334813378],[126.86546235059579,37.10551963459428],[126.86541782154195,37.10520616826677],[126.86532147005644,37.10499029013907],[126.86550868533726,37.10464073200372],[126.86570449508818,37.10444166021563],[126.86586615176384,37.10444325087978],[126.86653777940445,37.10416210290441],[126.866625497636,37.104121817248455],[126.86658626649809,37.10404754339109],[126.86728213404645,37.104344961628094],[126.86714519086973,37.10424920420599],[126.86734155759906,37.104050256476064],[126.86762169920983,37.10393477800456],[126.8682138421624,37.10401021491529],[126.86905496964641,37.103966978435665],[126.86914461709338,37.103922629292505],[126.86930717882288,37.103383355631394],[126.8700972800036,37.10302195397938],[126.87051532765106,37.10270721699792],[126.87146700788497,37.10269217146185],[126.87186298411034,37.102617276462475],[126.87261566340229,37.10259295735679],[126.87285126187697,37.102307018766645],[126.87291690026628,37.10206210997496],[126.87332875576207,37.101459819256064],[126.87378564107092,37.10147746836272],[126.87477117127611,37.101263316644825],[126.87497373887174,37.10128975377743],[126.87550683455179,37.101547096259424],[126.87586578240949,37.10189264588288],[126.87593203658594,37.10203874172553],[126.87643871786766,37.10204157486251],[126.87644515689968,37.10128608844869],[126.87639664187705,37.101092507736354],[126.87731247789237,37.09958506063724],[126.8777633138491,37.099394137817],[126.8776287428086,37.09747929020653],[126.87754425893888,37.09744823249837],[126.8777703758503,37.09735485750608],[126.87781859026661,37.09713890568965],[126.87779963700616,37.097013845817266],[126.87753365807986,37.096608622663254],[126.87735121046255,37.096488194341845],[126.87835613631555,37.0952736938115],[126.8796368976775,37.09383186035291],[126.87996751467101,37.09353733655174],[126.88034891157808,37.09406425252292],[126.88179717211031,37.09509268882122],[126.88265678694512,37.095812995991565],[126.88297551912149,37.09616340391766],[126.88322132246594,37.09664854586825],[126.88334206343634,37.09741044948303],[126.88367288634771,37.09849476280188],[126.88391039940231,37.098827354484776],[126.8844843108202,37.09922200969653],[126.88602379412677,37.09953442945356],[126.8865508239619,37.09976545058832],[126.88690555549404,37.10006267505855],[126.88716895865437,37.10139228052654],[126.88750470766686,37.10210480112916],[126.88817935420967,37.102939215956454],[126.88852622136628,37.103804284417315],[126.88851517263832,37.10435068512916],[126.88842240978114,37.10483314984701],[126.88816666590988,37.10515095247096],[126.88776243283517,37.10531761274644],[126.88679474627162,37.1049681690704],[126.88627476010822,37.104927441669254],[126.8854699543333,37.10515712975621],[126.88482232175377,37.1058454979331],[126.88457612092249,37.106398199129785],[126.88467754587772,37.10673894432451],[126.88495909459574,37.10707485669293],[126.88592357026029,37.107883626684696],[126.88565229718367,37.10806469097183],[126.88614249439783,37.10852605124067],[126.8864187718347,37.1088820485238],[126.88654817046985,37.109122945829135],[126.88697410466672,37.11053376634169],[126.88771885624176,37.111458428216714],[126.88805137547376,37.1119631770703],[126.88821565340014,37.11239895955843],[126.88815357088501,37.11261009916362],[126.88802643070201,37.11280873287843],[126.88789360546264,37.11290366728066],[126.8888439599071,37.114999172467655],[126.88966941065983,37.11510204368531],[126.89011519102252,37.115278025316925],[126.89054703579428,37.11626172702205],[126.89057764868633,37.116448598890386],[126.89033382345035,37.11663583548418],[126.89001329535604,37.11707585412237],[126.88991340457639,37.117304853918704],[126.8899266076307,37.11793802109191],[126.89016090510015,37.11895134466384],[126.89024941854477,37.119008987259726],[126.89019748226518,37.11915317067779],[126.89041029661124,37.119511143866056],[126.89022844941262,37.11975938566851],[126.89026892108612,37.11988380550953],[126.8897565304738,37.121655476645245],[126.88964071419629,37.1227616122937],[126.88892755446884,37.12286695556837],[126.88843203215833,37.1232192204965],[126.8878187723589,37.12327579705654],[126.88763122520923,37.123651672843856],[126.88700706130447,37.124475285681285],[126.88729073006958,37.12476124807719],[126.88751775478934,37.124866673845005],[126.88756838636789,37.12484070902829],[126.88792784005871,37.12512350789822],[126.88854841397325,37.125864669510406],[126.88858975534554,37.126138755979085],[126.88865584941802,37.12621865244244],[126.88862164325765,37.126800116142746],[126.88890611122983,37.126989509207064],[126.88889804811909,37.127244148860555],[126.88876821441664,37.1274833368102],[126.88784111186925,37.1279698775634],[126.8885556101465,37.12788302287385],[126.88966337638192,37.12878124488223],[126.88935030402413,37.12850863219039],[126.88997948634538,37.130298406014134],[126.89056964927585,37.131284930145554],[126.89090778069513,37.13198817699934],[126.89114284871982,37.133036358776536],[126.89246593870989,37.13549985864761],[126.89358457028753,37.134666830282065],[126.89432860254412,37.13488134350008],[126.89491360446475,37.13523997697865],[126.89513932815323,37.13566960419252],[126.89546987335369,37.13606267887384],[126.89538305377587,37.136725326546376],[126.89540981480854,37.1370091284842],[126.8958976793359,37.13758446361841],[126.89558872481923,37.13857881637343],[126.89562285979785,37.1386198988805],[126.89665405851665,37.1386804471775],[126.89755404198021,37.13841749229126],[126.89808299229041,37.13837075773319],[126.89740073818531,37.14036563420441],[126.89695108569936,37.14137941926129],[126.89724441155664,37.14119719626285],[126.89779798693816,37.14108332915077],[126.89797786002337,37.14095691538936],[126.89811065476593,37.14076236768319],[126.89876983317004,37.14135572586976],[126.89929080234876,37.14208579521007],[126.89982526746418,37.143260165071574],[126.89973994154083,37.14341806449244],[126.90172768487191,37.14554388761594],[126.90196650086207,37.14610224555277],[126.9027221423071,37.14614081199493],[126.90362368479978,37.14634508966088],[126.9041380138192,37.146549097101726],[126.90401399468443,37.146864976321176],[126.90396262142154,37.14739131097584],[126.90341642379508,37.14776921221796],[126.90352624965814,37.14860767829161],[126.90443015472954,37.14948926372284],[126.90537754904456,37.150187792633965],[126.90617154087374,37.14984822361032],[126.90688806336803,37.14929699332153],[126.90738990189548,37.1492483035114],[126.90769276307998,37.14885991971635],[126.90956109555508,37.14792091915972],[126.91192080282781,37.146493115865944],[126.91148865679892,37.145784813259326],[126.91139993713571,37.14550058080043],[126.9113018673309,37.144759002687046],[126.91094524235545,37.143472657641794],[126.91096800517911,37.142723142864114],[126.91090715154317,37.141983052203365],[126.91055482029859,37.14167689277049],[126.91035967040624,37.1406493525837],[126.91129132037318,37.140721455725874],[126.91179775723789,37.14067431848051],[126.91262832470616,37.14046867488782],[126.91357123603467,37.1404186667689],[126.9140849501476,37.14020644309051],[126.91420614611724,37.14005850729196],[126.91549140366863,37.14030045166709],[126.91547212030962,37.140184147676294],[126.91554061798332,37.14001573635418],[126.91592503105582,37.14019878424205],[126.91601503716396,37.14027955657057],[126.91602376915182,37.14047137918713],[126.91636781315606,37.14068481608289],[126.91646945213722,37.14069052062112],[126.91649036980458,37.1405447181034],[126.91699808223245,37.14078373420858],[126.91710806921792,37.140924322874085],[126.91699674986151,37.14104053355236],[126.91698626963617,37.14114316510008],[126.91724600360392,37.14146044878443],[126.91782029043925,37.14173852425582],[126.91821966806457,37.141785137695315],[126.9185105144388,37.14190073960615],[126.91880928513713,37.14207869022161],[126.91879076375503,37.142125829428835],[126.91891691624542,37.1422273039238],[126.91951908390828,37.14256752720138],[126.92021477745246,37.142793341753894],[126.9204779600743,37.14271279656607],[126.92101993383463,37.142733358391325],[126.92130045992782,37.14266359073868],[126.9218839169281,37.14331109356937],[126.92472546714168,37.14389394025191],[126.92534997877911,37.14450765398756],[126.92633691235336,37.144953809653],[126.92710142314401,37.14518907938441],[126.92792154277511,37.14558689263442],[126.92843713158399,37.14593632455018],[126.92914802077125,37.14617503506041],[126.92917507635897,37.14626175088482],[126.92904481611261,37.146374176796165],[126.92912292390885,37.147328484512855],[126.92943095250769,37.14789353314019],[126.92939392720452,37.14794470843391],[126.92995676671384,37.14836950836534],[126.93058432080025,37.14848575185283],[126.93107305395247,37.14867317385891],[126.93134955359233,37.149003573584],[126.93144478561723,37.14920786246813],[126.93193474813289,37.14927715365037],[126.93271724598907,37.14953076102243],[126.93321344021402,37.1494457903554],[126.93321403575034,37.14965979065188],[126.93328174270408,37.149811116340125],[126.93403046483235,37.15023485931554],[126.9344765215823,37.15067721370708],[126.9347767166456,37.15127608723544],[126.93507447349478,37.15305913913641],[126.93581987674315,37.15548132930674],[126.93681653876871,37.15689141924628],[126.93746302215966,37.15733757446339],[126.93728904807786,37.1585738937365],[126.93693957570152,37.15970774862554],[126.93600645734104,37.15989098793271],[126.93519604312573,37.16016898904083],[126.93474377201545,37.16042666994552],[126.9342294021975,37.160628800142725],[126.93370629557448,37.16067712275406],[126.93314934758627,37.16057401097743],[126.9329232947634,37.160687520906095],[126.93141423481352,37.161063385392936],[126.93124459132089,37.16137311120828],[126.93075447080025,37.161728563422635],[126.9298697139754,37.16175478414854],[126.92950310268891,37.16141868638216],[126.9273822748614,37.16100496810628],[126.92678579397993,37.16102813801596],[126.92618592863063,37.16095588150967],[126.92593702903301,37.16065455589659],[126.92501256106343,37.16051649855785],[126.92525387295176,37.15989427126378],[126.92427974806955,37.15959847432216],[126.9241930846035,37.159399123393605],[126.92421785170359,37.15918934786751],[126.92360449474462,37.15839204783032],[126.92286600364568,37.15780780520272],[126.92242594693279,37.15665550944698],[126.92231004541017,37.15615324912765],[126.92201614786374,37.156023418129344],[126.92096716219048,37.15503192282458],[126.92076711577184,37.15503606672066],[126.92054776939982,37.15468583154541],[126.9195920004229,37.154379285880715],[126.91718042090568,37.15563312890789],[126.9174620041678,37.1561394404489],[126.91673597852888,37.15669296183507],[126.9163013204738,37.15692786058087],[126.91494915607063,37.15734837454978],[126.91554790641189,37.15833111813778],[126.91587999535632,37.15915343232572],[126.91555886606281,37.15937021798871],[126.91550323866257,37.159540908745086],[126.91532376297492,37.15972061910334],[126.91461900669141,37.16009032827914],[126.91438951266211,37.160462230674185],[126.91452392035897,37.16060213640857],[126.91416368501038,37.160669098873534],[126.91423321262623,37.160671321622395],[126.91503926571627,37.16155641067181],[126.91496658930578,37.16252814049727],[126.91507862474747,37.162782525680875],[126.91488659617468,37.16339837948568],[126.91494821221377,37.16361726256091],[126.91527093824517,37.164024150759246],[126.9151869855609,37.16467511633322],[126.91530781381012,37.16555780972501],[126.91558273498805,37.166142340177046],[126.91564391302919,37.1661947715498],[126.91598646842604,37.16598309231835],[126.91651828311022,37.165922771152246],[126.91704502659624,37.16622006164488],[126.91735732299867,37.166782493783494],[126.91809360663248,37.16684457399654],[126.91868683914893,37.16706703571384],[126.91980015418031,37.16698764209623],[126.92083912434353,37.16708745127406],[126.92146407319805,37.16733057272724],[126.92190287655905,37.1674145667763],[126.92205978719996,37.16760486562019],[126.92239641949358,37.16780422276625],[126.92286614473237,37.16790960677661],[126.92327480741073,37.16830400532033],[126.92328932943636,37.168481161235746],[126.92273998756124,37.1684066230094],[126.92230108253234,37.16849998557229],[126.92132672920833,37.16885977718478],[126.9206941536721,37.16916959684876],[126.91959752454343,37.16932500485283],[126.91888939943341,37.16953043912719],[126.91862406747684,37.169708733701334],[126.91865108048998,37.169810445008984],[126.91895283148713,37.16992712521455],[126.91907983434872,37.170034726808815],[126.9196385608009,37.170758998973184],[126.91972670899281,37.17120099737324],[126.91948052504891,37.17319273996276],[126.9190010939453,37.17329962293687],[126.91895271353579,37.173451388918885],[126.91826865612173,37.17396460726243],[126.91788319816695,37.17452872567995],[126.91776676215163,37.17499310692058],[126.91731357383911,37.175508059355344],[126.91715580665026,37.175972915131005],[126.91754094565255,37.17660404856525],[126.91802145099429,37.17691306913888],[126.91918041011064,37.17734668040506],[126.9194328922611,37.17765132869546],[126.91907518123038,37.17868244694292],[126.91913063311594,37.17884496245662],[126.91944215617141,37.17897686674762],[126.92079208449223,37.17906029385908],[126.92099141920272,37.179828915099655],[126.92078240271287,37.18038084481238],[126.92050248652647,37.180760814792706],[126.92097131223744,37.181775993165004],[126.92102078482134,37.1822412465572],[126.92091837386202,37.182559715205365],[126.9209028100676,37.183196177371144],[126.92080137406374,37.1837503424401],[126.92040259910034,37.184438280908715],[126.92025615195888,37.18516432531534],[126.92043011899986,37.185421504142475],[126.92038544845,37.18602758974287],[126.92000428315653,37.186201554579725],[126.91951680735215,37.18659066868474],[126.9193508776852,37.18704427579166],[126.91923378802389,37.18766561933149],[126.91965479058038,37.18802937503691],[126.92000216952258,37.18851436846155],[126.91980753010762,37.18909413883184],[126.91995485796956,37.18966539552518],[126.91856382321919,37.19012985633592],[126.91771229555039,37.19086752929048],[126.91520229308622,37.191457597665355],[126.91469375192293,37.1918778613984],[126.91359940677651,37.19165400963822],[126.91308710347639,37.191650474779145],[126.91234606383503,37.19183048003789],[126.91188790058291,37.191454281124145],[126.91075153992277,37.191661413593145],[126.91065877976328,37.191483097614594],[126.91030228382007,37.19143446460549],[126.9095829527364,37.19184797532087],[126.9093186139316,37.19218320225779],[126.90882417736955,37.19231192736939],[126.90857270096188,37.1921926031322],[126.90835242975358,37.191692070422135],[126.90821599214217,37.191637900325354],[126.90768674160424,37.19175047357766],[126.90670486097338,37.19175576507659],[126.90626492346674,37.19116688515619],[126.90588797344687,37.191328012933624],[126.90486167317626,37.19213262509045],[126.90469972733044,37.19214882884359],[126.9043123879495,37.191991135089786],[126.90348447336781,37.1921476314676],[126.90353551178586,37.19230808684758],[126.90326373129571,37.19229740967884],[126.9029484365106,37.19223944486225],[126.90241873336346,37.19192207824785],[126.9016497277088,37.19232931800966],[126.9011810993188,37.19234156380054],[126.90096139158078,37.19246339716438],[126.9007410801252,37.19275085079921],[126.90051766326698,37.19289089931768],[126.90042634438933,37.1932367688769],[126.90002534768952,37.193860823583925],[126.89923716005043,37.19396903721138],[126.89829373878052,37.19383993729576],[126.89671446304274,37.194202429192394],[126.89590834183241,37.19399931165302],[126.8954799022837,37.19367168736191],[126.89537838488454,37.1933444539039],[126.89539869456,37.192819441885824],[126.89573979812394,37.192410771289126],[126.89572817964243,37.19172102847889],[126.89554729405181,37.19170930643723],[126.89470395983335,37.191903832890134],[126.89449928395969,37.19202997482118],[126.89415984098756,37.192582810668014],[126.89415692093344,37.192950894139315],[126.89395799978236,37.193265439924495],[126.89330417840911,37.19379101912534],[126.89285789927695,37.19405308524077],[126.89284901492107,37.194106563144544],[126.8919913779457,37.194542023607866],[126.89194377876234,37.19462854301863],[126.89046932366621,37.195578629015635],[126.89026475890257,37.19610113335581],[126.88990673729441,37.19655522067319],[126.88946201451505,37.1974524668796],[126.88821265229545,37.197049340704744],[126.88758015709884,37.1971490925732],[126.88633921249749,37.19706479845644],[126.88581865972526,37.196960013391255],[126.88562146632516,37.19680733685996],[126.88526034747925,37.19678547515623],[126.88548444355781,37.197184353090535],[126.8821432333864,37.19713020610612],[126.88111194210352,37.19633009805223],[126.88103163292824,37.196167711200005],[126.88104587864683,37.196041651479334],[126.88125061533151,37.19559272458727],[126.88096847568214,37.19594314260788],[126.8808803617183,37.19614184146301],[126.87871574666659,37.19441399048641],[126.87898781474777,37.19317566829577],[126.87664378437677,37.19361204832219],[126.87673986795116,37.19348268735582],[126.87677528422323,37.193095932923534],[126.87639233618074,37.19288254907217],[126.87580779585494,37.19307706075895],[126.87509152460288,37.193499105198434],[126.87478860905861,37.19423218736127],[126.87451613569624,37.19448562093184],[126.87409065848748,37.19519665633765],[126.87347073746405,37.19580563505249],[126.87327177134772,37.19656445103129],[126.87261621072687,37.19682608786817],[126.87142362115632,37.19710864959864],[126.87057363555375,37.19764045594827],[126.86837340385956,37.198223520738075],[126.86777722650037,37.198441415665215],[126.86759920666013,37.19863084840233],[126.86728500214201,37.198822919898035],[126.86706419985833,37.199292041560405],[126.86700792060384,37.199656792486834],[126.86575789593124,37.200230079822525],[126.8653953319163,37.1998780133362],[126.86409880438879,37.19969955163871],[126.86330677627313,37.19988213705669],[126.86264011124693,37.20020672456344],[126.86237246402666,37.20003071595423],[126.86236802750912,37.19981509988904],[126.86249696284074,37.19954636163451],[126.86219300226702,37.19929751462591],[126.8621816516828,37.19887888511775],[126.86256435338322,37.197094707887075],[126.86285878533147,37.19639680628199],[126.86282555418246,37.196349759887354],[126.86290571726883,37.19620729039682],[126.8630727388699,37.196128869512535],[126.86318949934476,37.195947472393215],[126.86288550279781,37.195724928475606],[126.86184751947269,37.19534618973769],[126.86062945177471,37.195122946479216],[126.86050047496404,37.19476642979655],[126.86063174166793,37.19402983750841],[126.86013672689091,37.193626624928925],[126.85972626864046,37.19315095931556],[126.85983491608022,37.19277443436573],[126.85975308629017,37.192463773229534],[126.85977449428226,37.19235069963718],[126.85992508460309,37.19200340056527],[126.86059534260299,37.19128240815611],[126.86061984766505,37.19044105901047],[126.86105122183703,37.189871299370886],[126.86076403944645,37.18955026742059],[126.86029480770445,37.18923302758913],[126.86026407382636,37.18882725904491],[126.85996169297208,37.18847093103542],[126.85890314446095,37.188326656789314],[126.85865773036464,37.188140772750685],[126.85824303435338,37.18813455043172],[126.85782769649302,37.18788456592831],[126.85743129343996,37.18715411118685],[126.8573700096113,37.18629848435447],[126.8575555920209,37.185676861909634],[126.85706329854749,37.185626362877315],[126.8567495665471,37.18513667582646],[126.85668064988057,37.18481542264279],[126.8569856985583,37.18458922696694],[126.8574909405797,37.18433489101274],[126.85770734159672,37.18412825552785],[126.85760070924248,37.18359203040335],[126.85807945175458,37.18341713201696],[126.85806724909536,37.1826403519239],[126.85887298779025,37.1821380808862],[126.86003642583957,37.18187891086864],[126.86112416228826,37.18153222017533],[126.8608652464116,37.18030412843047],[126.8605801509229,37.18011618269063],[126.86008587299155,37.179408686249324],[126.85974349105415,37.17850165232797],[126.85990269181208,37.17809949796226],[126.86065163138498,37.17694015665232],[126.86090056628724,37.17677091115207],[126.86128131394612,37.17688875980837],[126.86168137582534,37.176779863363755],[126.86299909094669,37.176829634928225],[126.86329533938259,37.17686917639248],[126.86331415774465,37.17691134033959],[126.86360282539627,37.176698470711926],[126.8635600966784,37.176454237042485],[126.8636060394811,37.1763922083236],[126.86388944380022,37.17615556221038],[126.86421920224547,37.17606376750641],[126.86460427052018,37.175273183043785],[126.86507498149138,37.175068016646975],[126.86510816206003,37.17477548455364],[126.86475067545621,37.174449163468395],[126.86335705314704,37.172381713764565],[126.86247415289023,37.17159091229018],[126.86217309548347,37.17102370908017],[126.86224426924275,37.170648596099895],[126.86220235405774,37.17060331419575],[126.86229828043581,37.17036068440616],[126.86231377540363,37.16927917377784],[126.86247081139504,37.169174025503246],[126.86250619634912,37.169218849139334],[126.86273328287672,37.16910405132819],[126.8624442393089,37.168620930508894],[126.85923529895176,37.16539893451005],[126.85866176126066,37.16498727597867],[126.85438218429339,37.16325004320022],[126.85291794090665,37.16288599451958],[126.85171487301777,37.162652910330905],[126.85114672829059,37.162277894840415],[126.85067801995592,37.161836145293705],[126.84896142312856,37.16068213620309],[126.8488255682274,37.16044300280302],[126.8476116751475,37.15977175439064],[126.84642750747635,37.15934025679474],[126.84506952320568,37.15869993393608],[126.84479140106147,37.15833879499461],[126.84475391342126,37.15801671002835],[126.8448547807244,37.15735737359299],[126.84468164332661,37.15692986648673],[126.84374234151699,37.1560543665991],[126.84330062341382,37.15555139701688],[126.84106292949079,37.15430544358709],[126.84045067966244,37.154016367062525],[126.83972003659545,37.1532180950808],[126.83946360937816,37.153029947734375],[126.83877403270888,37.15276563478587],[126.83562243063278,37.15185157378654],[126.83299637939902,37.1515656062584],[126.83213076449181,37.15139053269008],[126.83109681456922,37.150917188204176],[126.83054850854256,37.1503193169974]]]]}},{"type":"Feature","id":"41591253","properties":{"code":"41591253","name":"향남읍","district":"만세구","city":"화성시","province":"경기도","fullName":"경기도 화성시 만세구 향남읍","source":"VWorld LT_C_ADEMD_INFO"},"geometry":{"type":"MultiPolygon","coordinates":[[[[126.9972374964343,37.12422849662719],[126.99676910491533,37.124717383074405],[126.99684329922651,37.12500950850207],[126.99682168212664,37.12574650865385],[126.99688752453014,37.125909169912255],[126.99681833453889,37.12620019033758],[126.99722861085453,37.12715703734887],[126.99736933268487,37.12796539769509],[126.99698681144056,37.12852823730855],[126.99674136524683,37.12869263434917],[126.99613338976647,37.12932773554678],[126.99566067205375,37.12952467495546],[126.99556917428583,37.12946649825414],[126.99518624957332,37.12948734691522],[126.99451468431484,37.12962028702157],[126.99391787172138,37.129663473973054],[126.99319251493652,37.12986063938816],[126.9928541965805,37.12978383623414],[126.99285808850628,37.129700759186434],[126.991453694598,37.12908464170781],[126.99072420967661,37.129183035982145],[126.99025703693333,37.12915954711151],[126.98985617989624,37.129511001229254],[126.98963921604182,37.129630657929184],[126.98936473328276,37.12968829770349],[126.98906012147135,37.12969488887989],[126.98855863068103,37.12955916322719],[126.98750722506651,37.129807500843555],[126.98703758305705,37.130148719279454],[126.98676961282595,37.13049387165248],[126.98642478344344,37.131091867832026],[126.98592723488368,37.13152140869973],[126.98559093395569,37.132397496154674],[126.98559663812105,37.132512579694634],[126.98451200899032,37.13274398235924],[126.9843715461053,37.133251373328974],[126.98380560174319,37.13363786984883],[126.98345305343413,37.13359764765704],[126.9830362659848,37.13407117797886],[126.98270999834068,37.13456182320413],[126.98226118239103,37.1348131995771],[126.98216328911111,37.13544567907636],[126.98200271607303,37.13564707454986],[126.98222664632841,37.136751867256926],[126.9825444028245,37.137855971555645],[126.98253126541914,37.1387248201069],[126.98240518577305,37.13895878562825],[126.98236645441115,37.139507755657675],[126.98212409096685,37.13998712212171],[126.9822709297678,37.140277546747924],[126.98214415733891,37.14087599715694],[126.98218677395184,37.14147820545736],[126.982254851017,37.14159128076743],[126.98190092118249,37.14174904234043],[126.98082975895753,37.14180659087368],[126.97972437712889,37.14218432190792],[126.97920960746983,37.14312019569816],[126.97857624791415,37.14341806230716],[126.97799422113683,37.142985667847306],[126.97721839738342,37.14292851078448],[126.97601622562581,37.143013011490986],[126.97561323087315,37.14278909342522],[126.97490033737195,37.14264372176667],[126.97463614124014,37.1427620606265],[126.9740928541217,37.143376797185006],[126.9730821737763,37.14352253884144],[126.97217502268607,37.14380353665415],[126.97084054600063,37.14365989541253],[126.97016117666304,37.1436683588267],[126.96973968311717,37.14402985740106],[126.96950614219776,37.1444508027771],[126.96918428735326,37.144629998042305],[126.96803153279417,37.14431664318222],[126.96774823337925,37.14430173150619],[126.96755835744518,37.1443599844467],[126.96712406623276,37.143740276930025],[126.96613859293474,37.143568822892504],[126.96564847680017,37.1436459500001],[126.96541110522384,37.143555727560525],[126.9646254405381,37.143559828810744],[126.96412559697346,37.14375359697639],[126.96328964677667,37.14361010797973],[126.96273723440042,37.14369614139992],[126.9620907459006,37.14393475242132],[126.96078470894676,37.144059476300875],[126.96068890687346,37.14434132889055],[126.95994970140231,37.14468786946225],[126.9596689805776,37.14385395396063],[126.95958891196076,37.14382637146144],[126.95942433007863,37.14352529822414],[126.95867376570527,37.143040713144096],[126.95836906001479,37.142578497327605],[126.95780704547192,37.14270923259436],[126.95540436061242,37.1434938790266],[126.95503337400527,37.1438846471902],[126.95491604987934,37.145051663410015],[126.95451610055534,37.14523720359988],[126.9540474043879,37.145142982968906],[126.95362361579758,37.14518946907982],[126.95301360469978,37.145420737711184],[126.9528083856317,37.145652305335055],[126.95257535846821,37.14650274939958],[126.9526858071506,37.14675836960467],[126.95241031463667,37.147438100236904],[126.95243498886266,37.148168792184826],[126.95236072787023,37.14843494140259],[126.95118113215533,37.14864139124175],[126.95081683600947,37.14885446111662],[126.95057720978764,37.14878808598306],[126.95017392908863,37.148819800281174],[126.9497423937626,37.14924908131726],[126.94898717885279,37.14947454387104],[126.94820442143403,37.15007552085345],[126.94761674821333,37.150015209003136],[126.9468046203238,37.150205310474824],[126.94635706333766,37.15046276802953],[126.94586837905628,37.15009527971564],[126.94565969257805,37.14951509301697],[126.94568084377944,37.14839668947605],[126.94579373310602,37.14779840753945],[126.94531967303051,37.1464653103428],[126.94510936317734,37.14608948038255],[126.9454362934507,37.145752929968474],[126.94585595155142,37.14471825916162],[126.94593406520637,37.144458504131435],[126.94587254036475,37.14415255866635],[126.94536159646555,37.143944309608315],[126.94417590299442,37.143841418485785],[126.9435040331453,37.14417878841703],[126.94293466782403,37.14413068956229],[126.94239206564671,37.14327712267256],[126.94225608763584,37.14294485439357],[126.94206476473425,37.14281786324797],[126.94126775556414,37.14311269109838],[126.9389410585125,37.14480779090316],[126.9387049431259,37.144811432450325],[126.93824542037166,37.144939984652915],[126.9378125778409,37.144900881437465],[126.93705670754501,37.14523151080279],[126.93625329164809,37.14534568522479],[126.93556497010974,37.1456091326657],[126.9340518971385,37.144505860837896],[126.93347655163056,37.14396277361254],[126.93309074908656,37.14380466000757],[126.9329059729562,37.14354709525269],[126.93272449172498,37.143468247037994],[126.93162531220786,37.14335137729329],[126.93065813677443,37.14351669613189],[126.93000990814473,37.143525605809785],[126.92906277679475,37.143262256593985],[126.92867327163157,37.143210901162846],[126.92856568545868,37.14394371574535],[126.92855197712325,37.14457554384881],[126.92850941620301,37.144566921600536],[126.92849875586404,37.144696955027925],[126.92855633488135,37.14465573125195],[126.92864083717103,37.14484962678744],[126.92884641216631,37.14508557659423],[126.92894392940015,37.14527740745491],[126.92890686406889,37.14528901735533],[126.92927704024919,37.145875432543704],[126.92914802077125,37.14617503506041],[126.92843713158399,37.14593632455018],[126.92792154277511,37.14558689263442],[126.92710142314401,37.14518907938441],[126.92633691235336,37.144953809653],[126.92534997877911,37.14450765398756],[126.92472546714168,37.14389394025191],[126.9218839169281,37.14331109356937],[126.92130045992782,37.14266359073868],[126.92101993383463,37.142733358391325],[126.9204779600743,37.14271279656607],[126.92021477745246,37.142793341753894],[126.91951908390828,37.14256752720138],[126.91891691624542,37.1422273039238],[126.91879076375503,37.142125829428835],[126.91880928513713,37.14207869022161],[126.9185105144388,37.14190073960615],[126.91821966806457,37.141785137695315],[126.91782029043925,37.14173852425582],[126.91724600360392,37.14146044878443],[126.91698626963617,37.14114316510008],[126.91699674986151,37.14104053355236],[126.91710806921792,37.140924322874085],[126.91699808223245,37.14078373420858],[126.91649036980458,37.1405447181034],[126.91646945213722,37.14069052062112],[126.91636781315606,37.14068481608289],[126.91602376915182,37.14047137918713],[126.91601503716396,37.14027955657057],[126.91592503105582,37.14019878424205],[126.91554061798332,37.14001573635418],[126.91547212030962,37.140184147676294],[126.91549140366863,37.14030045166709],[126.91420614611724,37.14005850729196],[126.9140849501476,37.14020644309051],[126.91357123603467,37.1404186667689],[126.91262832470616,37.14046867488782],[126.91179775723789,37.14067431848051],[126.91129132037318,37.140721455725874],[126.91035967040624,37.1406493525837],[126.91055482029859,37.14167689277049],[126.91090715154317,37.141983052203365],[126.91096800517911,37.142723142864114],[126.91094524235545,37.143472657641794],[126.9113018673309,37.144759002687046],[126.91139993713571,37.14550058080043],[126.91148865679892,37.145784813259326],[126.91192080282781,37.146493115865944],[126.90956109555508,37.14792091915972],[126.90769276307998,37.14885991971635],[126.90738990189548,37.1492483035114],[126.90688806336803,37.14929699332153],[126.90617154087374,37.14984822361032],[126.90537754904456,37.150187792633965],[126.90443015472954,37.14948926372284],[126.90352624965814,37.14860767829161],[126.90341642379508,37.14776921221796],[126.90396262142154,37.14739131097584],[126.90401399468443,37.146864976321176],[126.9041380138192,37.146549097101726],[126.90362368479978,37.14634508966088],[126.9027221423071,37.14614081199493],[126.90196650086207,37.14610224555277],[126.90172768487191,37.14554388761594],[126.89973994154083,37.14341806449244],[126.89982526746418,37.143260165071574],[126.89929080234876,37.14208579521007],[126.89876983317004,37.14135572586976],[126.89811065476593,37.14076236768319],[126.89797786002337,37.14095691538936],[126.89779798693816,37.14108332915077],[126.89724441155664,37.14119719626285],[126.89695108569936,37.14137941926129],[126.89740073818531,37.14036563420441],[126.89808299229041,37.13837075773319],[126.89755404198021,37.13841749229126],[126.89665405851665,37.1386804471775],[126.89562285979785,37.1386198988805],[126.89558872481923,37.13857881637343],[126.8958976793359,37.13758446361841],[126.89540981480854,37.1370091284842],[126.89538305377587,37.136725326546376],[126.89546987335369,37.13606267887384],[126.89513932815323,37.13566960419252],[126.89491360446475,37.13523997697865],[126.89432860254412,37.13488134350008],[126.89358457028753,37.134666830282065],[126.89246593870989,37.13549985864761],[126.89114284871982,37.133036358776536],[126.89090778069513,37.13198817699934],[126.89056964927585,37.131284930145554],[126.88997948634538,37.130298406014134],[126.88935030402413,37.12850863219039],[126.88966337638192,37.12878124488223],[126.8885556101465,37.12788302287385],[126.88784111186925,37.1279698775634],[126.88876821441664,37.1274833368102],[126.88889804811909,37.127244148860555],[126.88890611122983,37.126989509207064],[126.88862164325765,37.126800116142746],[126.88865584941802,37.12621865244244],[126.88858975534554,37.126138755979085],[126.88854841397325,37.125864669510406],[126.88792784005871,37.12512350789822],[126.88756838636789,37.12484070902829],[126.88751775478934,37.124866673845005],[126.88729073006958,37.12476124807719],[126.88700706130447,37.124475285681285],[126.88763122520923,37.123651672843856],[126.8878187723589,37.12327579705654],[126.88843203215833,37.1232192204965],[126.88892755446884,37.12286695556837],[126.88964071419629,37.1227616122937],[126.8897565304738,37.121655476645245],[126.89026892108612,37.11988380550953],[126.89022844941262,37.11975938566851],[126.89041029661124,37.119511143866056],[126.89019748226518,37.11915317067779],[126.89024941854477,37.119008987259726],[126.89016090510015,37.11895134466384],[126.8899266076307,37.11793802109191],[126.88991340457639,37.117304853918704],[126.89001329535604,37.11707585412237],[126.89033382345035,37.11663583548418],[126.89057764868633,37.116448598890386],[126.89054703579428,37.11626172702205],[126.89011519102252,37.115278025316925],[126.88966941065983,37.11510204368531],[126.8888439599071,37.114999172467655],[126.88789360546264,37.11290366728066],[126.88802643070201,37.11280873287843],[126.88815357088501,37.11261009916362],[126.88821565340014,37.11239895955843],[126.88805137547376,37.1119631770703],[126.88771885624176,37.111458428216714],[126.88697410466672,37.11053376634169],[126.88654817046985,37.109122945829135],[126.8864187718347,37.1088820485238],[126.88614249439783,37.10852605124067],[126.88565229718367,37.10806469097183],[126.88592357026029,37.107883626684696],[126.88495909459574,37.10707485669293],[126.88467754587772,37.10673894432451],[126.88457612092249,37.106398199129785],[126.88482232175377,37.1058454979331],[126.8854699543333,37.10515712975621],[126.88627476010822,37.104927441669254],[126.88679474627162,37.1049681690704],[126.88776243283517,37.10531761274644],[126.88816666590988,37.10515095247096],[126.88842240978114,37.10483314984701],[126.88851517263832,37.10435068512916],[126.88852622136628,37.103804284417315],[126.88817935420967,37.102939215956454],[126.88750470766686,37.10210480112916],[126.88716895865437,37.10139228052654],[126.88690555549404,37.10006267505855],[126.8865508239619,37.09976545058832],[126.88602379412677,37.09953442945356],[126.8844843108202,37.09922200969653],[126.88391039940231,37.098827354484776],[126.88367288634771,37.09849476280188],[126.88334206343634,37.09741044948303],[126.88322132246594,37.09664854586825],[126.88297551912149,37.09616340391766],[126.88265678694512,37.095812995991565],[126.88179717211031,37.09509268882122],[126.88034891157808,37.09406425252292],[126.87996751467101,37.09353733655174],[126.87955322448897,37.09274231992986],[126.87836918831809,37.08946604624178],[126.8782299228484,37.08843688956498],[126.87834227411422,37.08739370325998],[126.87909847588014,37.084629118538174],[126.8795338801104,37.08371379068739],[126.87999510540936,37.08291238181104],[126.88065708587494,37.079635605455785],[126.88170957031556,37.07635874999949],[126.88301602598791,37.0730817137629],[126.88348901416299,37.06980497933932],[126.88374006669453,37.06698757310309],[126.88525849336175,37.06669171935086],[126.88884503385829,37.06693846704978],[126.88880029685278,37.06677623289548],[126.8910937771743,37.06701266646272],[126.89197055663938,37.067202702848235],[126.89342026321589,37.067771703305255],[126.894195832351,37.06797965226667],[126.89410597882555,37.067907485781355],[126.8960842172848,37.06846792030677],[126.89770321184014,37.06862252896197],[126.89855641706941,37.06964147535586],[126.89975940111803,37.069786683541174],[126.90135575235477,37.07008539321807],[126.90197222146122,37.07160871069119],[126.90198303078327,37.07194211349157],[126.9045563531349,37.07337694528903],[126.90492820214449,37.07366662527823],[126.90589720965723,37.07416477944851],[126.90635044509854,37.074647654517705],[126.90698837766764,37.07510667980156],[126.90740635780216,37.075290684921136],[126.90831196769486,37.07551172793021],[126.908757425101,37.07573351343851],[126.90926597234919,37.07615997787168],[126.90969615010141,37.07633792923422],[126.91011250529972,37.076706326167134],[126.91044145889187,37.07738811647712],[126.91105933618113,37.07774847389754],[126.91132536387641,37.07800841694113],[126.91140306458423,37.07818659816884],[126.91164692310474,37.07837546578833],[126.91178034377683,37.07861511443172],[126.91212705742657,37.07861505180141],[126.91238140180474,37.07888919340401],[126.91288027740195,37.079148280425024],[126.91318847017058,37.07920149279905],[126.91343295614118,37.0793406725686],[126.91374663326765,37.07934934801601],[126.91559520293687,37.079763559339966],[126.91604994971408,37.08007649360842],[126.91661790442564,37.08027889270354],[126.91834627775066,37.07974616509916],[126.91871217503163,37.0797529627712],[126.91957624375915,37.07995773460056],[126.92091310489145,37.080154622629415],[126.92135316075928,37.0811560918071],[126.92258288417429,37.08114349956416],[126.92347278505724,37.08090272962859],[126.92382516088594,37.08087464952125],[126.92493592059681,37.081159314675254],[126.9258834335853,37.08127643896909],[126.92696363373213,37.08191122764417],[126.9268123219177,37.082073594071566],[126.92651585593302,37.08261886531314],[126.92664429183766,37.0831449958035],[126.92674234411335,37.08401140221093],[126.92699291625921,37.08484501554812],[126.9272103158353,37.084997954064775],[126.92733706194603,37.08551282827123],[126.92726834752324,37.08577323730952],[126.92731730540817,37.08611996962234],[126.92770327690059,37.08701964153789],[126.92764339047338,37.08717674045651],[126.9273323857845,37.087576482710666],[126.92717844229554,37.08875310998081],[126.92665606950985,37.09031496096733],[126.92669656614791,37.09217540784131],[126.92687087552109,37.09256607360656],[126.92687019779916,37.09365865474822],[126.9261505727041,37.09497519926455],[126.92609580191474,37.095681379786],[126.92599446814066,37.095847407817274],[126.92606554568017,37.096405344706795],[126.925881547369,37.09680635262722],[126.9259734056235,37.09763203479699],[126.92577676496649,37.09781342800066],[126.92569535200676,37.09935430606479],[126.92599549011568,37.099317968568805],[126.92706314612208,37.09964165556044],[126.92753880410125,37.099686384450784],[126.92793097457455,37.099960929089185],[126.928423047546,37.10000567362481],[126.92867413379551,37.100152827015],[126.92861924373199,37.10036984061589],[126.92933777418128,37.10167523996282],[126.92992999030824,37.101719597617794],[126.93054284113381,37.10165261170062],[126.93139787733682,37.102221959251736],[126.93176618444099,37.102566209996866],[126.9318846421897,37.10286094410977],[126.93185335531739,37.10339133443549],[126.93246882346826,37.1040234271074],[126.93236175916442,37.10430873924852],[126.93222738772806,37.10442440190007],[126.93219069453026,37.10459327501926],[126.93279664513054,37.10510233868612],[126.9328630505746,37.105616521523054],[126.93282700185759,37.10577027540605],[126.93344566294894,37.105693312197914],[126.93515902136286,37.10577401787951],[126.93577285791464,37.10557521662943],[126.93617625197615,37.1056884503854],[126.9365929610104,37.10566395415268],[126.93687788623733,37.10578668085175],[126.9371554077816,37.105991678556215],[126.93722067353195,37.10594660693394],[126.93743659367168,37.10541408968471],[126.93743471439642,37.10525442998436],[126.93753096987199,37.10503899362845],[126.93776347898124,37.10482841512665],[126.93770319814863,37.10436380552253],[126.93792384333766,37.10395625771707],[126.93813423800897,37.10381847219427],[126.93862980201443,37.10370574311688],[126.9390226106599,37.10368813678515],[126.94009936682498,37.103363155425875],[126.94023710234471,37.10295036116693],[126.94058322868472,37.10257190521219],[126.94104393148278,37.10232987306881],[126.94199843217983,37.101964886029435],[126.9424186756945,37.101851003964896],[126.94238384721832,37.10196718727612],[126.94249262123114,37.102224079524554],[126.94251002056254,37.102547902008126],[126.94286417108168,37.1024254254124],[126.94307198033287,37.102282574864425],[126.94313305859853,37.1021443012848],[126.94315253378362,37.101583824648294],[126.94321684358638,37.10155822112193],[126.943410771154,37.10121984215213],[126.9436298249365,37.101077581792346],[126.94428360230691,37.10131467055419],[126.94472936580777,37.10050423721174],[126.94568038839309,37.100822807921325],[126.9458668304112,37.1004273211908],[126.9459746874352,37.099749594355295],[126.9458860947895,37.09934219255345],[126.94570779969965,37.09936976233911],[126.94562594659861,37.098503444476734],[126.94535580678682,37.098118203695705],[126.94502687968738,37.09722269979254],[126.94504695358494,37.096956644197356],[126.94528198741277,37.09672333611151],[126.94547108915935,37.09661564974926],[126.94591153977414,37.09681750538023],[126.94648056189004,37.09756869656374],[126.94668998091113,37.09766181001218],[126.94689875338533,37.097653382290495],[126.9473883165304,37.09783715270397],[126.94745991396795,37.09790236806365],[126.94741971196339,37.09805877382259],[126.94803139595274,37.098019710903706],[126.9479482952322,37.0971324171845],[126.94852146657732,37.09709419033852],[126.94846661273239,37.09806989716963],[126.94859291974684,37.09806293432861],[126.94858435249569,37.09794341385389],[126.94864174303942,37.09792870711128],[126.94901235363217,37.09800093854004],[126.94897648514376,37.09812538613134],[126.94911779795216,37.09813510800458],[126.94961449663025,37.09858974912733],[126.95012604475644,37.098668859677794],[126.95116567169765,37.098669873183944],[126.9521156569647,37.09911973049055],[126.95256963799558,37.09925249167634],[126.95307099373156,37.09937997224487],[126.9538428022,37.09945213547961],[126.95390717212734,37.10009506775257],[126.95400514600823,37.100249287426685],[126.9538921062955,37.100495700046174],[126.95418353039865,37.10108954314413],[126.95376285672367,37.10179821132981],[126.95432698093572,37.10208833506724],[126.95466981261924,37.10283007917064],[126.95486293371432,37.10382120372146],[126.95460262817151,37.1047677361094],[126.95467695592528,37.104895661851984],[126.95481504040725,37.1049630975179],[126.95534491144613,37.105479233501306],[126.95464168340182,37.106107797916],[126.95447424851146,37.106436077589365],[126.95460491803543,37.10674682353328],[126.9544017980034,37.107017322054205],[126.9552136578348,37.10853035751378],[126.95550198981023,37.108668259632005],[126.95672488582666,37.10827150495648],[126.95741621421334,37.108341181577224],[126.95804681299738,37.10872817583378],[126.96034464697671,37.10816622134652],[126.96043496421622,37.10785472956138],[126.96090645779229,37.107698657306145],[126.96135863709038,37.10742775468574],[126.96180502837538,37.107484401367955],[126.96299135404892,37.10704386835981],[126.96338769366913,37.10664851256603],[126.9635159134455,37.10626135957629],[126.96373480787373,37.10591779254072],[126.96422919154155,37.10552421309763],[126.96481169203558,37.105500805031056],[126.96471702400956,37.105755964704606],[126.96480373333073,37.10595420658782],[126.96514221939223,37.106293469552234],[126.96563697285725,37.106632400454714],[126.9661838612494,37.106783501021866],[126.96653743152503,37.10705128343369],[126.966844241952,37.107135577476456],[126.96753235293622,37.10730336457723],[126.96839948388816,37.107386759550856],[126.96843621317115,37.107418937606354],[126.96840659426621,37.10754137425384],[126.96857764609972,37.10774261032563],[126.96894793061689,37.10797039214279],[126.96921262846199,37.108234799166304],[126.96955276722467,37.10870123432328],[126.96969686494779,37.10883047588786],[126.97002637689496,37.1089451965174],[126.97003675158871,37.10921288581407],[126.96998408988763,37.1092897051078],[126.97140227092363,37.10912661252348],[126.97163262640267,37.10972408172644],[126.9716853888644,37.10967374384635],[126.97176203926136,37.110104730444235],[126.97224922539479,37.11066115620077],[126.97238443520378,37.11104670736791],[126.97287949298516,37.11143249894853],[126.97320647835038,37.11184951517346],[126.97340658395393,37.11222265497375],[126.9736100437013,37.112781539347374],[126.97352149425427,37.1129753631364],[126.97306178580732,37.113249517845944],[126.97317365053419,37.1140180030096],[126.97377846544369,37.1152675889538],[126.97369114715897,37.11599539793259],[126.97330962582699,37.11634308005885],[126.97331700889187,37.11658041139125],[126.97353989397813,37.116910945068796],[126.97385744883158,37.1171284807721],[126.9739353923273,37.11724399647701],[126.97476988241627,37.11754079768145],[126.9749790392983,37.1185132838492],[126.97575805012771,37.119117317136734],[126.97597616641048,37.119361415651746],[126.97601297312528,37.11975999720875],[126.97668065403889,37.11994910858052],[126.97857199503419,37.120064761709],[126.97885525656811,37.1200240793639],[126.97949197958269,37.11975169256867],[126.98061511499229,37.11946783748017],[126.98229658793251,37.1196736439328],[126.98336913797165,37.11970307916878],[126.98431049414867,37.1196137174023],[126.9847484556948,37.11987725823271],[126.98546605160952,37.12054472541829],[126.98587719793862,37.121023782232925],[126.98679156248947,37.12151412826414],[126.98782294683332,37.12141084646953],[126.98895358358604,37.12097458064487],[126.98919439294538,37.12062693303823],[126.98914293484493,37.120015172989575],[126.98967765830906,37.1197197889075],[126.99031662163902,37.11923522629996],[126.99067452891505,37.11904917318091],[126.99081723486286,37.11906827953334],[126.99183740255545,37.119445468570625],[126.99255711729784,37.11981310234116],[126.99243519272763,37.12007167846152],[126.99325181282252,37.1215417315558],[126.99393837383987,37.12221966946421],[126.99457499724102,37.12252582440227],[126.994789781751,37.12268450384406],[126.99523231855456,37.12283928457315],[126.99557294099378,37.12301789154144],[126.995633910487,37.12312242616154],[126.9961848683094,37.12330481701843],[126.9966937722811,37.12339562922573],[126.99704512244918,37.12341572751311],[126.99800335305397,37.12333979159534],[126.99875077987528,37.123151418383834],[126.99898067471334,37.12334428566691],[126.99931824823922,37.12349747199892],[126.99945327409255,37.123704717430385],[126.99930697342838,37.12387591555824],[126.99760491620779,37.12431270400008],[126.99750127380162,37.124187525776755],[126.99731618869586,37.12419344833492],[126.9972374964343,37.12422849662719]]]]}},{"type":"Feature","id":"41595104","properties":{"code":"41595104","name":"기산동","district":"병점구","city":"화성시","province":"경기도","fullName":"경기도 화성시 병점구 기산동","source":"VWorld LT_C_ADEMD_INFO"},"geometry":{"type":"MultiPolygon","coordinates":[[[[127.05295121985579,37.213998483765906],[127.05335736583656,37.21380831283241],[127.05352331389037,37.214119595375074],[127.05322239721393,37.21430097185161],[127.05302348117479,37.214579796051616],[127.05277871921939,37.214738530785525],[127.05292730307593,37.21489650023358],[127.05319355027872,37.21498622731321],[127.05337568175896,37.214973019515824],[127.05368450017043,37.21513790982841],[127.0538209798508,37.21515532985916],[127.05411802574729,37.215383675644006],[127.05495334787508,37.21566724720846],[127.05548346278455,37.21600221262925],[127.05553107023104,37.21623345245184],[127.05534821842868,37.21713926336697],[127.05513290232291,37.21758242147903],[127.05552028826467,37.21792439818385],[127.05577918928515,37.21804170364762],[127.05662039899057,37.21861043139165],[127.0556924711789,37.21913043629652],[127.05552531327598,37.21914127108231],[127.0553775996109,37.21930741838588],[127.05485457006066,37.21964260837886],[127.05453308395505,37.220081749284454],[127.05437495992642,37.22051241877892],[127.05378682749712,37.22104308697468],[127.05345315528666,37.221194951152306],[127.05289854650191,37.22113394927548],[127.05243320696445,37.22149068338101],[127.05193931390693,37.22120726483316],[127.05115574543788,37.221349645053],[127.05089947771927,37.221613973605606],[127.05075229795385,37.22213912580998],[127.05056388931165,37.222525606581755],[127.05010594922379,37.22303072990357],[127.0499184253082,37.22332923156197],[127.04984307008316,37.22354325962814],[127.04989043759066,37.22371823150089],[127.04953989873424,37.22434650796584],[127.04786688458839,37.22575869132871],[127.04778807488829,37.22599392084442],[127.04763293070474,37.22620164424186],[127.04719062224325,37.22665019157244],[127.04664378284312,37.227602873294835],[127.04591780476264,37.22837329410518],[127.04590889622789,37.22893851110403],[127.04571891332363,37.22905446497575],[127.04571447070315,37.22926181404295],[127.04507768391382,37.229001946676405],[127.0449090046616,37.22903356304032],[127.04431220968237,37.228766856010076],[127.04392985214629,37.22868004317142],[127.04363823022967,37.228720279601994],[127.04339928407119,37.22857182783596],[127.04311619840816,37.22852057732409],[127.04276338993591,37.22860154208839],[127.0425611986174,37.228715756146435],[127.04228787292567,37.22864665967177],[127.04217126036315,37.228441055297566],[127.04079572102066,37.22772970653361],[127.04064070188167,37.22774366090827],[127.04044170444007,37.22747483794669],[127.0403422658336,37.22717094957594],[127.04012463718091,37.22712986119106],[127.03995733625072,37.22718668118173],[127.0399419811939,37.227548327843216],[127.04000122402157,37.22753920809433],[127.04000053426304,37.227600983663706],[127.03994329070402,37.227641900486866],[127.0395582058274,37.22757774458384],[127.03929307028586,37.227401126382176],[127.03914552228515,37.22702968329711],[127.03892792393914,37.2270249947474],[127.03853711048616,37.227496695230435],[127.03837221573471,37.22752382293785],[127.03824360662045,37.22746338504812],[127.03812232571259,37.22731752609821],[127.03766996737731,37.22742836692631],[127.03744822831634,37.227747069415194],[127.03705874379732,37.22776473021943],[127.03694232079306,37.22771427980123],[127.03678382514896,37.227329880101465],[127.03665570926783,37.227284767040295],[127.03647653041611,37.227369301648515],[127.03636418600158,37.2276340244628],[127.03624365458208,37.22773919329114],[127.03605617854062,37.22779391425684],[127.03585310128116,37.22778595405584],[127.0353629492428,37.22760698631704],[127.03487366784934,37.22714823415689],[127.03534678609664,37.22691546023169],[127.03577747769953,37.22688197086455],[127.03607932367012,37.22678282272724],[127.03599566530372,37.22667257774688],[127.0365110045281,37.22335754169229],[127.03827148878871,37.222923706608206],[127.04013068116254,37.22181292381336],[127.04117996620803,37.22145447609174],[127.04287270739468,37.2209964292295],[127.04379307286699,37.220556468004155],[127.04400843641427,37.22040599805695],[127.04409805708427,37.22025095064886],[127.04449593072513,37.22013702337124],[127.04515873656193,37.22012527467148],[127.04552202143499,37.220055282472686],[127.0455036006331,37.21986240330279],[127.04557551076957,37.21961863575196],[127.04550345492328,37.21933988919876],[127.04554721806893,37.219247696352085],[127.04554885461768,37.21822540957286],[127.04611287681323,37.218017021771054],[127.05103172811863,37.21450712942486],[127.05126750026582,37.21453348523136],[127.05146826296647,37.214294822667064],[127.05178852390594,37.214277585373544],[127.05221324997382,37.21415168185472],[127.05278299435406,37.21411366490174],[127.05295121985579,37.213998483765906]]]]}},{"type":"Feature","id":"41595103","properties":{"code":"41595103","name":"능동","district":"병점구","city":"화성시","province":"경기도","fullName":"경기도 화성시 병점구 능동","source":"VWorld LT_C_ADEMD_INFO"},"geometry":{"type":"MultiPolygon","coordinates":[[[[127.04907879529883,37.205235284057174],[127.04908168629639,37.20517500305083],[127.04865655068915,37.20480547463355],[127.0477373719557,37.20428260055951],[127.04730032869912,37.20413463863439],[127.0472775432888,37.20371025560742],[127.04684853484082,37.203617162492485],[127.04627653699157,37.20325867428805],[127.04591846229094,37.202911906980624],[127.04477000814497,37.20262895346363],[127.04449538408905,37.202630585205966],[127.04420698880128,37.20238128039497],[127.04392856737655,37.2019160539991],[127.04350248956662,37.20167870847076],[127.04326985583737,37.20162841330118],[127.04275647028905,37.2009718487503],[127.04257560903051,37.20054727623383],[127.04253093535509,37.19990112544615],[127.04243470393753,37.19958168425425],[127.04248895550298,37.19938184076764],[127.04242899380804,37.19922817025635],[127.0421836773298,37.19905819150606],[127.04197589672687,37.19876871184651],[127.0415960669162,37.19859106479009],[127.04238279079529,37.1977054740827],[127.04317214120522,37.1974568405506],[127.04376492663103,37.197203770274726],[127.04426048713094,37.197140519316825],[127.04510297786345,37.19655368586408],[127.04597766923146,37.19627488369469],[127.04636049186965,37.19604947803023],[127.04673218324825,37.19604933673419],[127.04715463033133,37.19616631063345],[127.0476558238692,37.19612106420338],[127.04785843975361,37.196192789418994],[127.04838789378672,37.19603968270601],[127.04880466108276,37.196075558880864],[127.0489284990762,37.19598089960884],[127.05005484417946,37.19599396812799],[127.0502241192567,37.19621859234151],[127.05061269592233,37.196480293735384],[127.04990796338613,37.19689686113776],[127.05053339052152,37.19719079526941],[127.050034867546,37.19789723973562],[127.05028855993844,37.19795155867937],[127.05011750342088,37.1981872522842],[127.05056211772438,37.198417376150395],[127.05097859036233,37.198497936616306],[127.05097470636906,37.19841468167489],[127.05136740317573,37.19865167211692],[127.05116322137812,37.199385749101005],[127.05108035470435,37.1994399366024],[127.05106397900163,37.19954635685545],[127.05129830634098,37.19960464631611],[127.05123481114605,37.19965531170585],[127.05152835385508,37.20000452321936],[127.05156839220096,37.200252744149665],[127.05194159845027,37.20029763810334],[127.0522451828206,37.20049483728042],[127.05265883285546,37.200879946125305],[127.05294773398754,37.20139399315097],[127.05334612438543,37.20131043683496],[127.05342267540654,37.20157331010502],[127.05337574896885,37.20157361899329],[127.05342457043845,37.201708754292675],[127.05333585601514,37.20194315481826],[127.05299725756537,37.20228218529354],[127.05313903982203,37.20256108694652],[127.05306959173363,37.20280448928505],[127.05267852295991,37.20318345788986],[127.0516963053177,37.20375622139528],[127.04907879529883,37.205235284057174]]],[[[127.05352331389037,37.214119595375074],[127.05336347091774,37.21383963040402],[127.05327158300054,37.21340755753416],[127.05286302985085,37.212902250348534],[127.05260776371597,37.2128632284469],[127.05281124845874,37.212664271326545],[127.0527918592624,37.21249681189174],[127.05271328189745,37.212432700639305],[127.0526455666527,37.21255482120305],[127.05246184309074,37.21252071480422],[127.05222096936428,37.21260620099178],[127.05217811524342,37.21250679825751],[127.05238173503976,37.212357723541274],[127.05232857604183,37.212095389686105],[127.05207966602237,37.21176824640721],[127.05180429046023,37.211196471619225],[127.0514547067628,37.2107691826879],[127.05148649081326,37.21065551169647],[127.05140629051672,37.210671313761154],[127.05110120278212,37.210473752999185],[127.05110463894077,37.21004368361935],[127.05127712271933,37.20971527110044],[127.05150923042487,37.20943485877318],[127.05149074186056,37.20890216971054],[127.05203644129415,37.208915543965986],[127.05233528505185,37.20871123967433],[127.05251955151991,37.20866196349694],[127.05264406467157,37.20854261165652],[127.05291898721394,37.20845148727046],[127.05320367387293,37.20847280821612],[127.05334464793573,37.20854023477237],[127.05357500881759,37.20835713181112],[127.05377088695819,37.2083226256948],[127.0540838418359,37.208333570050776],[127.0543528099936,37.20843076307483],[127.05440452045049,37.208596622105055],[127.05384306816472,37.20942294808793],[127.05375140869228,37.20997208434672],[127.05420168747878,37.21045655607262],[127.05428528853317,37.21031045975093],[127.05439442927785,37.210279054772],[127.0546535659897,37.210643681087674],[127.05412047745865,37.21080178180975],[127.05417160771773,37.21094169108993],[127.05447293717248,37.211066981949294],[127.05453817396099,37.21091873117017],[127.05540985876661,37.210695239464705],[127.05617428607631,37.21062154425964],[127.05682572784458,37.210406162841615],[127.05705658392846,37.210133939761874],[127.0572519800514,37.21005266398045],[127.05729999834884,37.21008994456587],[127.05754171114236,37.21003036162588],[127.05789997874604,37.210216887780724],[127.05837651889463,37.21023053603959],[127.05877230101133,37.210562650112095],[127.05880040640395,37.21063435955862],[127.05872181217933,37.210984813217834],[127.05828073075827,37.211090717782575],[127.05784932073874,37.21137234653272],[127.05702594785673,37.21167987381267],[127.05597691486548,37.212347132597394],[127.05573676620556,37.212557906604495],[127.05556082689725,37.21260412041062],[127.05524510641277,37.21253118947462],[127.05483938959429,37.212642381307646],[127.05501656093526,37.21274474998457],[127.05478251225638,37.212984442763],[127.05462526345954,37.213338803401946],[127.05422934717751,37.21361821341524],[127.05407084843169,37.21380038458162],[127.05354233639109,37.21409462813936],[127.05352331389037,37.214119595375074]]]]}},{"type":"Feature","id":"41595105","properties":{"code":"41595105","name":"반월동","district":"병점구","city":"화성시","province":"경기도","fullName":"경기도 화성시 병점구 반월동","source":"VWorld LT_C_ADEMD_INFO"},"geometry":{"type":"MultiPolygon","coordinates":[[[[127.0664688499832,37.24008734799685],[127.06594331940296,37.24020336449004],[127.06514695432001,37.24012636884911],[127.06449224219067,37.239276922240805],[127.06413182099223,37.2391115474996],[127.06358889198603,37.23904763432986],[127.06331833966183,37.2389523197923],[127.06310896009052,37.238732242027965],[127.06247455754242,37.23834540291475],[127.06187343319132,37.237737221214736],[127.06153724985158,37.23748060498206],[127.06020116107605,37.236862089606994],[127.06003904818456,37.236728419584814],[127.05997502188274,37.23657640986089],[127.06002129663405,37.23630269635106],[127.05984761324216,37.235761590821106],[127.0594360044667,37.2351747026495],[127.05831644411336,37.234183831209535],[127.05596037194222,37.23276325945658],[127.05560851393784,37.23268457972017],[127.05457098793075,37.23206586352832],[127.0537166600944,37.23178776780579],[127.05300403665689,37.23143582722513],[127.05288254205465,37.23142490531987],[127.05269686950193,37.231276025777746],[127.05245430726536,37.23138539047451],[127.05250934669625,37.23154107550755],[127.05365604137452,37.23220677806663],[127.05377532733453,37.232330050811605],[127.05358607043539,37.23339815464174],[127.05343458104508,37.233544360781465],[127.05152817598108,37.23432514818408],[127.04958039086658,37.234068023197075],[127.04803182569461,37.233265031371374],[127.04770533621374,37.233217286929104],[127.04766082491797,37.23327418692089],[127.04670396716767,37.23287246692915],[127.04589959999625,37.232782378830294],[127.04582603480722,37.23285562487463],[127.04577808284189,37.23333234690449],[127.04542239920617,37.23301683608373],[127.04498912231367,37.23323366884648],[127.04505313788616,37.23271881822722],[127.04481939658973,37.23216152968354],[127.04431220968237,37.228766856010076],[127.0449090046616,37.22903356304032],[127.04507768391382,37.229001946676405],[127.04571447070315,37.22926181404295],[127.04571891332363,37.22905446497575],[127.04590889622789,37.22893851110403],[127.04591780476264,37.22837329410518],[127.04664378284312,37.227602873294835],[127.04719062224325,37.22665019157244],[127.04763293070474,37.22620164424186],[127.04778807488829,37.22599392084442],[127.04786688458839,37.22575869132871],[127.04953989873424,37.22434650796584],[127.04989043759066,37.22371823150089],[127.04984307008316,37.22354325962814],[127.0499184253082,37.22332923156197],[127.05010594922379,37.22303072990357],[127.05056388931165,37.222525606581755],[127.05075229795385,37.22213912580998],[127.05086381973125,37.22168718007003],[127.05108737605956,37.22141791857604],[127.05122905453563,37.22132307862972],[127.05193931390693,37.22120726483316],[127.05243320696445,37.22149068338101],[127.05289854650191,37.22113394927548],[127.05345315528666,37.221194951152306],[127.05378682749712,37.22104308697468],[127.05437495992642,37.22051241877892],[127.05453308395505,37.220081749284454],[127.05481265349049,37.21968530058827],[127.0553775996109,37.21930741838588],[127.05552531327598,37.21914127108231],[127.0556924711789,37.21913043629652],[127.05651249866783,37.218674095105875],[127.05710804157384,37.21915690179356],[127.05738294452978,37.21927080919691],[127.05771506713008,37.21958688080175],[127.0578219581321,37.21977166073222],[127.0582806957353,37.220155051260335],[127.05865547312044,37.22034023333658],[127.05898981208574,37.22074427884143],[127.05938461165984,37.220953650849374],[127.05967003207128,37.22095725937872],[127.06017360181164,37.221290459489744],[127.06151852790565,37.22026984270576],[127.06291739966343,37.21716737909681],[127.0641221433648,37.21214199456146],[127.07049159739317,37.21314744438273],[127.0703677694368,37.21375022387415],[127.07054553410019,37.21385968718962],[127.07045206810264,37.21415348150913],[127.07065889785211,37.21413678176828],[127.06861373401854,37.222492238641664],[127.06839893493243,37.22244217213732],[127.06842185981705,37.2227564423886],[127.0685678125238,37.2226749958215],[127.06848003014825,37.22304618437471],[127.07079387456449,37.22437199694719],[127.07077202493224,37.224628806405526],[127.07108219385668,37.224842802055136],[127.07294879303089,37.22591708316887],[127.07299673768603,37.22585749544724],[127.0730627833442,37.22587475554915],[127.07311030359335,37.22596230799312],[127.07302985637753,37.22608697053113],[127.07306892430366,37.22617290621865],[127.07331861750765,37.22617032228913],[127.07344227608813,37.22610456138526],[127.07430444504395,37.22593896397439],[127.07492986682774,37.22588235299869],[127.07590250041554,37.225591115519194],[127.0755533468251,37.22591458267749],[127.07529459978396,37.22633823328115],[127.07535691571583,37.2266896002975],[127.07522386371375,37.226920863166946],[127.07514905485954,37.22730243730522],[127.07494047895256,37.227727470468],[127.07482314156252,37.228190164344305],[127.07428466431938,37.228113619664384],[127.0737979566997,37.22824063102967],[127.07358383822654,37.22839365005178],[127.07331214525634,37.228744112527146],[127.07259292304715,37.22912353291802],[127.07210838302748,37.2291198851846],[127.0715681309601,37.229041364958384],[127.07100386766768,37.228877257528616],[127.0706214681266,37.22890198056905],[127.07019242693438,37.22873806960924],[127.06970217776929,37.228648239843075],[127.06973065676107,37.228990627776014],[127.0695563548408,37.22938718576314],[127.06938747934501,37.22955397510814],[127.06918523650191,37.22961885761172],[127.06888632551706,37.229865111116375],[127.06888902991055,37.230346337090786],[127.0693718889309,37.23101817420529],[127.06947948221905,37.231621809268425],[127.06939346197456,37.232104761905255],[127.0692994169602,37.23228530305538],[127.06893936885818,37.23250063183763],[127.06865119262642,37.232768296235136],[127.06859746752622,37.23293895656988],[127.06870899437001,37.233217089342695],[127.06866981296834,37.23350994944796],[127.06849534765355,37.23373981334865],[127.06835227044668,37.23382211404639],[127.068140310641,37.234268815705825],[127.06795487700487,37.234447154505354],[127.0679881482326,37.23463240756708],[127.0679345534712,37.234954838551985],[127.06772572863994,37.23516558245485],[127.06797396367723,37.23552190357606],[127.06793157233606,37.236784805891226],[127.06748168438924,37.23780547505204],[127.0673227863487,37.23832760738819],[127.06731019197714,37.23863170598921],[127.06749898705993,37.240072424927114],[127.06757686626118,37.2401286964191],[127.06772335165772,37.240101583450574],[127.06691727438077,37.240184818817234],[127.06650477051303,37.24007803858041],[127.0664688499832,37.24008734799685]]]]}},{"type":"Feature","id":"41595106","properties":{"code":"41595106","name":"반정동","district":"병점구","city":"화성시","province":"경기도","fullName":"경기도 화성시 병점구 반정동","source":"VWorld LT_C_ADEMD_INFO"},"geometry":{"type":"MultiPolygon","coordinates":[[[[127.04578421706778,37.23330052889872],[127.04582603480722,37.23285562487463],[127.04589959949296,37.232782378704854],[127.04668497997251,37.232869865925146],[127.04663936721954,37.23291848050807],[127.0460772785651,37.23284539377291],[127.04607682395408,37.234159866697915],[127.0461492874008,37.234261359537825],[127.04606650582116,37.23426294049903],[127.04606644824416,37.23435659457407],[127.0461487933223,37.23441725759045],[127.04607499276118,37.234475816913545],[127.0460759272126,37.235680452253675],[127.04568176739912,37.235419397614685],[127.0456528331867,37.236027447783435],[127.04560368859075,37.23599032525045],[127.04435115423006,37.23603919781232],[127.04379332175445,37.2368042815065],[127.04387005429173,37.238292797684736],[127.04394244224865,37.23853930503785],[127.04404752796326,37.2385719390105],[127.04342031374104,37.23879764762517],[127.04255167315546,37.2389995322636],[127.04123549350123,37.23909477938216],[127.04039304816122,37.2390595580493],[127.03922127352955,37.23892401526915],[127.03825978564154,37.23876648255566],[127.03761905645203,37.23860120385367],[127.0374352035408,37.23853806018638],[127.03736621800675,37.23833398746843],[127.03720106713715,37.238283632262416],[127.03732134003857,37.23725687394914],[127.03753857220767,37.23707039904925],[127.03751546675117,37.23692186075596],[127.03742005797466,37.23687104408249],[127.03740152913002,37.23670069922464],[127.03722539424648,37.236843939486896],[127.03611525113284,37.236632521991375],[127.03585607307186,37.23667314420703],[127.03558004736628,37.23683991619462],[127.03527577444001,37.23684450853522],[127.0348362304736,37.23676353951139],[127.03462766126074,37.23656987458306],[127.03484722613463,37.23614181931629],[127.03471754772545,37.23595714268512],[127.03457666166416,37.23591213013829],[127.0340751911971,37.235943805470995],[127.03272812424063,37.235011592414814],[127.03240680213067,37.23464225047281],[127.03233338230807,37.234223286194606],[127.03216429726487,37.234101689730906],[127.03162893029092,37.233881072378566],[127.03161760216969,37.233732403710306],[127.03151614028488,37.23362880989446],[127.03135271543884,37.23356577840754],[127.0306371419814,37.233579472156464],[127.03044553699438,37.23349392035114],[127.03012419159742,37.233016447347296],[127.03019156250764,37.232376701759314],[127.03013517432939,37.232259571202015],[127.02990972814034,37.2320704070905],[127.02999092598203,37.23121918409207],[127.0297063761699,37.23117223590783],[127.0293348927529,37.23122609784113],[127.02869448203104,37.23111953639211],[127.0284934556556,37.23126092852436],[127.02684467061727,37.23060128080704],[127.02632580151261,37.23063855857388],[127.02608993765259,37.230874004504734],[127.02521086459906,37.231012439290055],[127.02380223691434,37.23082349438453],[127.02340786901196,37.23093169277856],[127.02320009961024,37.23089371612955],[127.02358231692571,37.23023334523181],[127.0234469710173,37.229765108753256],[127.02348216300773,37.22969021676772],[127.02379837079117,37.229671569218425],[127.02379763253836,37.229536980960894],[127.02401544833467,37.22960761737483],[127.02421474192822,37.22953661339747],[127.0242701382449,37.229352736466495],[127.0240105743592,37.22920806095664],[127.02391996867071,37.228836678279045],[127.02407761687273,37.228476511469765],[127.02381868197347,37.228045746008426],[127.02371681768837,37.22773716775436],[127.02388860719404,37.22757184852235],[127.02413491116948,37.22751857725385],[127.02414491659432,37.22744113990679],[127.02403466717261,37.227317844497925],[127.02367669960677,37.22722414073224],[127.02347382312132,37.227043970385004],[127.02319191452885,37.22631417928615],[127.0231017432556,37.22621508126515],[127.02624009999012,37.22010034345815],[127.02635993027191,37.2201536960934],[127.02632954885016,37.22020508887685],[127.02684538822126,37.22045209036249],[127.02896770548321,37.22196554751039],[127.03088266225514,37.22324609866206],[127.03094878602123,37.223146967700366],[127.03114772296045,37.223117192733405],[127.03169371411542,37.223642866503155],[127.0317929274454,37.22362261280173],[127.03212049957554,37.223883533207385],[127.03256523648425,37.224068085823895],[127.03263573981901,37.22437532235088],[127.03288904010779,37.22446872050899],[127.03303964767879,37.22458850095821],[127.03295633682151,37.22516304490444],[127.03395215260979,37.225922308791624],[127.03425689060666,37.22626070092821],[127.03448515995909,37.22666004195346],[127.03470470417236,37.226814040575086],[127.03487366784934,37.22714823415689],[127.0353629492428,37.22760698631704],[127.03585310128116,37.22778595405584],[127.03605617854062,37.22779391425684],[127.03624365458208,37.22773919329114],[127.03636418600158,37.2276340244628],[127.03647653041611,37.227369301648515],[127.03665570926783,37.227284767040295],[127.03678382514896,37.227329880101465],[127.0368784848517,37.22746821567508],[127.03694232079306,37.22771427980123],[127.03705874379732,37.22776473021943],[127.03744822831634,37.227747069415194],[127.03766996737731,37.22742836692631],[127.03812232571259,37.22731752609821],[127.03824360662045,37.22746338504812],[127.03837221573471,37.22752382293785],[127.03853711048616,37.227496695230435],[127.03892792393914,37.2270249947474],[127.03914552228515,37.22702968329711],[127.03929307028586,37.227401126382176],[127.0395582058274,37.22757774458384],[127.03994329070402,37.227641900486866],[127.04000053426304,37.227600983663706],[127.04000122402157,37.22753920809433],[127.0399419811939,37.227548327843216],[127.03995733625072,37.22718668118173],[127.04012463718091,37.22712986119106],[127.0403422658336,37.22717094957594],[127.04044170444007,37.22747483794669],[127.04064070188167,37.22774366090827],[127.04079572102066,37.22772970653361],[127.04217126036315,37.228441055297566],[127.04228787292567,37.22864665967177],[127.0425611986174,37.228715756146435],[127.04276338993591,37.22860154208839],[127.04311619840816,37.22852057732409],[127.04339928407119,37.22857182783596],[127.04363823022967,37.228720279601994],[127.04392985214629,37.22868004317142],[127.04431220968237,37.228766856010076],[127.04481939658973,37.23216152968354],[127.04505313788616,37.23271881822722],[127.04498912231367,37.23323366884648],[127.04542239870291,37.2330168359583],[127.04577808234393,37.233332355789486],[127.04578421706778,37.23330052889872]]]]}},{"type":"Feature","id":"41595102","properties":{"code":"41595102","name":"병점동","district":"병점구","city":"화성시","province":"경기도","fullName":"경기도 화성시 병점구 병점동","source":"VWorld LT_C_ADEMD_INFO"},"geometry":{"type":"MultiPolygon","coordinates":[[[[127.03300381534191,37.205187210233355],[127.03284134445487,37.2050714753942],[127.03162342602641,37.206943692047915],[127.03146416292411,37.20688646159225],[127.03121247714812,37.20728402993619],[127.02783954765535,37.2060759520899],[127.0274860174762,37.206712247332725],[127.02734662485602,37.20664624031396],[127.02637706962581,37.20519433436264],[127.02637959438808,37.20506921821859],[127.02434300970354,37.204342248009915],[127.024554098281,37.20486435322388],[127.02460305050361,37.20522055345889],[127.02428829387395,37.205791939397415],[127.02403547663741,37.205675717024995],[127.02397456892923,37.20545144972176],[127.02376984652818,37.20519532154136],[127.02332133734748,37.205026008684555],[127.02298805672598,37.2046582093017],[127.02285963554665,37.20424382426733],[127.02288716912129,37.203814805094275],[127.02339291805667,37.203130684923806],[127.02344710129012,37.20294066265471],[127.02331886818997,37.20263044771566],[127.02248915714122,37.202015995093035],[127.02245350970983,37.20121502677998],[127.02279131327072,37.20050388908546],[127.0230635269354,37.200567669882744],[127.02340260450742,37.20082643281479],[127.02374586618635,37.2009411529691],[127.02409316702315,37.200809895152595],[127.0244869832581,37.20096274473506],[127.0250173104157,37.20096815507667],[127.02535743964904,37.20085501498776],[127.0259371336694,37.20025700859547],[127.02615687942166,37.20010709228878],[127.02644832746647,37.200152876454325],[127.02685654836505,37.20033224677444],[127.0267156760929,37.20065460271953],[127.02687362610355,37.20087250470294],[127.02703693270809,37.200804891268405],[127.0270763053376,37.20065170516698],[127.0272282967892,37.200435412505165],[127.02735781110796,37.20040385675835],[127.02757193177192,37.20067412328343],[127.02783093485695,37.2004713309408],[127.02814122718739,37.20047689312069],[127.02830400837416,37.200426181654294],[127.02827577989797,37.20023245438745],[127.0286418227684,37.20012875095918],[127.02937905755832,37.20005593757734],[127.02955410040747,37.19984470936846],[127.02977369014488,37.199691479546125],[127.03047766781604,37.1996462572492],[127.03082128424195,37.199848907832155],[127.03138451033561,37.19989381937967],[127.03163800467273,37.20003340812699],[127.03236452725874,37.19999718834398],[127.0326630647179,37.20012776171698],[127.03289962328029,37.20016374106575],[127.03375569978603,37.20019504770614],[127.03515787302995,37.20013863077268],[127.03572152175077,37.19998640900791],[127.03680249647248,37.199950897089806],[127.03705591505879,37.19988324295662],[127.03723035272316,37.1995813404463],[127.03744429850028,37.19943709954352],[127.03753997724344,37.19930192274997],[127.03748918510216,37.1990811821662],[127.03782697472289,37.19881977604022],[127.03859453955184,37.19855400928322],[127.03907128382625,37.19847529696546],[127.03937560376751,37.198535461982274],[127.03956706708014,37.19849484459143],[127.04013050860625,37.197955170492186],[127.04051307052423,37.19820170626857],[127.04063274133442,37.19819012442112],[127.04082836988644,37.198039413918984],[127.04094652360229,37.197818618580335],[127.04129810343156,37.19770473505713],[127.0414746797982,37.19748449621285],[127.04167054070827,37.19743881005855],[127.04219978678613,37.19750930745277],[127.04252968043862,37.19768599677924],[127.04238279079529,37.1977054740827],[127.0415960669162,37.19859106479009],[127.04197589672687,37.19876871184651],[127.0421836773298,37.19905819150606],[127.04242899380804,37.19922817025635],[127.04248895550298,37.19938184076764],[127.04243470393753,37.19958168425425],[127.04253093535509,37.19990112544615],[127.04252536985227,37.20029462266088],[127.04275647028905,37.2009718487503],[127.04326985583737,37.20162841330118],[127.04350248956662,37.20167870847076],[127.04392856737655,37.2019160539991],[127.04420698880128,37.20238128039497],[127.04449538408905,37.202630585205966],[127.04477000814497,37.20262895346363],[127.04591846229094,37.202911906980624],[127.04627653699157,37.20325867428805],[127.04684853484082,37.203617162492485],[127.0472775432888,37.20371025560742],[127.04730032869912,37.20413463863439],[127.0477373719557,37.20428260055951],[127.04865655068915,37.20480547463355],[127.04908168629639,37.20517500305083],[127.04905010460506,37.20582890334661],[127.04893246725578,37.20649707453503],[127.04881607480169,37.206636332342214],[127.04871832067734,37.207581746427216],[127.04883960082643,37.20913329501711],[127.04897783825172,37.2096918866014],[127.04911580391061,37.209993951060085],[127.04938191942028,37.21039111378863],[127.05034771803243,37.21145007597294],[127.05070609758725,37.211999473815666],[127.0508040575742,37.211919510578305],[127.05093702434841,37.211621750559075],[127.05113613669263,37.21152237236656],[127.05097173895749,37.21130150536479],[127.05109096904903,37.21118981628059],[127.05128904553726,37.21123055046083],[127.05125134663083,37.21094971115728],[127.0514547067628,37.2107691826879],[127.05180429046023,37.211196471619225],[127.05207966602237,37.21176824640721],[127.05237190593049,37.21218194329622],[127.05238173503976,37.212357723541274],[127.05217345864033,37.212534786641605],[127.05222096936428,37.21260620099178],[127.05246184309074,37.21252071480422],[127.0526455666527,37.21255482120305],[127.05274773155264,37.21243092870953],[127.05281124845874,37.212664271326545],[127.05260776371597,37.2128632284469],[127.05283560479536,37.21287986230987],[127.0530232880489,37.21308604756227],[127.05327158300054,37.21340755753416],[127.05335736583656,37.21380831283241],[127.05278299435406,37.21411366490174],[127.05221324997382,37.21415168185472],[127.05178852390594,37.214277585373544],[127.05146826296647,37.214294822667064],[127.05126750026582,37.21453348523136],[127.05103172811863,37.21450712942486],[127.04611287681323,37.218017021771054],[127.04554885461768,37.21822540957286],[127.0455488177963,37.21872412732546],[127.04542494647004,37.21836617131098],[127.04534777752917,37.21828250210241],[127.04534537516622,37.21771340481506],[127.04555321078448,37.2174820392107],[127.04555438445587,37.21723345925896],[127.04603032229828,37.21710942406841],[127.04687383014864,37.21651892134865],[127.04186539190017,37.214072240692275],[127.0434735913946,37.211983785398075],[127.04267327885235,37.21158012861829],[127.04147480305487,37.21151917799472],[127.04041139046512,37.21121137525762],[127.03936362348425,37.2110846676346],[127.03895088688664,37.21092837771663],[127.03899249741643,37.210873617173355],[127.03869455208464,37.21072666983734],[127.03841387821133,37.2104876748014],[127.03802874152576,37.20996875718577],[127.03780706010133,37.209757143207554],[127.03703260601417,37.2093926626497],[127.03602669241187,37.20851162236445],[127.03380789390303,37.20719272373318],[127.03407153366629,37.20662562468959],[127.03444285483948,37.20451342982433],[127.0342189208026,37.204425054381694],[127.03369978327162,37.20517679353854],[127.03348879316377,37.20517892473162],[127.03334911800629,37.205432199141235],[127.0329494217799,37.205270280155695],[127.03300381534191,37.205187210233355]]]]}},{"type":"Feature","id":"41595108","properties":{"code":"41595108","name":"송산동","district":"병점구","city":"화성시","province":"경기도","fullName":"경기도 화성시 병점구 송산동","source":"VWorld LT_C_ADEMD_INFO"},"geometry":{"type":"MultiPolygon","coordinates":[[[[126.997130236829,37.21170384941293],[126.99752940494494,37.20952585269039],[126.9977902310434,37.20909230607555],[126.99770576583836,37.20882507190739],[126.99775011242942,37.20869472836172],[126.99806138069354,37.208492363436896],[126.99913872756136,37.208593270715085],[127.00029921310625,37.20951343386427],[127.00146418906458,37.20851138952213],[127.00425699477326,37.206577447435286],[127.00588871891148,37.20457996388979],[127.00610444311612,37.20468276485661],[127.00595474160617,37.20478224584795],[127.00652705859518,37.205010628660354],[127.00738066834475,37.20549609900318],[127.00754097333919,37.20516134406061],[127.00822338702362,37.20537271931369],[127.0083681282502,37.20599800854205],[127.00973672270801,37.20655812742175],[127.00989549550933,37.20670272481837],[127.01093782792495,37.207310769914976],[127.0121158030017,37.208275670068375],[127.01253562568371,37.20790682555112],[127.01267818556225,37.207674333908685],[127.01273618466026,37.20741294464718],[127.01289558085656,37.20730802090569],[127.0131271401295,37.206980703269416],[127.01321486446382,37.20671332789217],[127.01311544396586,37.206225007921795],[127.01317683165378,37.20596677170202],[127.01371927566528,37.20608381670171],[127.01414615929221,37.20636243778763],[127.0146338891243,37.2064520476291],[127.01470233120665,37.206172563231014],[127.01486674160977,37.20584984491639],[127.01484038016173,37.20564786986028],[127.01584710730548,37.20554370872497],[127.01763735204095,37.20585846546826],[127.0182411843248,37.20587335706555],[127.02047603243774,37.20553575052331],[127.02143064542396,37.205539819724585],[127.02199796639789,37.205470162357344],[127.02220540138053,37.205489787078214],[127.02297717745083,37.20574038324509],[127.02344857082525,37.20572147406787],[127.02369433986091,37.20581401056565],[127.02363493371494,37.205405190971184],[127.0233656647494,37.20514583036974],[127.02332133734748,37.205026008684555],[127.02376984652818,37.20519532154136],[127.02397456892923,37.20545144972176],[127.02403547663741,37.205675717024995],[127.02428829387395,37.205791939397415],[127.02358531948968,37.206628349385795],[127.02257246189444,37.207467297473606],[127.02166100547346,37.20802099421443],[127.02140111406537,37.20847695720544],[127.02881055593136,37.21113281132081],[127.02841137242628,37.21167918707972],[127.02697711317575,37.21298538573632],[127.02709541655969,37.21308612386674],[127.02369164248141,37.21614862518205],[127.02307579708172,37.21680974358867],[127.02291408470828,37.216792689160265],[127.02356993678536,37.21608789963249],[127.02044531498353,37.21496409250329],[127.02037342072717,37.21539768565577],[127.02068316942966,37.21755649737857],[127.02094402085788,37.21754254277316],[127.02072167625047,37.21808040210092],[127.0207851036213,37.218419363830115],[127.0207112594178,37.218543908847096],[127.02046765546207,37.21869935080901],[127.02025745034454,37.21869345541183],[127.02023250550963,37.217598341790975],[127.02000008921513,37.21751424799227],[127.01945425233413,37.21706325218124],[127.01913672007701,37.216639602739406],[127.01830937421913,37.21620516826317],[127.01766161215207,37.21598490844528],[127.01744573954551,37.21583258942928],[127.01718214716459,37.21515204916781],[127.01523654145346,37.21460589839655],[127.01444266495963,37.21528376100133],[127.01392378349541,37.21581147602986],[127.01372126225709,37.21659297116741],[127.01317133815068,37.21682350421058],[127.01290736447466,37.216820988969374],[127.0124119183193,37.216563004119315],[127.01191261095694,37.21654960547817],[127.01107896141255,37.217071442347326],[127.01075471165282,37.21753455876464],[127.0097547061518,37.21757257549572],[127.00877414883523,37.21705522520843],[127.0071548304972,37.2165110658914],[127.00664026309143,37.21606785753815],[127.00532674215677,37.2163052958057],[127.0050511069998,37.21648307102393],[127.00408666363607,37.21668452396746],[127.00388407339061,37.21677934488984],[127.00383451718922,37.21694062343735],[127.00340056950793,37.217079103346265],[127.00317514833255,37.21703534311058],[127.0025320413371,37.21756880346927],[127.00241506685599,37.21810184294621],[127.00172043314528,37.218352164737986],[127.00090912675836,37.21874068374087],[127.00026829004621,37.21913465037111],[126.99959974525636,37.218929627408514],[126.99919291028645,37.21865381119642],[126.99885172014513,37.218639819865544],[126.99829933819053,37.21882130308781],[126.9975745861503,37.21915853224573],[126.9966470364666,37.217898318419955],[126.99584436274682,37.21691675043667],[126.99542792335832,37.21673265586105],[126.99494930707846,37.216282631752875],[126.99526391923665,37.21520893950213],[126.994711677941,37.21425641693834],[126.9943969725944,37.21400083571755],[126.99426076503475,37.21342289861709],[126.99436621506624,37.21317698339455],[126.99479983987096,37.21280194062246],[126.99528790362048,37.21275544640552],[126.99596381558025,37.212374203631896],[126.9960791099626,37.21205769958873],[126.99641624659654,37.21175835200803],[126.99701128308871,37.21168975264376],[126.997130236829,37.21170384941293]]]]}},{"type":"Feature","id":"41595109","properties":{"code":"41595109","name":"안녕동","district":"병점구","city":"화성시","province":"경기도","fullName":"경기도 화성시 병점구 안녕동","source":"VWorld LT_C_ADEMD_INFO"},"geometry":{"type":"MultiPolygon","coordinates":[[[[126.997130236829,37.21170384941293],[126.99641624659654,37.21175835200803],[126.9960791099626,37.21205769958873],[126.99596381558025,37.212374203631896],[126.99528790362048,37.21275544640552],[126.99479983987096,37.21280194062246],[126.99436621506624,37.21317698339455],[126.99426076503475,37.21342289861709],[126.9943969725944,37.21400083571755],[126.994711677941,37.21425641693834],[126.99526391923665,37.21520893950213],[126.99494930707846,37.216282631752875],[126.9932714065602,37.2165726265782],[126.9924973675976,37.21620641364006],[126.99176772868535,37.2162530028602],[126.99101933601855,37.216421352794285],[126.98972927793538,37.21568535019711],[126.98903568956209,37.21487220544123],[126.98817028792081,37.21475338979254],[126.98774858635367,37.214804448700505],[126.98512355683921,37.214499499237256],[126.98467157341537,37.21438884188496],[126.9843866257966,37.21406336244162],[126.98441850013003,37.21400160056495],[126.98429072560889,37.21393012036362],[126.9830009336008,37.213837559994126],[126.98180763838008,37.21318058844832],[126.98079556345475,37.21289438876829],[126.9800588788668,37.21292475797728],[126.97980625508684,37.21232612211243],[126.9797086246342,37.21127237036423],[126.97937722665463,37.210720762363216],[126.97916708287386,37.20986663299114],[126.97927104915698,37.209414013402],[126.98030316297368,37.20807208928089],[126.97975155829147,37.20766093314484],[126.97989499268178,37.206964461587866],[126.98035005514012,37.20663617632736],[126.98095910765545,37.20629762618763],[126.9816238353092,37.20553566365903],[126.9817830947106,37.20498122380133],[126.98271050519661,37.204396479779405],[126.98341857013398,37.20329056714813],[126.98410369087587,37.20277648877605],[126.98453299015752,37.20266434399409],[126.98514378268753,37.20237988908858],[126.98509881663868,37.20169820661016],[126.98539605968726,37.20088962287259],[126.98513101361216,37.2005853757983],[126.9848934601375,37.20009819283745],[126.98489807180974,37.19904839502546],[126.98452719086237,37.19858244809181],[126.98417540619153,37.19826531937438],[126.98371913702125,37.19754051406314],[126.98387520093132,37.1965912591035],[126.98439233459275,37.19586720073818],[126.98495986427164,37.19487186926096],[126.9849310528387,37.194151244905456],[126.98560095535488,37.194492139266536],[126.98687892182728,37.19481776164544],[126.98779222084671,37.19450474848901],[126.9883450668517,37.194472454639985],[126.98892200036722,37.19466709814788],[126.98965719275884,37.19481101689145],[126.99018747981845,37.19440291305119],[126.99127433274867,37.194445090735755],[126.99315509859855,37.19412315942605],[126.99471587387175,37.19420957934907],[126.99519409102764,37.19356942174097],[126.99572080024434,37.19319797443585],[126.99682359049622,37.192824296320815],[126.9970336796054,37.19221335016957],[126.99760720954684,37.19189319270712],[126.99784973085485,37.19118681626749],[126.99828747159185,37.19077208637754],[126.99878413962107,37.19048982804605],[126.9992635902146,37.18960220825151],[127.00010063459689,37.18967032223365],[127.00069216756057,37.19001491497152],[127.00170691792074,37.190285790172155],[127.00202384194142,37.18979330426857],[127.00297722146078,37.189311876137154],[127.00357182433639,37.18869188414259],[127.00405809740718,37.18873232265215],[127.00457191545883,37.18841698018827],[127.00493919556261,37.188323594649916],[127.00526487338888,37.18780104073872],[127.00564701981435,37.1877833674846],[127.00601850755876,37.18750056038544],[127.0059154654066,37.18702503678936],[127.00594949054855,37.186491372454824],[127.00627069590246,37.18653948489379],[127.00643962334253,37.186507941337474],[127.00722228620218,37.18593123608193],[127.00834283431175,37.18583656678914],[127.00887199965534,37.18622821121436],[127.0089566814443,37.18660692497594],[127.00913108540361,37.186840906759585],[127.009525456008,37.18703037989991],[127.0097845124054,37.187300676144055],[127.0098633866705,37.18766108933371],[127.00973390344542,37.18784581298384],[127.00930032680107,37.18811615631781],[127.00909200358444,37.18839098908019],[127.00909212930338,37.18964794905133],[127.00917103003972,37.19027867647866],[127.00910911327097,37.190548994377515],[127.00846157094112,37.191148229945945],[127.00820820379147,37.19175645073732],[127.0078478453994,37.19221149886484],[127.00778028793079,37.192445774440216],[127.0077803125306,37.1927431196297],[127.00789295999523,37.19296386987972],[127.00803938765944,37.19307649264271],[127.00952052526735,37.193657576335845],[127.00980773087643,37.19364404087405],[127.00992033459352,37.19340525577072],[127.00994279791361,37.192842100454314],[127.01017931053791,37.19267088463711],[127.01052280790262,37.19259427008425],[127.01096203155502,37.19236897433503],[127.01121542938891,37.192332902989115],[127.01149702377431,37.19242749842751],[127.01160863657941,37.19266654548845],[127.01153655931736,37.1933015096975],[127.01167738813854,37.19361235852747],[127.01235322420041,37.19391865417521],[127.01261795760456,37.19434662639701],[127.0134909559112,37.19501782036545],[127.01421180834969,37.195053787085946],[127.0151859931278,37.19452206165822],[127.01546188098126,37.194260726216136],[127.01573218638326,37.194211136552866],[127.0159968762401,37.19424714630871],[127.01627292158322,37.194756203068],[127.01657146403866,37.1950985628398],[127.01671795570982,37.19544544668576],[127.01669545349954,37.19556709072602],[127.01648150406024,37.19583742261507],[127.01804718392812,37.19617962068618],[127.01861590721734,37.19583263740623],[127.0195507874309,37.19592710849681],[127.0209645113415,37.196598163627755],[127.02133630918712,37.19699456195134],[127.0222825731041,37.197462943361366],[127.02308798246285,37.19768355548012],[127.024203126739,37.19783652479464],[127.02505923365682,37.198025577193675],[127.02526204046167,37.19825529421118],[127.02537476261479,37.19852559410552],[127.02563954811104,37.198800368229165],[127.02646202842163,37.19948047781674],[127.0271266084205,37.19951187254341],[127.02736321775481,37.199710051028504],[127.02729572771138,37.19998488443359],[127.02687923208835,37.20025613480118],[127.02685654836505,37.20033224677444],[127.02644832746647,37.200152876454325],[127.02615687942166,37.20010709228878],[127.0259371336694,37.20025700859547],[127.02535743964904,37.20085501498776],[127.0250173104157,37.20096815507667],[127.0244869832581,37.20096274473506],[127.02409316702315,37.200809895152595],[127.02374586618635,37.2009411529691],[127.02340260450742,37.20082643281479],[127.0230635269354,37.200567669882744],[127.02279131327072,37.20050388908546],[127.02245350970983,37.20121502677998],[127.02248915714122,37.202015995093035],[127.02331886818997,37.20263044771566],[127.02344710129012,37.20294066265471],[127.02339291805667,37.203130684923806],[127.02288716912129,37.203814805094275],[127.02285963554665,37.20424382426733],[127.02298805672598,37.2046582093017],[127.02363493371494,37.205405190971184],[127.02369433986091,37.20581401056565],[127.02344857082525,37.20572147406787],[127.02297717745083,37.20574038324509],[127.02220540138053,37.205489787078214],[127.02199796639789,37.205470162357344],[127.02143064542396,37.205539819724585],[127.02047603243774,37.20553575052331],[127.0182411843248,37.20587335706555],[127.01763735204095,37.20585846546826],[127.01584710730548,37.20554370872497],[127.01484038016173,37.20564786986028],[127.01486674160977,37.20584984491639],[127.01470233120665,37.206172563231014],[127.0146338891243,37.2064520476291],[127.01414615929221,37.20636243778763],[127.01371927566528,37.20608381670171],[127.01317683165378,37.20596677170202],[127.01311544396586,37.206225007921795],[127.01321486446382,37.20671332789217],[127.0131271401295,37.206980703269416],[127.01289558085656,37.20730802090569],[127.01273618466026,37.20741294464718],[127.01267818556225,37.207674333908685],[127.01253562568371,37.20790682555112],[127.0121158030017,37.208275670068375],[127.01093782792495,37.207310769914976],[127.00989549550933,37.20670272481837],[127.00973672270801,37.20655812742175],[127.0083681282502,37.20599800854205],[127.00822338702362,37.20537271931369],[127.00754097333919,37.20516134406061],[127.00738066834475,37.20549609900318],[127.00652705859518,37.205010628660354],[127.00595474160617,37.20478224584795],[127.00610444311612,37.20468276485661],[127.00588871891148,37.20457996388979],[127.00425699477326,37.206577447435286],[127.00146418906458,37.20851138952213],[127.00029921310625,37.20951343386427],[126.99915934272356,37.20860074077671],[126.9989487296535,37.208543790460936],[126.99806138069354,37.208492363436896],[126.99775011242942,37.20869472836172],[126.99770576583836,37.20882507190739],[126.9977902310434,37.20909230607555],[126.99752940494494,37.20952585269039],[126.997130236829,37.21170384941293]]]]}},{"type":"Feature","id":"41595101","properties":{"code":"41595101","name":"진안동","district":"병점구","city":"화성시","province":"경기도","fullName":"경기도 화성시 병점구 진안동","source":"VWorld LT_C_ADEMD_INFO"},"geometry":{"type":"MultiPolygon","coordinates":[[[[127.03300381534191,37.205187210233355],[127.0329494217799,37.205270280155695],[127.03334911800629,37.205432199141235],[127.03348879316377,37.20517892473162],[127.03369978327162,37.20517679353854],[127.0342189208026,37.204425054381694],[127.03444285483948,37.20451342982433],[127.03407153366629,37.20662562468959],[127.03380789390303,37.20719272373318],[127.03602669241187,37.20851162236445],[127.03703260601417,37.2093926626497],[127.03780706010133,37.209757143207554],[127.03802874152576,37.20996875718577],[127.03841387821133,37.2104876748014],[127.03869455208464,37.21072666983734],[127.03899249741643,37.210873617173355],[127.03895088688664,37.21092837771663],[127.03936362348425,37.2110846676346],[127.04041139046512,37.21121137525762],[127.04147480305487,37.21151917799472],[127.04267327885235,37.21158012861829],[127.0434735913946,37.211983785398075],[127.04186539190017,37.214072240692275],[127.04687383014864,37.21651892134865],[127.04603032229828,37.21710942406841],[127.04555438445587,37.21723345925896],[127.04555321078448,37.2174820392107],[127.04534537516622,37.21771340481506],[127.04534777752917,37.21828250210241],[127.04542494647004,37.21836617131098],[127.0455488177963,37.21872412732546],[127.04554721806893,37.219247696352085],[127.04550345492328,37.21933988919876],[127.04557551076957,37.21961863575196],[127.0455036006331,37.21986240330279],[127.04552202143499,37.220055282472686],[127.04515873656193,37.22012527467148],[127.04449593072513,37.22013702337124],[127.04409805708427,37.22025095064886],[127.04400843641427,37.22040599805695],[127.04379307286699,37.220556468004155],[127.04287270739468,37.2209964292295],[127.04117996620803,37.22145447609174],[127.04013068116254,37.22181292381336],[127.03827148878871,37.222923706608206],[127.0365110045281,37.22335754169229],[127.03599566530372,37.22667257774688],[127.03607932367012,37.22678282272724],[127.03577747769953,37.22688197086455],[127.03534678609664,37.22691546023169],[127.03496632328982,37.2271197081022],[127.03486347269641,37.227128071737496],[127.03470470417236,37.226814040575086],[127.03448515995909,37.22666004195346],[127.03425689060666,37.22626070092821],[127.03380102071485,37.22577162397021],[127.03295633682151,37.22516304490444],[127.03303964767879,37.22458850095821],[127.03288904010779,37.22446872050899],[127.03263573981901,37.22437532235088],[127.03256523648425,37.224068085823895],[127.03212049957554,37.223883533207385],[127.0317929274454,37.22362261280173],[127.03169371411542,37.223642866503155],[127.03114772296045,37.223117192733405],[127.03094878602123,37.223146967700366],[127.03088266225514,37.22324609866206],[127.02896770548321,37.22196554751039],[127.02684538822126,37.22045209036249],[127.02632954885016,37.22020508887685],[127.02635993027191,37.2201536960934],[127.02614943951905,37.220010879891205],[127.0260682108922,37.22013367271753],[127.02608771832104,37.220042825636774],[127.026029966595,37.22001614874827],[127.02563609469148,37.218558857392736],[127.02546310779228,37.218210063078345],[127.02534175313137,37.218062559934815],[127.02408690416515,37.21706864087282],[127.02329943480001,37.21656919644028],[127.02369164248141,37.21614862518205],[127.02709541655969,37.21308612386674],[127.02697711317575,37.21298538573632],[127.02841137242628,37.21167918707972],[127.02881055593136,37.21113281132081],[127.02140111406537,37.20847695720544],[127.02166100547346,37.20802099421443],[127.02257246189444,37.207467297473606],[127.02358531948968,37.206628349385795],[127.02434455163363,37.20575859894845],[127.02460305050361,37.20522055345889],[127.024554098281,37.20486435322388],[127.02434300970354,37.204342248009915],[127.02637959438808,37.20506921821859],[127.02637706962581,37.20519433436264],[127.02734662485602,37.20664624031396],[127.0274860174762,37.206712247332725],[127.02783954765535,37.2060759520899],[127.03121247714812,37.20728402993619],[127.03146416292411,37.20688646159225],[127.03162342602641,37.206943692047915],[127.03284134445487,37.2050714753942],[127.0330033904221,37.205187108462965],[127.03300381534191,37.205187210233355]]]]}},{"type":"Feature","id":"41595107","properties":{"code":"41595107","name":"황계동","district":"병점구","city":"화성시","province":"경기도","fullName":"경기도 화성시 병점구 황계동","source":"VWorld LT_C_ADEMD_INFO"},"geometry":{"type":"MultiPolygon","coordinates":[[[[127.0235150582732,37.22535692589217],[127.02329122151156,37.2258942760126],[127.02307062332292,37.22574682498785],[127.02256052271831,37.22490866929599],[127.02187133911502,37.224543868141815],[127.02147877671321,37.22471963799741],[127.02118084847478,37.22528143289077],[127.0207192932334,37.225521410816725],[127.01971648649901,37.225620683728735],[127.01869752021133,37.22587368610013],[127.01840225963193,37.22582839721319],[127.0157784341598,37.22580536939587],[127.01524712142589,37.22598028821948],[127.014259006556,37.22661845278149],[127.0140465075199,37.22670294804301],[127.01357431050975,37.22668468793958],[127.01267671495665,37.226433061215346],[127.01138318499913,37.2263610838477],[127.01093247687452,37.22641940890039],[127.01071840334141,37.22655458186603],[127.01068364715306,37.22650552289049],[127.01057278902705,37.22656235106128],[127.01028056477746,37.22654374855159],[127.00939594348894,37.2267594208238],[127.00940141271127,37.2265841590119],[127.0090279357095,37.226451865466544],[127.00904463032917,37.22640759626873],[127.00887832908518,37.22630790656312],[127.0086916032966,37.22624671032905],[127.00825494821139,37.226343093317645],[127.00840188971928,37.226187006556565],[127.00835901180463,37.225896837831456],[127.0089287191099,37.225273706642845],[127.0090920011188,37.225175536890625],[127.0090837728688,37.224809363338586],[127.00948722102432,37.22458165276824],[127.00901608163791,37.22440344862198],[127.0085913710158,37.224390337602536],[127.00727891021907,37.22408823565034],[127.00624651281888,37.22413318033571],[127.00541913960079,37.22397714119883],[127.00464691947555,37.223978083243765],[127.00398713062218,37.22409738773833],[127.00329397011035,37.223471005351875],[127.00293809953824,37.22291226543714],[127.00322571508532,37.2221224987877],[127.0031141098684,37.220915437996986],[127.00328410928236,37.220511480544545],[127.00322961102972,37.21953324726771],[127.00376136872562,37.21861723907353],[127.00420925386409,37.21763333676311],[127.00408666363607,37.21668452396746],[127.0050511069998,37.21648307102393],[127.00532674215677,37.2163052958057],[127.00664026309143,37.21606785753815],[127.0071548304972,37.2165110658914],[127.00877414883523,37.21705522520843],[127.0097547061518,37.21757257549572],[127.01075471165282,37.21753455876464],[127.01107896141255,37.217071442347326],[127.01191261095694,37.21654960547817],[127.0124119183193,37.216563004119315],[127.01290736447466,37.216820988969374],[127.01317133815068,37.21682350421058],[127.01372126225709,37.21659297116741],[127.01392378349541,37.21581147602986],[127.01444266495963,37.21528376100133],[127.01523654145346,37.21460589839655],[127.01718214716459,37.21515204916781],[127.01744573954551,37.21583258942928],[127.01766161215207,37.21598490844528],[127.01830937421913,37.21620516826317],[127.01913672007701,37.216639602739406],[127.01945425233413,37.21706325218124],[127.02000008921513,37.21751424799227],[127.02023250550963,37.217598341790975],[127.02025745034454,37.21869345541183],[127.02046765546207,37.21869935080901],[127.0207112594178,37.218543908847096],[127.0207851036213,37.218419363830115],[127.02072167625047,37.21808040210092],[127.02094402085788,37.21754254277316],[127.02068316942966,37.21755649737857],[127.02037342072717,37.21539768565577],[127.02044531498353,37.21496409250329],[127.02356993678536,37.21608789963249],[127.02291408470828,37.216792689160265],[127.02307579708172,37.21680974358867],[127.02329943480001,37.21656919644028],[127.02408690416515,37.21706864087282],[127.02534175313137,37.218062559934815],[127.02563609469148,37.218558857392736],[127.026029966595,37.22001614874827],[127.02608771832104,37.220042825636774],[127.0260682108922,37.22013367271753],[127.02614943951905,37.220010879891205],[127.02624009999012,37.22010034345815],[127.02610938626704,37.22039473201667],[127.0235150582732,37.22535692589217]]]]}},{"type":"Feature","id":"41593102","properties":{"code":"41593102","name":"기안동","district":"효행구","city":"화성시","province":"경기도","fullName":"경기도 화성시 효행구 기안동","source":"VWorld LT_C_ADEMD_INFO"},"geometry":{"type":"MultiPolygon","coordinates":[[[[126.97578861843458,37.22200096179992],[126.97564713892392,37.22195868116039],[126.97562818582793,37.22189745125077],[126.97572824959377,37.221865567190896],[126.97598166893826,37.22150625967526],[126.97694379978853,37.22065581672692],[126.9769301387356,37.22060302185969],[126.97701138732997,37.22063150259747],[126.97703986775966,37.22039544456262],[126.97811141998864,37.22074571576481],[126.97777955669649,37.22043356494343],[126.97760609164813,37.2198924364594],[126.97764472382309,37.219612950079416],[126.97755293166125,37.21972265141857],[126.97767635603934,37.2194861618352],[126.97828435021606,37.21900663995973],[126.97879347111811,37.21841477210432],[126.97879335214664,37.217909683928696],[126.97868832728871,37.2177512875666],[126.97880919766918,37.21774801720121],[126.9785932632845,37.217515880959226],[126.97861379211167,37.21740025418362],[126.97883334547673,37.21712978551582],[126.97888954650148,37.21674009547562],[126.97927112644227,37.21632996819479],[126.9795618108376,37.21578468450529],[126.98034972851582,37.214988720750746],[126.98059736735051,37.21455178608703],[126.98071571328671,37.21407635372617],[126.98108446552246,37.21389833578895],[126.98180763838008,37.21318058844832],[126.9830009336008,37.213837559994126],[126.98429072560889,37.21393012036362],[126.98441850013003,37.21400160056495],[126.9843866257966,37.21406336244162],[126.98467157341537,37.21438884188496],[126.98512355683921,37.214499499237256],[126.98732099879292,37.214759102852526],[126.98744931597162,37.216118566051485],[126.98757289042672,37.21658141909182],[126.98636064662534,37.217870012988385],[126.98703176802806,37.21826937569626],[126.98800937992155,37.219269972137006],[126.98816472322969,37.21909928734032],[126.98890466050852,37.21956633335436],[126.98947367123041,37.2200641280466],[126.98914128568434,37.22033604624588],[126.9891459260568,37.22069125540644],[126.98907597994172,37.22076188975636],[126.9890338117065,37.220735538863664],[126.98906253250844,37.22079744344988],[126.98899392700893,37.22093622367338],[126.98951296988625,37.221276753979424],[126.98976347850753,37.22159782020461],[126.98977368320061,37.22176504552005],[126.99002927024243,37.222347647960845],[126.99007633292027,37.22280081327781],[126.99014685450518,37.22288120196503],[126.9903335278297,37.2228347079659],[126.99038300570139,37.22319860718741],[126.99055533446143,37.22363207817505],[126.9906652403616,37.22589444929616],[126.9906189243652,37.2262446616218],[126.9906709368071,37.22624489165216],[126.99062749993668,37.22710243523143],[126.99070468742804,37.22748531251348],[126.99068220381439,37.22774874771734],[126.99075450181594,37.22797323956307],[126.99113282002776,37.22845067162875],[126.99168527740486,37.229490960921815],[126.9929792812154,37.2304665273926],[126.99335059583407,37.2306160721606],[126.99309226927167,37.230882446615915],[126.99285261494946,37.23103279492463],[126.99268919274023,37.23127155850015],[126.99199055780568,37.23120842260327],[126.99159617659235,37.23096962363289],[126.99128064689558,37.23104168001812],[126.9909425505017,37.231320972775016],[126.99058195783893,37.231298405046886],[126.99036782226345,37.23143805532231],[126.99033399969102,37.23162727955826],[126.9905706126431,37.231906615040565],[126.99055929749022,37.23214989478959],[126.99036771025594,37.232276022517205],[126.98998457363706,37.23226697546043],[126.98989450989974,37.23170381667245],[126.98975929972815,37.231613699333806],[126.9894662916855,37.23168575310921],[126.98929161738924,37.23181639503476],[126.98921268531396,37.23213174185196],[126.98957899050501,37.232753776176025],[126.98953361936135,37.23355541770255],[126.98876730466378,37.23370851450072],[126.98851937092928,37.23380309673986],[126.98827140507304,37.23407788639017],[126.98767411671888,37.234240014277624],[126.9874600213625,37.23414987610192],[126.98733611753983,37.23385251824834],[126.98734177395387,37.233735383763346],[126.98764043579189,37.233550705965335],[126.98769116745869,37.23343357672679],[126.98752778118718,37.23336147437222],[126.98735311199472,37.23336595882448],[126.98675582904782,37.23351907170423],[126.98664875811815,37.23360014288557],[126.98661491844814,37.233766830983654],[126.98674447928738,37.233933539548346],[126.98682894359263,37.23420836714398],[126.98679512593225,37.234262425325994],[126.98664298831723,37.23428943751772],[126.9862317074789,37.23409115646183],[126.9861021612487,37.233856869365965],[126.98602897353653,37.233559516716845],[126.98629957595445,37.232825204340074],[126.98558404213456,37.23264490232519],[126.98499252248068,37.23221682736085],[126.98508269942579,37.23214476571555],[126.98512779919719,37.23197806154659],[126.98508279714851,37.231694236723875],[126.98493632912819,37.231477957701095],[126.9848969880891,37.231076998361495],[126.98473928674788,37.23081116929833],[126.98391100254553,37.23100927796603],[126.98349959990053,37.23142819977234],[126.9832178774247,37.23145518780419],[126.98273328337945,37.231626309587625],[126.9825979963701,37.231878579268155],[126.98261871033048,37.23214128978774],[126.98242781373939,37.232246852059646],[126.98183302205041,37.2323055926542],[126.98106527738223,37.23252707339368],[126.98070475743086,37.23222966744756],[126.98034430074898,37.231716010801605],[126.98013022507214,37.231612352753075],[126.9798148831339,37.230981567362335],[126.97940925664307,37.2308373259533],[126.9790599970419,37.23061650543354],[126.97895302127462,37.23036419385472],[126.9790207873319,37.229841603390696],[126.97896456065875,37.22945414536143],[126.97817011604394,37.22953959032178],[126.97778449943515,37.229654396354675],[126.97653598153353,37.230215037274675],[126.97574178372261,37.22954359215208],[126.97519603144566,37.22939057463411],[126.97496431289274,37.22941277862804],[126.97463757107664,37.22930006589681],[126.97451923923195,37.22930904939616],[126.97426017311228,37.22904768836814],[126.9728968317325,37.22872749753203],[126.9726154515267,37.22881893889552],[126.97142832081614,37.22901265538664],[126.97058094635425,37.22937115935254],[126.97052985933793,37.229307262240795],[126.97068620676137,37.229197862666275],[126.97112129803632,37.22852524028264],[126.97154057219075,37.22771082447286],[126.97187674075765,37.22656765960303],[126.9719045009824,37.22556866452131],[126.9720101848742,37.225009919334035],[126.97226707297197,37.224465222611954],[126.97285096907416,37.22357783074698],[126.9730441666615,37.22335317566036],[126.97491883836244,37.22201754714482],[126.97522128455397,37.22192094190714],[126.97550737562885,37.221939206088784],[126.97578861843458,37.22200096179992]]]]}},{"type":"Feature","id":"41593310","properties":{"code":"41593310","name":"매송면","district":"효행구","city":"화성시","province":"경기도","fullName":"경기도 화성시 효행구 매송면","source":"VWorld LT_C_ADEMD_INFO"},"geometry":{"type":"MultiPolygon","coordinates":[[[[126.95619729335341,37.24524425359641],[126.95669631619228,37.24512735360683],[126.95629393284281,37.246179955217045],[126.95617525228499,37.2467610791513],[126.9554480694383,37.24708517208685],[126.95499698440473,37.247485957489765],[126.95438818080363,37.24777404881003],[126.9536384867907,37.24802153343109],[126.95339040218245,37.24821065074509],[126.95289412795485,37.2487465652852],[126.9527245631537,37.249516882413744],[126.952697870189,37.25049928120661],[126.95250352068477,37.251449515631],[126.95249770396417,37.251728834658365],[126.9516971672346,37.25210693609187],[126.95059229990419,37.25246237570332],[126.9503609180907,37.252921804709274],[126.95042254817648,37.25346245329255],[126.95028162179409,37.253502939057135],[126.95003345871402,37.25376863722586],[126.94982472742494,37.25406138317413],[126.94976818872294,37.25432265906131],[126.94985834661104,37.25434972951475],[126.94999878713294,37.255025567990245],[126.95006635569166,37.25512020617941],[126.95003241660179,37.25530039869441],[126.95009991198012,37.25550316118244],[126.9500828627921,37.25571039211913],[126.9493781175035,37.256043467354274],[126.94900590654368,37.25636767592297],[126.94867892983223,37.25648016000847],[126.94839127579678,37.25677737323259],[126.94788383861527,37.25702943461088],[126.94750052401243,37.257101343279906],[126.94675628433794,37.25745691070199],[126.94634485090263,37.25743869902256],[126.94549398684066,37.25715447323807],[126.9449698172838,37.25715422411662],[126.94433867848605,37.256996239775106],[126.94358909228391,37.25695532887257],[126.94320008830451,37.25707677781744],[126.94266474923461,37.256959378310015],[126.94248436568697,37.25699082479195],[126.94156024348696,37.256715544547454],[126.94140230464988,37.25687314578872],[126.94081045918276,37.256926906044654],[126.94050049282274,37.25689521048719],[126.94020186850648,37.25677792156828],[126.93949169563315,37.256777551749],[126.9390747171041,37.25666920829999],[126.93874775426083,37.25674562351597],[126.93829125588213,37.256704843068526],[126.93798121206282,37.25676774064788],[126.93751905872442,37.256749471080006],[126.9370511348283,37.256902393410314],[126.93622268979425,37.25679832040274],[126.93579428348437,37.25686115594582],[126.93557437317898,37.25697366319714],[126.9352076479296,37.25739694532274],[126.93517322209371,37.25809072365679],[126.93462060573867,37.25838324940984],[126.93429331478232,37.25881556122346],[126.9330695370986,37.25957623532102],[126.9328603275844,37.26030595298069],[126.9324542923455,37.26053548091529],[126.93229621939564,37.260810204418725],[126.93182264940972,37.26092255607451],[126.93081370973226,37.260926463156515],[126.93063883859715,37.26107502945068],[126.93057066376421,37.261647146031706],[126.93032201469488,37.262327278368],[126.93014568142966,37.264021118029696],[126.92959283096091,37.26449382681532],[126.9296826343411,37.26489934697236],[126.92963150062013,37.265322802252925],[126.92950714705485,37.26568314055403],[126.92959716984315,37.26585889701193],[126.92942210884372,37.26619217334564],[126.92962448069912,37.26677796880565],[126.92916019277466,37.267090795471475],[126.92889661378486,37.267507362509456],[126.92890741636279,37.26799843282483],[126.9281906564503,37.26888100464079],[126.92875397673787,37.269286817481834],[126.92896232595515,37.269521214180614],[126.92958702570357,37.27059833087815],[126.92848778724577,37.27057513216917],[126.92862284193426,37.27082299969484],[126.92858873170572,37.271120319844826],[126.92811505229399,37.271273202893006],[126.92746677808826,37.27125929274967],[126.92706081846652,37.271335617029415],[126.92707740419304,37.27165549442486],[126.92698118155282,37.27206089903714],[126.92730755047019,37.27266930169995],[126.92728451444943,37.27316485568167],[126.92734627864388,37.27341718375019],[126.92809602787334,37.273994880045414],[126.92812919223923,37.27412948795318],[126.92799299872529,37.275048457366935],[126.92836435875668,37.27579203970715],[126.9285382575082,37.27650396309421],[126.92844796957837,37.276778722452526],[126.9276355387422,37.27739542579301],[126.92778135544192,37.278179415185015],[126.92732992056197,37.27859811336728],[126.92728743337976,37.27880532423725],[126.92703073839128,37.27898086437652],[126.92654896128833,37.279071231207055],[126.9261847726044,37.27926865955251],[126.92574465237993,37.27963329685637],[126.92508966706895,37.28061049599086],[126.92488050470187,37.2811599904637],[126.92428257091996,37.281456942536366],[126.92339399646968,37.28134400984028],[126.92326217141664,37.28138418990955],[126.92247105169639,37.2819138677062],[126.92149583842183,37.282910258558275],[126.92099396158143,37.28298650598988],[126.92023717977933,37.284008939300435],[126.919165177361,37.28484137346052],[126.9185109523577,37.285007607420305],[126.91797497976329,37.285309075994746],[126.91770944887007,37.2857864350175],[126.91754511048043,37.28652966947585],[126.91642717189464,37.2878894284123],[126.91544957879739,37.28975836101657],[126.91472696639742,37.29051019415354],[126.91425297098458,37.29080718583168],[126.91332242460891,37.2904849454115],[126.91314831062289,37.29035134588827],[126.91273688114127,37.29018434736766],[126.91204668494703,37.29017256486457],[126.91158649182103,37.29026457181988],[126.91091566522141,37.290115390246584],[126.9096526874419,37.29004233445911],[126.90925807889283,37.28996093481887],[126.9080025122772,37.29002640067977],[126.90690283267845,37.29000018991157],[126.9066315308227,37.289948163501734],[126.90561543338636,37.29000759664707],[126.90387177858705,37.291015325586585],[126.9037650193997,37.291124766753505],[126.90304880860916,37.29079389141716],[126.90247372857222,37.290739349839],[126.90215172856651,37.2911895952798],[126.90179267307917,37.29140412605756],[126.9009277990392,37.29142733470227],[126.90069179793126,37.2913392834616],[126.90069681337596,37.291273963022334],[126.90056724805983,37.29117924440228],[126.90005341784685,37.29091272178892],[126.89997924323579,37.29064600720401],[126.89938892831144,37.29025946185023],[126.89897858418716,37.290096642296305],[126.89863516434916,37.28969989083289],[126.89724889046033,37.2893472759623],[126.89672414246749,37.28935131776832],[126.89643665400199,37.289292495932536],[126.89571033155435,37.28853498310361],[126.89548001008106,37.28792207599682],[126.89467965887748,37.28769609866664],[126.89432435020716,37.28775434449465],[126.89438729974954,37.28710115397286],[126.89307426970707,37.28659087591054],[126.8931792145364,37.28614861974177],[126.89320520585028,37.28571699548915],[126.8931270506433,37.28517180000217],[126.89209027939467,37.28470230990918],[126.89101460659191,37.283854341160605],[126.89125737839768,37.28362930961772],[126.89118404050632,37.28341806651372],[126.89068330422094,37.2829394843611],[126.89019963199748,37.2825932596462],[126.89005804828051,37.282057291842754],[126.8898417994983,37.281984726190615],[126.88817714673002,37.2828104085424],[126.88693517465278,37.282930563972485],[126.88674758064569,37.283013169051344],[126.88657258562279,37.28326387351424],[126.88635114601055,37.283363907085786],[126.88623242255021,37.28333815718561],[126.88557002028674,37.282592194937465],[126.88549089299437,37.28271826185348],[126.88549635825117,37.28283089616925],[126.88531573960094,37.282952358299994],[126.88521988853331,37.282961274497744],[126.88498327390556,37.282839402554025],[126.88462813394803,37.28279850602189],[126.88442702692272,37.28284589077432],[126.88422618487611,37.28294762567587],[126.8841086748956,37.28339745734973],[126.88355568621624,37.28356782432193],[126.88296908820429,37.283711403428626],[126.88232066655543,37.28372877298455],[126.8820840043898,37.283638431318735],[126.88191481572478,37.28366529146095],[126.88166090391584,37.28378667392453],[126.88159866921006,37.283921765623056],[126.88175596824956,37.28428233742789],[126.88186853345653,37.284408595642496],[126.88116921065654,37.28452051572485],[126.88108440701946,37.28466459450365],[126.88088699557069,37.28470944508301],[126.88080790141869,37.28480847791003],[126.88068379436187,37.284848897712386],[126.88052614590217,37.28470907684522],[126.88040768029872,37.284740491810894],[126.87979252430358,37.28510928373997],[126.87953278415199,37.28534328451474],[126.87904181202866,37.28561308696219],[126.87886169942453,37.28541917878293],[126.87865947386807,37.2849549379996],[126.87840623495119,37.28465733459545],[126.87809025631965,37.28480117059544],[126.87775252801035,37.28456373864659],[126.87738309362007,37.284428476472264],[126.87716983325437,37.284030104921186],[126.87720372777272,37.283887669429],[126.87706660924319,37.28359130226705],[126.8770298154212,37.28335785137495],[126.8770332350635,37.28310274591347],[126.87718032939317,37.28268785831175],[126.87654938919457,37.282366769121374],[126.8764820521344,37.28228222630484],[126.87643260724674,37.28202931755092],[126.87571728065197,37.28117568799124],[126.8750095153279,37.28087364678534],[126.8749425282093,37.280682943870445],[126.8748478968532,37.28059077521967],[126.87437631570472,37.28054944396943],[126.87385816920346,37.28032559266289],[126.87360928090902,37.27976950442903],[126.87301054963429,37.27970072001816],[126.87223187210266,37.27945855785313],[126.87206699248247,37.279645900478044],[126.87160222700965,37.28056388534688],[126.87094710140494,37.28059891758476],[126.87059825529099,37.28069765485338],[126.8704388086964,37.280797718219766],[126.87000946017439,37.28078710547201],[126.8691493741843,37.28105701515057],[126.86811399773595,37.281210722346515],[126.86783477784303,37.28139062274685],[126.86714621326597,37.281696464321904],[126.86672691382641,37.2814797400747],[126.8653066413207,37.28139448978008],[126.86411325981943,37.28151897586197],[126.86403776887201,37.281368803376175],[126.86378192132308,37.28148282889703],[126.8632388515476,37.281508659139725],[126.86312672955431,37.28145531319885],[126.86320221526258,37.28121915991614],[126.86302206649627,37.28125752247794],[126.86270814107125,37.28104879124226],[126.86255998582388,37.28112831369666],[126.86236936792038,37.28093041246068],[126.86231412990084,37.28078787638484],[126.86208509900047,37.28077803791198],[126.86196057852672,37.28066188335489],[126.86212583155793,37.2800972392106],[126.86239374001951,37.27975150402967],[126.86223664113218,37.27962517484666],[126.86207539556789,37.27974212820179],[126.86196562127431,37.279652733625944],[126.86196542808236,37.27937256652373],[126.8621015954122,37.27929248104156],[126.8620229880662,37.27911133507956],[126.86213335167209,37.27897856283937],[126.86229766374976,37.278922162348245],[126.86282315938433,37.27904977057637],[126.86289975318961,37.278971019976346],[126.86294558189756,37.27867344471307],[126.86321758518781,37.27840204752034],[126.86315281942737,37.27816714484807],[126.86297744056756,37.27801853975602],[126.86277027434673,37.27771757765607],[126.86261016357045,37.277219569583245],[126.86268951545222,37.276896705637355],[126.86246847514948,37.275994008206936],[126.86247780500393,37.27571526673445],[126.86221892045147,37.27538157137076],[126.86313465415294,37.27409877018585],[126.86330095687389,37.2741896199168],[126.86354801199299,37.27378943502393],[126.86354291732208,37.273689693760645],[126.86391668948067,37.27280526935177],[126.86430150441812,37.27285774159224],[126.86516197069577,37.27317881863307],[126.86531883187472,37.273288447651495],[126.86535552729536,37.27349117721396],[126.86576527592257,37.273976763826205],[126.86660156634714,37.2740822215263],[126.86693116316238,37.274198928993435],[126.86839890438024,37.27444491236978],[126.86921295574591,37.27479651579925],[126.87010621478244,37.27493202578706],[126.87042749632542,37.27473850672845],[126.87128014535719,37.27516776263452],[126.8715105784365,37.275716888948935],[126.8716003167495,37.275684793556984],[126.87183668910997,37.275817099024415],[126.87265924222247,37.275882330843906],[126.87317052109609,37.27604025154012],[126.87420005419148,37.2766167625152],[126.87452372520765,37.277086385871804],[126.87530861660488,37.277398739105635],[126.87530846468451,37.27701017771505],[126.87472003448597,37.276505808749285],[126.87464911017682,37.276231728769545],[126.87470834693528,37.27601880614476],[126.87457127052699,37.27583250590855],[126.8746932744624,37.27552657388335],[126.8744952632693,37.27520882867512],[126.87437248993655,37.275227870871426],[126.87393609821557,37.275420528785986],[126.87392139940899,37.275618577950524],[126.87378673831127,37.2758262018692],[126.87358731945311,37.27590905275894],[126.87314685516898,37.2757740968894],[126.872899879011,37.27563025830873],[126.87249654128883,37.27557782087158],[126.87190029469457,37.27521087280555],[126.8717918277402,37.27486913645873],[126.87085800235401,37.274477025337205],[126.87020727909177,37.27433805096201],[126.87010993004067,37.27422805299213],[126.8704162298393,37.27408976864525],[126.86895054799494,37.273923373773506],[126.86566643814413,37.272879318507066],[126.8651015939844,37.27253504209676],[126.86477707813712,37.27241984911553],[126.86383592786044,37.272210962194066],[126.86263839551827,37.27251226564629],[126.86209513251329,37.27229239682246],[126.8619705895358,37.27196381453261],[126.8618259440931,37.272502380644895],[126.86117617283494,37.272488231904205],[126.85924043862204,37.27262380670353],[126.85743795261739,37.27266553433157],[126.85694564176336,37.27157938764666],[126.85702850287286,37.27148288002296],[126.85997306196651,37.2714129124506],[126.86108657620827,37.26880698115571],[126.86109032841217,37.268407377198734],[126.86121718438096,37.26798837572503],[126.86107634812463,37.267879372899635],[126.86106896798869,37.267622037919054],[126.86124832856966,37.267031208395935],[126.86136484310175,37.26675827002923],[126.86177661471204,37.26643879956094],[126.86210104062687,37.26631116308942],[126.86234693374429,37.26633581631504],[126.86288871568075,37.26716243866294],[126.86412572090023,37.26727776214182],[126.86438049975197,37.267247539481666],[126.86498572816511,37.26696821559407],[126.86543570535727,37.26666683316715],[126.865292927251,37.26645718760258],[126.86530298584118,37.26615542486388],[126.86523789525927,37.265996587768186],[126.86527744574599,37.26588277861715],[126.86552938916256,37.26581524739957],[126.86586580329518,37.26584366445372],[126.86587340872704,37.26560092556839],[126.86635989333318,37.26488740326704],[126.86644770845773,37.26484674969192],[126.86681016602591,37.2648784915544],[126.8668223257956,37.264836679377474],[126.86674191806812,37.26475055713249],[126.86667873333822,37.264527109789555],[126.86630780156553,37.26441869784952],[126.86623983634847,37.26448007076137],[126.86576749888701,37.26458584323042],[126.86565419455343,37.26454468017786],[126.8655007212288,37.26441027690441],[126.8654153418948,37.26423125140444],[126.86542195575822,37.26410798849855],[126.8655827615232,37.26385045035227],[126.8658315614964,37.26385337574332],[126.86603900698718,37.26347427778101],[126.86634780055638,37.263125164457975],[126.86718991550963,37.26270224907826],[126.86727724689203,37.26258311420832],[126.86731383840134,37.26241876192023],[126.86725189163094,37.26222838416976],[126.86702121890916,37.26213336958454],[126.86691699458501,37.261932635785925],[126.86699192218192,37.261390379113486],[126.86719782193592,37.26118905136644],[126.8672176298388,37.26069311722015],[126.8674935437144,37.2601289314407],[126.86805792240571,37.25992401575504],[126.86813810293575,37.26002825673196],[126.8691476279912,37.2598133393517],[126.86929292576896,37.259767089367536],[126.86939636212081,37.2596140739119],[126.86951121694463,37.25959053181306],[126.86972589120444,37.25969716515306],[126.8698414340931,37.25969282455732],[126.87037656007574,37.25936518032331],[126.87062919009304,37.25938080445997],[126.87067253156557,37.25954514710112],[126.8709233856032,37.25964961070792],[126.87124501457845,37.26003365273819],[126.87174108325323,37.26020807917976],[126.8737147721273,37.26058596639272],[126.87415847767669,37.26057847028516],[126.87425740333356,37.26073613161566],[126.8745331431799,37.2607481410868],[126.87453274731176,37.26061460728065],[126.87491021540875,37.260147599552646],[126.87493953961045,37.260199485468846],[126.87473041880133,37.26045327253032],[126.87485409850147,37.26049793403953],[126.87521958330262,37.25996199232253],[126.8761852026276,37.259093600449496],[126.87617559007205,37.25902368796212],[126.87642433576804,37.25890693354659],[126.8767900023665,37.2588715211342],[126.87681324352151,37.25890765009455],[126.87730755263014,37.258632876307765],[126.87749977837427,37.25844477941962],[126.87786774049526,37.258217076122264],[126.87818243511218,37.25814292471831],[126.87828516516149,37.25823119798175],[126.87928431686336,37.257866629413066],[126.87970264524678,37.25786452857002],[126.8826437523077,37.257137408425045],[126.88306388424165,37.257154309364985],[126.8832784599292,37.25705774357546],[126.88335008540824,37.256927606413946],[126.88334023198993,37.256834627724906],[126.88318902460112,37.25673321834506],[126.88327021859088,37.25656803148723],[126.88312064537067,37.25656808026549],[126.88314056186243,37.256533203064656],[126.88406092278858,37.256369752581634],[126.88476420322475,37.25638514394297],[126.88498368543364,37.25649601632779],[126.88536363427242,37.25642094589455],[126.88656288566152,37.25641551152884],[126.88710577965819,37.256254851005],[126.88724698118004,37.25605792180808],[126.88745534966597,37.25589339532478],[126.8884358919306,37.25399961925627],[126.88905524266627,37.25293793241979],[126.8890809836087,37.25261436769255],[126.88924649901297,37.252302540883335],[126.8892858404935,37.251912834873536],[126.88964247248491,37.2503448911413],[126.88989537491653,37.25012756545762],[126.89011344929982,37.25007734878353],[126.8901782150948,37.24979368222713],[126.8908083615567,37.24987969126245],[126.89134659298587,37.24987933720342],[126.89145130238063,37.24996577190841],[126.89167328028614,37.25000521815544],[126.89200596185596,37.24996195211796],[126.89233016914667,37.25003436144278],[126.89262321655238,37.25019733146626],[126.89324951092057,37.2510026936247],[126.89331979415218,37.25104640407137],[126.89346483999485,37.25099659204002],[126.89388226624946,37.25060328221822],[126.89347169829684,37.25009292157238],[126.89335056768358,37.24985406328532],[126.8945167423681,37.24947631777592],[126.89491147629198,37.249235529259494],[126.89494990904757,37.248708862705335],[126.89503329983403,37.248688285946315],[126.89521474663782,37.248325042703186],[126.89540822362137,37.24823914013969],[126.89572147459651,37.247938239730765],[126.89635342742665,37.2469853250285],[126.89667282146821,37.24618944262296],[126.8973056887668,37.24572362421678],[126.89797602976903,37.24452801272633],[126.89832540262796,37.24401832130654],[126.89882577219258,37.243491883390035],[126.89925635047771,37.242872413978155],[126.89936744052984,37.24282352942231],[126.90029044275904,37.24292762589436],[126.90145449836062,37.24350040470254],[126.90222576929101,37.243207072187126],[126.90304108789039,37.24319261546485],[126.9040554629981,37.24303862919233],[126.90508008304711,37.242359274344345],[126.90484302116703,37.24143511155993],[126.90577695425026,37.241612951215714],[126.90628791336614,37.24129592739549],[126.9067951247692,37.2408902451991],[126.90753530716954,37.24077236632999],[126.90844365728188,37.24035281230784],[126.91024438918312,37.240179565400226],[126.91024144634576,37.23950765875563],[126.91102085030471,37.23935297184735],[126.91155508104316,37.238881703148685],[126.9124304728672,37.23858206664827],[126.91375941975981,37.23835722241429],[126.91381650879912,37.23879771042411],[126.91450402833125,37.23862268615603],[126.91533657933851,37.23893818984044],[126.91597278454024,37.23939247715124],[126.91700871562054,37.24041408841322],[126.91856739437273,37.23963553969384],[126.91924098305275,37.23916828939619],[126.92003552876113,37.239081564054224],[126.92136181852115,37.23992715665501],[126.921820997394,37.23985405890079],[126.92210722428437,37.23960167201922],[126.9231037795612,37.239235478092105],[126.92518953770247,37.23902270871432],[126.9253273612149,37.23893880262306],[126.92521429522183,37.23862226702168],[126.92520109540861,37.23827862035277],[126.9250387750171,37.23813708860624],[126.9248827039085,37.237723077517224],[126.92469723707268,37.237537676748936],[126.92429212584132,37.23680215651707],[126.92432799236566,37.236618232778206],[126.92428498883294,37.23639673835587],[126.92448643215931,37.235806418595445],[126.92436269368933,37.23521083223403],[126.9247296753172,37.23536623867532],[126.92510702021264,37.23530417583294],[126.92545388864916,37.235346982199815],[126.92674809029232,37.23576979891794],[126.92728763383407,37.23560463538588],[126.9273793158236,37.23560942326129],[126.92759342250605,37.23575739057984],[126.92805391732902,37.23541073192453],[126.92826531537436,37.236122809956186],[126.92811563259137,37.23651004697668],[126.92852514643255,37.23700582646359],[126.92892076298924,37.23736817013165],[126.92902925237209,37.23738232882406],[126.92964345634385,37.23785327068905],[126.92970762970901,37.23800320643879],[126.92957898032579,37.238247526149706],[126.929412996892,37.238878954290136],[126.9294012669744,37.239480408488006],[126.92962010639009,37.24067719279441],[126.93002482990265,37.24149423808647],[126.93003992138978,37.24179184212608],[126.93036976148224,37.24235997413025],[126.93076398051822,37.2428460770868],[126.93100689910766,37.24278796082379],[126.93153709231503,37.24291859241375],[126.93175321038957,37.24287193800843],[126.93182869670399,37.24280110678744],[126.93197722208912,37.24280794285884],[126.931676457445,37.24331382492774],[126.93146662950079,37.24349170107906],[126.93127532312472,37.24394335020796],[126.93100262914412,37.244395599312234],[126.93181815116996,37.24418056277718],[126.93208396236624,37.24382896269491],[126.9329934468181,37.24360303448576],[126.93356064644973,37.24356197660206],[126.93547532794524,37.24323625317874],[126.93603215671827,37.24291928880831],[126.93661686765944,37.24272899601919],[126.93697195312073,37.24288433080499],[126.93758641277881,37.24288358281332],[126.93816903589251,37.24274554144539],[126.9389189014919,37.24242472000741],[126.9397826896476,37.24191260874036],[126.94011335529679,37.24163708091402],[126.94146400993115,37.24015269981204],[126.94178144385812,37.23994646842237],[126.94215994251383,37.23981847694586],[126.94240675653566,37.239467501643105],[126.94419681453628,37.23891305321871],[126.94500014420127,37.23901969874662],[126.94545531076795,37.239000119227214],[126.94608482252427,37.23906986756828],[126.94646201962325,37.23924344839904],[126.94673124671931,37.23956660462387],[126.94704781869372,37.24011221239966],[126.94715362894087,37.240147951149446],[126.94740388894789,37.24044778722315],[126.94779043787045,37.24127379201378],[126.94797305600987,37.24180335190652],[126.94802921152157,37.242079923967765],[126.94800563091945,37.242307821946675],[126.9478990324168,37.24248910769322],[126.94793780360362,37.24274191151694],[126.9480722178983,37.242959122451126],[126.94850725057236,37.243285277513834],[126.94875721778278,37.24328389339816],[126.94913053935572,37.243152462477155],[126.94980267568809,37.243046813774136],[126.95035424341685,37.242802592631165],[126.95110241687792,37.24259370136897],[126.95321643524048,37.242464931887994],[126.95340244044958,37.24265920836963],[126.95345394808234,37.24265555304509],[126.9535160231063,37.24280065438551],[126.9536461056056,37.24281792587046],[126.9536920024113,37.24275805239899],[126.95376933962267,37.24284700706332],[126.95431071459431,37.24312925802993],[126.95545331134986,37.24452760540718],[126.95574050185851,37.24517223818918],[126.95619729335341,37.24524425359641]]]]}},{"type":"Feature","id":"41593101","properties":{"code":"41593101","name":"배양동","district":"효행구","city":"화성시","province":"경기도","fullName":"경기도 화성시 효행구 배양동","source":"VWorld LT_C_ADEMD_INFO"},"geometry":{"type":"MultiPolygon","coordinates":[[[[126.99363582384343,37.23062288530479],[126.99342171958786,37.23064537886499],[126.9929792812154,37.2304665273926],[126.99168527740486,37.229490960921815],[126.99113282002776,37.22845067162875],[126.99075450181594,37.22797323956307],[126.99068220381439,37.22774874771734],[126.99070468742804,37.22748531251348],[126.99062749993668,37.22710243523143],[126.9906709368071,37.22624489165216],[126.9906189243652,37.2262446616218],[126.9906652403616,37.22589444929616],[126.99055533446143,37.22363207817505],[126.99038300570139,37.22319860718741],[126.9903335278297,37.2228347079659],[126.99014685450518,37.22288120196503],[126.99007633292027,37.22280081327781],[126.99002927024243,37.222347647960845],[126.98977368320061,37.22176504552005],[126.98976347850753,37.22159782020461],[126.98951296988625,37.221276753979424],[126.98899392700893,37.22093622367338],[126.98906253250844,37.22079744344988],[126.9890338117065,37.220735538863664],[126.98907597994172,37.22076188975636],[126.9891459260568,37.22069125540644],[126.98914128568434,37.22033604624588],[126.98947367123041,37.2200641280466],[126.98890466050852,37.21956633335436],[126.98816472322969,37.21909928734032],[126.98800937992155,37.219269972137006],[126.98703176802806,37.21826937569626],[126.98636064662534,37.217870012988385],[126.98757289042672,37.21658141909182],[126.98744931597162,37.216118566051485],[126.98732099879292,37.214759102852526],[126.98774858635367,37.214804448700505],[126.98817028792081,37.21475338979254],[126.98903568956209,37.21487220544123],[126.98972927793538,37.21568535019711],[126.99101933601855,37.216421352794285],[126.99176772868535,37.2162530028602],[126.9924973675976,37.21620641364006],[126.9932714065602,37.2165726265782],[126.99494930707846,37.216282631752875],[126.99542792335832,37.21673265586105],[126.99584436274682,37.21691675043667],[126.9966470364666,37.217898318419955],[126.9975745861503,37.21915853224573],[126.99829933819053,37.21882130308781],[126.99885172014513,37.218639819865544],[126.99919291028645,37.21865381119642],[126.99959974525636,37.218929627408514],[127.00026829004621,37.21913465037111],[127.00090912675836,37.21874068374087],[127.00172043314528,37.218352164737986],[127.00241506685599,37.21810184294621],[127.0025320413371,37.21756880346927],[127.00317514833255,37.21703534311058],[127.00340056950793,37.217079103346265],[127.00383451718922,37.21694062343735],[127.00388407339061,37.21677934488984],[127.00408666363607,37.21668452396746],[127.00420925386409,37.21763333676311],[127.00376136872562,37.21861723907353],[127.00322961102972,37.21953324726771],[127.00328410928236,37.220511480544545],[127.0031141098684,37.220915437996986],[127.00322571508532,37.2221224987877],[127.00293809953824,37.22291226543714],[127.00329397011035,37.223471005351875],[127.00398713062218,37.22409738773833],[127.00464691947555,37.223978083243765],[127.00541913960079,37.22397714119883],[127.00624651281888,37.22413318033571],[127.00727891021907,37.22408823565034],[127.0085913710158,37.224390337602536],[127.00901608163791,37.22440344862198],[127.00948722102432,37.22458165276824],[127.0090837728688,37.224809363338586],[127.0090920011188,37.225175536890625],[127.0089287191099,37.225273706642845],[127.00835901180463,37.225896837831456],[127.00840188971928,37.226187006556565],[127.00825494821139,37.226343093317645],[127.0086916032966,37.22624671032905],[127.00887832908518,37.22630790656312],[127.00904463032917,37.22640759626873],[127.0090279357095,37.226451865466544],[127.00940141271127,37.2265841590119],[127.00939594348894,37.2267594208238],[127.01028056477746,37.22654374855159],[127.01057278902705,37.22656235106128],[127.01068364715306,37.22650552289049],[127.01072036297082,37.22654646333575],[127.00943230256216,37.22684244029506],[127.00862260998305,37.22696469084882],[127.00767613830084,37.227433294108714],[127.0072817773015,37.227554963492],[127.00721979814682,37.22764055635007],[127.00720856160991,37.22805954078338],[127.0066226425109,37.22841547855895],[127.00651561019504,37.22864975366868],[127.00653798359679,37.22890936050527],[127.0064818321506,37.229055223305465],[127.00634661387737,37.22907324971546],[127.00600292012746,37.22888854996433],[127.00564796819474,37.228857026486686],[127.00424507814962,37.22907331692485],[127.00399719152249,37.22920847845856],[127.00386760144818,37.22942473080794],[127.0037323981708,37.229996894042],[127.00358027775488,37.23011852822997],[127.00332672834462,37.23019512982856],[127.00270398448335,37.22994425209653],[127.00284218548909,37.22959594446906],[127.00329291470773,37.229366173237565],[127.00337178681973,37.22911388070645],[127.00336051290452,37.22888411556813],[127.00328163497934,37.22887961157321],[127.0032365601937,37.22880301478883],[127.00289289286792,37.22896521560086],[127.00239144423065,37.229028284224185],[127.00230129642175,37.22887962219709],[127.00220551248215,37.22847415457442],[127.00182802572137,37.22797858388264],[127.0014561777087,37.22780288138287],[127.00124208441089,37.22763618857614],[127.00130969353974,37.22737488691121],[127.00118574681655,37.22698293392117],[127.00121954054255,37.22670361136587],[127.00111814134075,37.22651888869765],[127.00089278387473,37.22643329787263],[127.00056038079394,37.22644681129279],[127.00027867751233,37.22680723404077],[127.00007022101862,37.226775686256055],[126.99984486081593,37.2263206486784],[126.99963078551717,37.22619450876783],[126.99933781806531,37.22630262866742],[126.99906739035106,37.22626207656527],[126.99893218081547,37.22611790716129],[126.99870684150738,37.22564035035457],[126.99848147667308,37.225590787557586],[126.99827866673728,37.22562231863608],[126.99817723873859,37.226032289453606],[126.99803074488018,37.22629358710043],[126.99820679680435,37.22649126247938],[126.9982786212167,37.22669005208491],[126.99819974612794,37.22693783612424],[126.99764196618882,37.22701891290082],[126.99753491326646,37.22715406546982],[126.99752364123513,37.22723065355298],[126.99768138409785,37.22741537209905],[126.99772644861585,37.22756855046208],[126.99765883267575,37.227717210982206],[126.99755741707881,37.227771279092146],[126.99723064386968,37.227744236523336],[126.99680809859056,37.227613569616175],[126.99668977897443,37.22769015331805],[126.99659961078588,37.22787936814928],[126.99659959180798,37.228172206343075],[126.99672353654783,37.22842900797312],[126.9968136815268,37.22843802198545],[126.99693764089893,37.22828484994032],[126.99731512461875,37.2282848639044],[126.99776583519932,37.22861375879656],[126.9978728664203,37.22896516791775],[126.99768623054406,37.22917831216905],[126.99745593571708,37.22926249773085],[126.99700519233632,37.22925347104882],[126.99656007947722,37.2294742081874],[126.995855796315,37.229627353534354],[126.9953258030821,37.23000097946865],[126.99485847195392,37.23046526920988],[126.9944302486078,37.23056435881816],[126.993945721151,37.23049224565597],[126.9937034372771,37.23060035476398],[126.99363582384343,37.23062288530479]]]]}},{"type":"Feature","id":"41593250","properties":{"code":"41593250","name":"봉담읍","district":"효행구","city":"화성시","province":"경기도","fullName":"경기도 화성시 효행구 봉담읍","source":"VWorld LT_C_ADEMD_INFO"},"geometry":{"type":"MultiPolygon","coordinates":[[[[126.97578861843458,37.22200096179992],[126.97522128455397,37.22192094190714],[126.97502269883101,37.22195575896654],[126.97480704294068,37.22208683010796],[126.9730441666615,37.22335317566036],[126.97226707297197,37.224465222611954],[126.971970822199,37.225137442869865],[126.97188708760851,37.225782305980694],[126.97187674075765,37.22656765960303],[126.97147816330109,37.22786864394761],[126.97068620676137,37.229197862666275],[126.96979761627992,37.22980345157518],[126.96941985971014,37.23042957279877],[126.96938240863503,37.23073563697927],[126.96931828628699,37.23079897170129],[126.96928737109234,37.23147418470803],[126.96899103425551,37.23188013036302],[126.96883863658553,37.232506311165025],[126.96866379631732,37.2329072255355],[126.96830303288253,37.23327204605119],[126.9681902089752,37.23357836787222],[126.96813349087357,37.23442532915959],[126.9678797624401,37.234817209588314],[126.9669497519464,37.23548821626665],[126.96565909541448,37.23618163292887],[126.96412842290835,37.237190882278064],[126.96344403070528,37.23745140699202],[126.96186045853302,37.23783833424275],[126.96091361975044,37.23819842908306],[126.95765570652576,37.23990023095425],[126.95756548197974,37.240012827347435],[126.95749207823545,37.24026959610675],[126.95786922164332,37.24096353539013],[126.95795923006581,37.24124739565428],[126.9579751549406,37.242932343247546],[126.95729251204503,37.24427914234479],[126.9567794491947,37.244706942718835],[126.95669631619228,37.24512735360683],[126.95619729335341,37.24524425359641],[126.95574050185851,37.24517223818918],[126.95545331134986,37.24452760540718],[126.95431071459431,37.24312925802993],[126.95376933962267,37.24284700706332],[126.9536920024113,37.24275805239899],[126.9536461056056,37.24281792587046],[126.9535160231063,37.24280065438551],[126.95345394808234,37.24265555304509],[126.95340244044958,37.24265920836963],[126.95321643524048,37.242464931887994],[126.95110241687792,37.24259370136897],[126.95035424341685,37.242802592631165],[126.94980267568809,37.243046813774136],[126.94913053935572,37.243152462477155],[126.94875721778278,37.24328389339816],[126.94850725057236,37.243285277513834],[126.9480722178983,37.242959122451126],[126.94793780360362,37.24274191151694],[126.9478990324168,37.24248910769322],[126.94800563091945,37.242307821946675],[126.94802921152157,37.242079923967765],[126.94797305600987,37.24180335190652],[126.94779043787045,37.24127379201378],[126.94740388894789,37.24044778722315],[126.94715362894087,37.240147951149446],[126.94704781869372,37.24011221239966],[126.94673124671931,37.23956660462387],[126.94646201962325,37.23924344839904],[126.94608482252427,37.23906986756828],[126.94545531076795,37.239000119227214],[126.94500014420127,37.23901969874662],[126.94419681453628,37.23891305321871],[126.94240675653566,37.239467501643105],[126.94215994251383,37.23981847694586],[126.94178144385812,37.23994646842237],[126.94146400993115,37.24015269981204],[126.94011335529679,37.24163708091402],[126.9397826896476,37.24191260874036],[126.9389189014919,37.24242472000741],[126.93816903589251,37.24274554144539],[126.93758641277881,37.24288358281332],[126.93697195312073,37.24288433080499],[126.93661686765944,37.24272899601919],[126.93603215671827,37.24291928880831],[126.93547532794524,37.24323625317874],[126.93356064644973,37.24356197660206],[126.9329934468181,37.24360303448576],[126.93208396236624,37.24382896269491],[126.93181815116996,37.24418056277718],[126.93100262914412,37.244395599312234],[126.93127532312472,37.24394335020796],[126.93146662950079,37.24349170107906],[126.931676457445,37.24331382492774],[126.93197722208912,37.24280794285884],[126.93182869670399,37.24280110678744],[126.93175321038957,37.24287193800843],[126.93153709231503,37.24291859241375],[126.93100689910766,37.24278796082379],[126.93076398051822,37.2428460770868],[126.93036976148224,37.24235997413025],[126.93003992138978,37.24179184212608],[126.93002482990265,37.24149423808647],[126.92962010639009,37.24067719279441],[126.9294012669744,37.239480408488006],[126.929412996892,37.238878954290136],[126.92957898032579,37.238247526149706],[126.92970762970901,37.23800320643879],[126.92964345634385,37.23785327068905],[126.92902925237209,37.23738232882406],[126.92892076298924,37.23736817013165],[126.92852514643255,37.23700582646359],[126.92811563259137,37.23651004697668],[126.92826531537436,37.236122809956186],[126.92817656840876,37.2357049251545],[126.92803795793488,37.23540135121719],[126.92759342250605,37.23575739057984],[126.9273793158236,37.23560942326129],[126.92728763383407,37.23560463538588],[126.92674809029232,37.23576979891794],[126.92545388864916,37.235346982199815],[126.92510702021264,37.23530417583294],[126.9247296753172,37.23536623867532],[126.92436269368933,37.23521083223403],[126.92448643215931,37.235806418595445],[126.92428498883294,37.23639673835587],[126.92430558848696,37.23686166089949],[126.92469723707268,37.237537676748936],[126.9248827039085,37.237723077517224],[126.9250387750171,37.23813708860624],[126.92520109540861,37.23827862035277],[126.92521429522183,37.23862226702168],[126.9253273612149,37.23893880262306],[126.92518953770247,37.23902270871432],[126.9231037795612,37.239235478092105],[126.92210722428437,37.23960167201922],[126.921820997394,37.23985405890079],[126.92136181852115,37.23992715665501],[126.92003552876113,37.239081564054224],[126.91924098305275,37.23916828939619],[126.91856739437273,37.23963553969384],[126.91700871562054,37.24041408841322],[126.91597278454024,37.23939247715124],[126.91533657933851,37.23893818984044],[126.91450402833125,37.23862268615603],[126.91381650879912,37.23879771042411],[126.91375941975981,37.23835722241429],[126.9124304728672,37.23858206664827],[126.9121981483124,37.2374927520833],[126.91250339744809,37.236810048465486],[126.91227008141519,37.23549475235943],[126.91203861432122,37.23510112996647],[126.91269043149877,37.23473907842922],[126.91273206460419,37.234542629020034],[126.91260719667646,37.23414489769676],[126.91318445679951,37.23333029439167],[126.91351424732028,37.233034521363194],[126.9137748878422,37.233012702324245],[126.9120680556044,37.23181402514185],[126.91071813745066,37.23045763597403],[126.91011518695527,37.22929661473417],[126.91016535334091,37.228932389951666],[126.91005090203946,37.22817621178116],[126.90984619572149,37.228090625913005],[126.909306294109,37.228035144291134],[126.90871493962221,37.22775253973777],[126.90809028280853,37.22726765844226],[126.90836617910118,37.226654627612795],[126.9084590731324,37.22617666259747],[126.90883289486852,37.22531147012944],[126.90933152067176,37.22453765798136],[126.90955484629964,37.22242008796409],[126.90974181897617,37.22234304076983],[126.90976024424369,37.22187520743554],[126.90826411971976,37.22152442614076],[126.9074332698526,37.2208334093692],[126.90697082502167,37.22021922476465],[126.90647848257865,37.220253989440735],[126.90632935180139,37.22003069976015],[126.90614170364829,37.21924986843716],[126.90553580674751,37.21859250171752],[126.9053705056617,37.21813629640165],[126.90505222852049,37.217857318413145],[126.90401866449436,37.21761103752186],[126.90357939298272,37.217043595482814],[126.90282254922855,37.21665012211032],[126.90327351367267,37.216309038074165],[126.90367897439637,37.215257235774814],[126.9037388137339,37.214852185611335],[126.90438702351689,37.21396478668398],[126.90464464332969,37.21344530337817],[126.90555009841181,37.21289475545163],[126.90598832092172,37.212437028572715],[126.9065873534612,37.21213469667115],[126.90713013571795,37.211711369955026],[126.90731768506058,37.2113323424032],[126.90725502157017,37.21047503136529],[126.90731104450973,37.210312275485],[126.90723245153391,37.209881523425096],[126.90688907999798,37.209593780896355],[126.90688133871569,37.209432947533536],[126.90751224723304,37.20873101458242],[126.90756221256486,37.208118957513754],[126.90829258989221,37.208054686371455],[126.90851673125601,37.207945719145606],[126.90755621454689,37.20644171447811],[126.9070683287732,37.20573825124093],[126.90703276919561,37.20575356766249],[126.90673901901427,37.205138965405666],[126.90703427183274,37.20458412220113],[126.90688003267366,37.203450107410504],[126.90698042525786,37.203140093250035],[126.9069293554646,37.20280353955738],[126.90672953189758,37.2026091507967],[126.90674444262181,37.202395507134355],[126.90702023298707,37.20173089192837],[126.90654508138421,37.201419642733846],[126.90642111210653,37.20140731613104],[126.90654209621776,37.201150011832965],[126.90618678748213,37.19920037977922],[126.9054817050323,37.199102344407706],[126.9048036565605,37.19914638561025],[126.90426866349686,37.19890517057274],[126.90398474987737,37.1986674398516],[126.90331199958156,37.19798873986676],[126.90310533653356,37.1977263643554],[126.90311973546899,37.19754966339306],[126.90186371343002,37.196012368032925],[126.90104900463841,37.19596653769336],[126.90083544513368,37.19565730695578],[126.90092643410041,37.195102439503486],[126.90066522593561,37.1944776218875],[126.90008454990836,37.193967576075],[126.90002534768952,37.193860823583925],[126.90042634438933,37.1932367688769],[126.90051766326698,37.19289089931768],[126.9007410801252,37.19275085079921],[126.90096139158078,37.19246339716438],[126.9011810993188,37.19234156380054],[126.9016497277088,37.19232931800966],[126.90240938396371,37.191923079599874],[126.9029484365106,37.19223944486225],[126.90326373129571,37.19229740967884],[126.90353551178586,37.19230808684758],[126.90348447336781,37.1921476314676],[126.9043123879495,37.191991135089786],[126.90469972733044,37.19214882884359],[126.90486167317626,37.19213262509045],[126.90588797344687,37.191328012933624],[126.90626492346674,37.19116688515619],[126.90670486097338,37.19175576507659],[126.90768674160424,37.19175047357766],[126.90821599214217,37.191637900325354],[126.90835242975358,37.191692070422135],[126.90857270096188,37.1921926031322],[126.90882417736955,37.19231192736939],[126.9093186139316,37.19218320225779],[126.9095829527364,37.19184797532087],[126.91030228382007,37.19143446460549],[126.91065877976328,37.191483097614594],[126.91075153992277,37.191661413593145],[126.91188790058291,37.191454281124145],[126.91234606383503,37.19183048003789],[126.91308710347639,37.191650474779145],[126.91359940677651,37.19165400963822],[126.91469375192293,37.1918778613984],[126.91520229308622,37.191457597665355],[126.91771229555039,37.19086752929048],[126.91856382321919,37.19012985633592],[126.91995485796956,37.18966539552518],[126.91980753010762,37.18909413883184],[126.92000216952258,37.18851436846155],[126.91965479058038,37.18802937503691],[126.91923378802389,37.18766561933149],[126.9193508776852,37.18704427579166],[126.91951680735215,37.18659066868474],[126.92000428315653,37.186201554579725],[126.92038544845,37.18602758974287],[126.92043011899986,37.185421504142475],[126.92025615195888,37.18516432531534],[126.92040259910034,37.184438280908715],[126.92080137406374,37.1837503424401],[126.9209028100676,37.183196177371144],[126.92091837386202,37.182559715205365],[126.92102078482134,37.1822412465572],[126.92097131223744,37.181775993165004],[126.92050248652647,37.180760814792706],[126.92078240271287,37.18038084481238],[126.92099141920272,37.179828915099655],[126.92079208449223,37.17906029385908],[126.91944215617141,37.17897686674762],[126.91913063311594,37.17884496245662],[126.91907518123038,37.17868244694292],[126.9194328922611,37.17765132869546],[126.91918041011064,37.17734668040506],[126.91802145099429,37.17691306913888],[126.91754094565255,37.17660404856525],[126.91715580665026,37.175972915131005],[126.91731357383911,37.175508059355344],[126.91776676215163,37.17499310692058],[126.91788319816695,37.17452872567995],[126.91826865612173,37.17396460726243],[126.91895271353579,37.173451388918885],[126.9190010939453,37.17329962293687],[126.91948052504891,37.17319273996276],[126.91972670899281,37.17120099737324],[126.9196385608009,37.170758998973184],[126.91907983434872,37.170034726808815],[126.91895283148713,37.16992712521455],[126.91865108048998,37.169810445008984],[126.91862406747684,37.169708733701334],[126.91888939943341,37.16953043912719],[126.91959752454343,37.16932500485283],[126.9206941536721,37.16916959684876],[126.92132672920833,37.16885977718478],[126.92230108253234,37.16849998557229],[126.92273998756124,37.1684066230094],[126.92328932943636,37.168481161235746],[126.92327480741073,37.16830400532033],[126.92286614473237,37.16790960677661],[126.92239641949358,37.16780422276625],[126.92205978719996,37.16760486562019],[126.92190287655905,37.1674145667763],[126.92146407319805,37.16733057272724],[126.92083912434353,37.16708745127406],[126.91980015418031,37.16698764209623],[126.91868683914893,37.16706703571384],[126.91809360663248,37.16684457399654],[126.91735732299867,37.166782493783494],[126.91704502659624,37.16622006164488],[126.91651828311022,37.165922771152246],[126.91598646842604,37.16598309231835],[126.91564391302919,37.1661947715498],[126.91558273498805,37.166142340177046],[126.91530781381012,37.16555780972501],[126.9151869855609,37.16467511633322],[126.91527093824517,37.164024150759246],[126.91494821221377,37.16361726256091],[126.91488659617468,37.16339837948568],[126.91507862474747,37.162782525680875],[126.91496658930578,37.16252814049727],[126.91503926571627,37.16155641067181],[126.91423321262623,37.160671321622395],[126.91416368501038,37.160669098873534],[126.91452392035897,37.16060213640857],[126.91438951266211,37.160462230674185],[126.91461900669141,37.16009032827914],[126.91532376297492,37.15972061910334],[126.91550323866257,37.159540908745086],[126.91555886606281,37.15937021798871],[126.91587999535632,37.15915343232572],[126.91554790641189,37.15833111813778],[126.91494915607063,37.15734837454978],[126.9163013204738,37.15692786058087],[126.91673597852888,37.15669296183507],[126.9174620041678,37.1561394404489],[126.91718042090568,37.15563312890789],[126.9195920004229,37.154379285880715],[126.92054776939982,37.15468583154541],[126.92076711577184,37.15503606672066],[126.92096716219048,37.15503192282458],[126.92201614786374,37.156023418129344],[126.92231004541017,37.15615324912765],[126.92242594693279,37.15665550944698],[126.92286600364568,37.15780780520272],[126.92360449474462,37.15839204783032],[126.92421785170359,37.15918934786751],[126.9241930846035,37.159399123393605],[126.92427974806955,37.15959847432216],[126.92525387295176,37.15989427126378],[126.92501256106343,37.16051649855785],[126.92593702903301,37.16065455589659],[126.92618592863063,37.16095588150967],[126.92678579397993,37.16102813801596],[126.9273822748614,37.16100496810628],[126.92950310268891,37.16141868638216],[126.9298697139754,37.16175478414854],[126.93075447080025,37.161728563422635],[126.93124459132089,37.16137311120828],[126.93141423481352,37.161063385392936],[126.9329232947634,37.160687520906095],[126.93314934758627,37.16057401097743],[126.93370629557448,37.16067712275406],[126.9342294021975,37.160628800142725],[126.93474377201545,37.16042666994552],[126.93519604312573,37.16016898904083],[126.93600645734104,37.15989098793271],[126.93693957570152,37.15970774862554],[126.93728904807786,37.1585738937365],[126.93746302215966,37.15733757446339],[126.93681653876871,37.15689141924628],[126.93581987674315,37.15548132930674],[126.93507447349478,37.15305913913641],[126.9347767166456,37.15127608723544],[126.9346247685907,37.150961831725695],[126.9344765215823,37.15067721370708],[126.93403046483235,37.15023485931554],[126.93328174270408,37.149811116340125],[126.93321403575034,37.14965979065188],[126.93321344021402,37.1494457903554],[126.93271724598907,37.14953076102243],[126.93193474813289,37.14927715365037],[126.93144478561723,37.14920786246813],[126.93134955359233,37.149003573584],[126.93107305395247,37.14867317385891],[126.93058432080025,37.14848575185283],[126.92995676671384,37.14836950836534],[126.92939392720452,37.14794470843391],[126.92943095250769,37.14789353314019],[126.92912292390885,37.147328484512855],[126.92904481611261,37.146374176796165],[126.92917507635897,37.14626175088482],[126.92914802077125,37.14617503506041],[126.92929412642117,37.145923144697946],[126.92890686406889,37.14528901735533],[126.92894392940015,37.14527740745491],[126.92884641216631,37.14508557659423],[126.92864083717103,37.14484962678744],[126.92855633488135,37.14465573125195],[126.92849875586404,37.144696955027925],[126.92850941620301,37.144566921600536],[126.92855197712325,37.14457554384881],[126.92856568545868,37.14394371574535],[126.92867327163157,37.143210901162846],[126.92906277679475,37.143262256593985],[126.93000990814473,37.143525605809785],[126.93065813677443,37.14351669613189],[126.93162531220786,37.14335137729329],[126.93272449172498,37.143468247037994],[126.9329059729562,37.14354709525269],[126.93309074908656,37.14380466000757],[126.93347655163056,37.14396277361254],[126.9340518971385,37.144505860837896],[126.93556497010974,37.1456091326657],[126.93625329164809,37.14534568522479],[126.93705670754501,37.14523151080279],[126.9378125778409,37.144900881437465],[126.93824542037166,37.144939984652915],[126.9387049431259,37.144811432450325],[126.9389410585125,37.14480779090316],[126.94126775556414,37.14311269109838],[126.94206476473425,37.14281786324797],[126.94225608763584,37.14294485439357],[126.94239206564671,37.14327712267256],[126.94293466782403,37.14413068956229],[126.9435040331453,37.14417878841703],[126.94417590299442,37.143841418485785],[126.94536159646555,37.143944309608315],[126.94587254036475,37.14415255866635],[126.94593406520637,37.144458504131435],[126.94585595155142,37.14471825916162],[126.9454362934507,37.145752929968474],[126.94510936317734,37.14608948038255],[126.94531967303051,37.1464653103428],[126.94579373310602,37.14779840753945],[126.94568084377944,37.14839668947605],[126.94565969257805,37.14951509301697],[126.94586837905628,37.15009527971564],[126.94635706333766,37.15046276802953],[126.94525206540642,37.15145575802363],[126.94470701178416,37.1521799890737],[126.94448578361306,37.15280564547905],[126.94390834897743,37.15370789594031],[126.94382290948971,37.15492069709076],[126.94373893326147,37.15536065772611],[126.94388994538755,37.1559163015974],[126.94379471948605,37.156182101502445],[126.94384253162713,37.1565801101843],[126.94376220834992,37.1571586001205],[126.9442432347826,37.15766584604058],[126.94382993477655,37.15825443755045],[126.94474274593908,37.158784714303934],[126.94477750745475,37.15928558016729],[126.9450662253538,37.15959214742109],[126.9446730784623,37.1606097686041],[126.94468962754073,37.16146773001459],[126.94470573809764,37.16164829026647],[126.94509407018943,37.16201117563964],[126.94529300699958,37.16252514829816],[126.94540124557142,37.162646607129815],[126.9452053660792,37.163170195752464],[126.94508226962502,37.16331635967168],[126.94505941625832,37.163480997724136],[126.9456540976597,37.16485117319919],[126.94553837561492,37.16511708157513],[126.9455602563915,37.1654922621291],[126.94537534037566,37.16579787393825],[126.94541654752054,37.16639262246384],[126.94534032215728,37.16673021876825],[126.94560032866205,37.16701815504479],[126.94573141666814,37.16729574915828],[126.94509613383443,37.1676881529909],[126.94486961738157,37.16817708065887],[126.94482540425908,37.16841575657668],[126.9448734309745,37.168679453676035],[126.94469766278942,37.169144500328365],[126.94492165717047,37.17035238311354],[126.94471952307913,37.17104785139957],[126.94447164533997,37.17123758342666],[126.94406498675866,37.17131658923883],[126.94389315537089,37.17165381356899],[126.94369913864658,37.17184583176467],[126.94442908764515,37.172549796737584],[126.94516141025225,37.17304754421733],[126.94568543007193,37.173287417145715],[126.94604268695231,37.17344191653471],[126.94643468343426,37.17347103202714],[126.94701868850746,37.173685165920816],[126.9474945612069,37.17377982268983],[126.94813367962165,37.173864414382784],[126.94812142713035,37.17375453497428],[126.94893232347562,37.17417331751113],[126.94908972922403,37.175313817485424],[126.94921090134268,37.17573855321431],[126.94944586300402,37.1760296592859],[126.95040367770255,37.176524301257466],[126.9515425722488,37.17685144397916],[126.95202675292862,37.17712688135284],[126.95187130313398,37.17724379944354],[126.95179981134626,37.17744752352141],[126.95175732665406,37.1781148580301],[126.95085124737953,37.17873468360166],[126.95079674919202,37.17889701112789],[126.95085960949301,37.17931522339386],[126.95037095311005,37.17993522283147],[126.95054388816544,37.180320621426546],[126.95026324526847,37.18046359579821],[126.94987712285086,37.18132861420872],[126.94977067447422,37.18180212236298],[126.94937776165865,37.18220622316568],[126.94926267708844,37.182835049546824],[126.94943680288378,37.18296367862259],[126.94951038557012,37.18316013926232],[126.94937297232475,37.18352191246384],[126.94961999146865,37.18424958951155],[126.95014929007488,37.18531082110302],[126.95260220574401,37.18917390742089],[126.95188720540327,37.18968790041784],[126.95181708814592,37.19049177554232],[126.9514281183152,37.19080839260316],[126.95078287551799,37.19173041993727],[126.9508984896609,37.192300993689685],[126.95031748842783,37.193465066574795],[126.95062766296697,37.193544573298894],[126.95108350581138,37.19399211936149],[126.95139455841584,37.1944517395719],[126.95130698886655,37.19448370764297],[126.95206442598683,37.19510262998141],[126.95244570226959,37.195043508688016],[126.95338449285643,37.1961252203593],[126.95379926399248,37.19675675958231],[126.95515390886241,37.197037846765085],[126.95576514837781,37.19725882238927],[126.95685638249964,37.197434032423715],[126.95750786421455,37.1973243486369],[126.9581750204649,37.197475150162454],[126.95844154131623,37.19747197654463],[126.95861358701671,37.19738235792602],[126.95878711042904,37.19714820292121],[126.95975428346163,37.19699307234363],[126.96068294832988,37.1970156698088],[126.96159244419889,37.19716481435764],[126.9618770083694,37.19716096330445],[126.96211798193325,37.19735353395891],[126.96264821590906,37.19728495929934],[126.96391212471438,37.1972807717631],[126.96476914063572,37.19761834688581],[126.96555218549857,37.19783498211652],[126.96636281476177,37.19789191009723],[126.96725400275332,37.1980739119052],[126.96777119752599,37.198275425865944],[126.96886450049085,37.19829610476158],[126.96904774004288,37.19824000197353],[126.96985298337401,37.19726591967753],[126.97055592687269,37.19675129315779],[126.97108409249712,37.1960815117079],[126.97119512361151,37.19586439721745],[126.97123564924516,37.19555380817967],[126.97143652117263,37.19540635817466],[126.97205220279398,37.19544355481678],[126.9727507005389,37.19522262784253],[126.97312934034295,37.19533511556162],[126.97336943170109,37.19565968437775],[126.973381085165,37.19582248804807],[126.97373376960563,37.19589670926916],[126.97400039902568,37.196042930057146],[126.97432182643928,37.196564655484536],[126.97508533867757,37.196865768353575],[126.97529603985888,37.197238929008854],[126.9755406542468,37.197359479656996],[126.97611714733092,37.197794034551606],[126.97875670259812,37.19816702683747],[126.9791877645737,37.19797416802401],[126.9796830758838,37.198003066710775],[126.98075367307285,37.19793256307349],[126.9810621906937,37.197993743618895],[126.98110177998419,37.19796117766028],[126.98108082497733,37.19776918834794],[126.9809499361324,37.19758146897756],[126.9814796452228,37.1973522166505],[126.98203636234403,37.196986430988545],[126.98245095667707,37.19628718805524],[126.98274793002435,37.19618730049555],[126.98354557707115,37.196062908627255],[126.98447109683383,37.19572736982348],[126.98387520093132,37.1965912591035],[126.98371913702125,37.19754051406314],[126.98417540619153,37.19826531937438],[126.98452719086437,37.19858243908141],[126.98489807180974,37.19904839502546],[126.9848934601375,37.20009819283745],[126.98513101361216,37.2005853757983],[126.98539605968726,37.20088962287259],[126.98509881663868,37.20169820661016],[126.98514378268753,37.20237988908858],[126.98453299015752,37.20266434399409],[126.98410369087587,37.20277648877605],[126.98341857013398,37.20329056714813],[126.98271050519661,37.204396479779405],[126.9817830947106,37.20498122380133],[126.9816238353092,37.20553566365903],[126.98095910765545,37.20629762618763],[126.98035005514012,37.20663617632736],[126.97989499268178,37.206964461587866],[126.97975155829147,37.20766093314484],[126.98030316297368,37.20807208928089],[126.97927104915698,37.209414013402],[126.97916708287386,37.20986663299114],[126.97937722665463,37.210720762363216],[126.9797086246342,37.21127237036423],[126.97980625508684,37.21232612211243],[126.9800588788668,37.21292475797728],[126.98079556345475,37.21289438876829],[126.98180763838008,37.21318058844832],[126.98108446552246,37.21389833578895],[126.98071571328671,37.21407635372617],[126.98059736735051,37.21455178608703],[126.98034972851582,37.214988720750746],[126.9795618108376,37.21578468450529],[126.97927112644227,37.21632996819479],[126.97888954650148,37.21674009547562],[126.97883334547673,37.21712978551582],[126.97861379211167,37.21740025418362],[126.9785932632845,37.217515880959226],[126.97880919766918,37.21774801720121],[126.97868832728871,37.2177512875666],[126.97879335214664,37.217909683928696],[126.97879347111811,37.21841477210432],[126.97828435021606,37.21900663995973],[126.97767635603934,37.2194861618352],[126.97755293166125,37.21972265141857],[126.97764472382309,37.219612950079416],[126.97760609164813,37.2198924364594],[126.97777955669649,37.22043356494343],[126.97811141998864,37.22074571576481],[126.97703986775966,37.22039544456262],[126.97701138732997,37.22063150259747],[126.9769301387356,37.22060302185969],[126.97694379978853,37.22065581672692],[126.97598166893826,37.22150625967526],[126.97572824959377,37.221865567190896],[126.97562818582793,37.22189745125077],[126.97564713892392,37.22195868116039],[126.97579424348844,37.22199299781438],[126.97578861843458,37.22200096179992]]]]}},{"type":"Feature","id":"41593320","properties":{"code":"41593320","name":"비봉면","district":"효행구","city":"화성시","province":"경기도","fullName":"경기도 화성시 효행구 비봉면","source":"VWorld LT_C_ADEMD_INFO"},"geometry":{"type":"MultiPolygon","coordinates":[[[[126.83330470861212,37.23057564925803],[126.83383422002917,37.23055317127061],[126.83443109668417,37.230647029020425],[126.83519134353466,37.23053158564375],[126.83541598471437,37.23088949627226],[126.83549454407725,37.231616501636395],[126.83571403652175,37.232228236093555],[126.83684106163638,37.232366225662595],[126.83732773921939,37.23214693967955],[126.83917589167736,37.232282940051576],[126.83971718076846,37.23174225539584],[126.83990991715393,37.23116807908729],[126.84021441178523,37.23080014934457],[126.84019907651762,37.23025470239547],[126.84052361750724,37.23006996236382],[126.84068289715867,37.229878716907514],[126.84111433727297,37.22962532599178],[126.84238688178901,37.229154528356645],[126.84338602961455,37.228933255632995],[126.84445648204802,37.229008366870055],[126.84475902981222,37.22906531689225],[126.84507916188218,37.22925061540857],[126.84547153123523,37.22916515578137],[126.84606472421264,37.22894182922541],[126.84658559709817,37.22845269755171],[126.84664165143163,37.22826221899838],[126.84696520792208,37.22804555412718],[126.84707375280196,37.22773104363245],[126.84854529027564,37.22724293169746],[126.84913903596947,37.22761782673107],[126.84940373540256,37.227886424502536],[126.84957841282305,37.22821254574174],[126.84988101731439,37.228247136977664],[126.85038560060696,37.22816476005556],[126.85074320633463,37.228283639431865],[126.85060246586674,37.227424634171825],[126.85024574947616,37.227026216891986],[126.84992884285364,37.2262917435461],[126.8500350937879,37.22586041646378],[126.85019978657401,37.22546426844605],[126.85035188427956,37.22524683442312],[126.85064797089076,37.22389220055146],[126.850343945071,37.22352819810072],[126.85021688425704,37.22313782229889],[126.85013259717722,37.22305673810545],[126.85013999734754,37.222454663278015],[126.8502407030676,37.22215064567691],[126.8500919212222,37.22121384181368],[126.85005754720333,37.22111707114294],[126.84973969637979,37.22093453694496],[126.84917080960037,37.220744705251455],[126.848949854671,37.2205809900981],[126.84898927328129,37.22018597048093],[126.84985608165933,37.219698061451545],[126.85027311293433,37.21969297213302],[126.85070795714209,37.21975012090496],[126.8511878725394,37.21969790286805],[126.85210568828667,37.220078537450654],[126.85287242480153,37.22018827570216],[126.85320712100759,37.218714826307036],[126.85368489014218,37.21821660707674],[126.85411493176524,37.218121695654595],[126.85465619817914,37.218246810722],[126.8547306899827,37.217428568307675],[126.85485551230424,37.21730619929841],[126.85439969876552,37.21572394582156],[126.85461318730599,37.215722102314615],[126.85555770917637,37.21538818141967],[126.85601899683572,37.21530466365172],[126.856407392829,37.214543651601],[126.85760568547992,37.213822720991],[126.85915258870665,37.21411591491501],[126.86032197785394,37.213689130255965],[126.86111243555466,37.213882613386616],[126.8620310455346,37.2122293221005],[126.86246369481913,37.211935415142285],[126.8629537537615,37.211707602130424],[126.8635285995309,37.21155780801087],[126.86421213920335,37.2119710092764],[126.86493358426839,37.211709225417295],[126.86557829834516,37.21163969465096],[126.86542701560765,37.210934725567185],[126.86553536797157,37.21025661723571],[126.86546994939084,37.209967893126546],[126.86699256782235,37.20949574644155],[126.86657827517928,37.208861580919944],[126.8664766512027,37.208437920923835],[126.86623729607643,37.208124129977875],[126.8662050256569,37.20710577936445],[126.86595253963985,37.20669191193792],[126.86549660127876,37.20633450418143],[126.8657479701761,37.20574109510767],[126.8659800202704,37.20454684757627],[126.8652331537532,37.2041201576651],[126.86483020866523,37.203326856213],[126.86513302694561,37.202997197927786],[126.86474765172369,37.202933383289086],[126.86374795145235,37.20220637123679],[126.86352459051577,37.201606881096275],[126.86317469435299,37.20124074834652],[126.86285612608056,37.20070882306866],[126.86264011124693,37.20020672456344],[126.86330677627313,37.19988213705669],[126.86409880438879,37.19969955163871],[126.8653953319163,37.1998780133362],[126.86575789593124,37.200230079822525],[126.86700792060384,37.199656792486834],[126.86706419985833,37.199292041560405],[126.86728500214201,37.198822919898035],[126.86759920666013,37.19863084840233],[126.86777722650037,37.198441415665215],[126.86837340385956,37.198223520738075],[126.87057363555375,37.19764045594827],[126.87142362115632,37.19710864959864],[126.87261621072687,37.19682608786817],[126.87327177134772,37.19656445103129],[126.87347073746405,37.19580563505249],[126.87409065848748,37.19519665633765],[126.87451613569624,37.19448562093184],[126.87478860905861,37.19423218736127],[126.87509152460288,37.193499105198434],[126.87580779585494,37.19307706075895],[126.87639233618074,37.19288254907217],[126.87677528422323,37.193095932923534],[126.87673986798077,37.193482669334934],[126.87664378437677,37.19361204832219],[126.87898781474777,37.19317566829577],[126.87871574666659,37.19441399048641],[126.8808803617183,37.19614184146301],[126.88096847568214,37.19594314260788],[126.88125061533151,37.19559272458727],[126.88104587864683,37.196041651479334],[126.88103163292824,37.196167711200005],[126.88111194210352,37.19633009805223],[126.8821432333864,37.19713020610612],[126.88548444355781,37.197184353090535],[126.88526034747925,37.19678547515623],[126.88562146632516,37.19680733685996],[126.88581865972526,37.196960013391255],[126.88633921249749,37.19706479845644],[126.88758015709884,37.1971490925732],[126.88821265229545,37.197049340704744],[126.88946201451505,37.1974524668796],[126.88990673729441,37.19655522067319],[126.89026475890257,37.19610113335581],[126.89046932366621,37.195578629015635],[126.89194377876234,37.19462854301863],[126.8919913779457,37.194542023607866],[126.89284901492107,37.194106563144544],[126.89285789927695,37.19405308524077],[126.89330417840911,37.19379101912534],[126.89395799976954,37.19326544893492],[126.89415692093344,37.192950894139315],[126.89415984098756,37.192582810668014],[126.89449928395969,37.19202997482118],[126.89470395983335,37.191903832890134],[126.89554729405181,37.19170930643723],[126.89572817964243,37.19172102847889],[126.89575593526257,37.191790668046686],[126.89573979812394,37.192410771289126],[126.89539869456,37.192819441885824],[126.89537838488454,37.1933444539039],[126.8954799022837,37.19367168736191],[126.89590834183241,37.19399931165302],[126.89671446304274,37.194202429192394],[126.89829373878052,37.19383993729576],[126.89923716005043,37.19396903721138],[126.90002534768952,37.193860823583925],[126.90008454990836,37.193967576075],[126.90066522593561,37.1944776218875],[126.90092643410041,37.195102439503486],[126.90083544513368,37.19565730695578],[126.90104900463841,37.19596653769336],[126.90186371343002,37.196012368032925],[126.90311973546899,37.19754966339306],[126.90310533653356,37.1977263643554],[126.90331199958156,37.19798873986676],[126.90398474987737,37.1986674398516],[126.90426866349686,37.19890517057274],[126.9048036565605,37.19914638561025],[126.9054817050323,37.199102344407706],[126.90618678748213,37.19920037977922],[126.90654209621776,37.201150011832965],[126.90642111210653,37.20140731613104],[126.90654508138421,37.201419642733846],[126.90702023298707,37.20173089192837],[126.90674444262181,37.202395507134355],[126.90672953189758,37.2026091507967],[126.9069293554646,37.20280353955738],[126.90698042525786,37.203140093250035],[126.90688003267366,37.203450107410504],[126.90703427183274,37.20458412220113],[126.90673901901427,37.205138965405666],[126.90703276919561,37.20575356766249],[126.9070683287732,37.20573825124093],[126.90755621454689,37.20644171447811],[126.90851673125601,37.207945719145606],[126.90829258989221,37.208054686371455],[126.90756221256486,37.208118957513754],[126.90751224723304,37.20873101458242],[126.90688133871569,37.209432947533536],[126.90688907999798,37.209593780896355],[126.90723245153391,37.209881523425096],[126.90731104450973,37.210312275485],[126.90725502157017,37.21047503136529],[126.90731768506058,37.2113323424032],[126.90713013571795,37.211711369955026],[126.9065873534612,37.21213469667115],[126.90598832092172,37.212437028572715],[126.90555009841181,37.21289475545163],[126.90464464332969,37.21344530337817],[126.90438702351689,37.21396478668398],[126.9037388137339,37.214852185611335],[126.90367897439637,37.215257235774814],[126.90327351367267,37.216309038074165],[126.90282254922855,37.21665012211032],[126.90357939298272,37.217043595482814],[126.90401866449436,37.21761103752186],[126.90505222852049,37.217857318413145],[126.9053705056617,37.21813629640165],[126.90553580674751,37.21859250171752],[126.90614170364829,37.21924986843716],[126.90632935180139,37.22003069976015],[126.90647848257865,37.220253989440735],[126.90697082502167,37.22021922476465],[126.9074332698526,37.2208334093692],[126.90826411971976,37.22152442614076],[126.90976024424369,37.22187520743554],[126.90974181897617,37.22234304076983],[126.90955484629964,37.22242008796409],[126.90933152067176,37.22453765798136],[126.90883289486852,37.22531147012944],[126.9084590731324,37.22617666259747],[126.90836617910118,37.226654627612795],[126.90809028280853,37.22726765844226],[126.90871493962221,37.22775253973777],[126.909306294109,37.228035144291134],[126.90984619572149,37.228090625913005],[126.91005090203946,37.22817621178116],[126.91016535334091,37.228932389951666],[126.91011518695527,37.22929661473417],[126.91071813745066,37.23045763597403],[126.9120680556044,37.23181402514185],[126.9137748878422,37.233012702324245],[126.91351424732028,37.233034521363194],[126.91318445679951,37.23333029439167],[126.91260719667646,37.23414489769676],[126.91273206460419,37.234542629020034],[126.91269043149877,37.23473907842922],[126.91203861432122,37.23510112996647],[126.91227008141519,37.23549475235943],[126.91250339744809,37.236810048465486],[126.9121981483124,37.2374927520833],[126.9124304728672,37.23858206664827],[126.91155508104316,37.238881703148685],[126.91102085030471,37.23935297184735],[126.91024144634576,37.23950765875563],[126.91024438918312,37.240179565400226],[126.90844365728188,37.24035281230784],[126.90753530716954,37.24077236632999],[126.9067951247692,37.2408902451991],[126.90628791336614,37.24129592739549],[126.90577695425026,37.241612951215714],[126.90484302116703,37.24143511155993],[126.90508008304711,37.242359274344345],[126.9040554629981,37.24303862919233],[126.90304108789039,37.24319261546485],[126.90222576929101,37.243207072187126],[126.90145449836062,37.24350040470254],[126.90029044275904,37.24292762589436],[126.89936744052984,37.24282352942231],[126.89925635047771,37.242872413978155],[126.89882577219258,37.243491883390035],[126.89832540262796,37.24401832130654],[126.89797602976903,37.24452801272633],[126.8973056887668,37.24572362421678],[126.89667282146821,37.24618944262296],[126.89635342742665,37.2469853250285],[126.89572147459651,37.247938239730765],[126.89540822362137,37.24823914013969],[126.89521474663782,37.248325042703186],[126.89503329983403,37.248688285946315],[126.89494990904757,37.248708862705335],[126.89491147629198,37.249235529259494],[126.8945167423681,37.24947631777592],[126.89335056768358,37.24985406328532],[126.89347169829684,37.25009292157238],[126.89388226624946,37.25060328221822],[126.89346483999485,37.25099659204002],[126.89331979415218,37.25104640407137],[126.89324951092057,37.2510026936247],[126.89262321655238,37.25019733146626],[126.89233016914667,37.25003436144278],[126.89200596185596,37.24996195211796],[126.89167328028614,37.25000521815544],[126.89145130238063,37.24996577190841],[126.89134659298587,37.24987933720342],[126.8908083615567,37.24987969126245],[126.8901782150948,37.24979368222713],[126.89011344929982,37.25007734878353],[126.88989537491653,37.25012756545762],[126.88964247248491,37.2503448911413],[126.8892858404935,37.251912834873536],[126.88924649901297,37.252302540883335],[126.8890809836087,37.25261436769255],[126.88905524266627,37.25293793241979],[126.8884358919306,37.25399961925627],[126.88745534966597,37.25589339532478],[126.88724698118004,37.25605792180808],[126.88710577965819,37.256254851005],[126.88656288566152,37.25641551152884],[126.88536363427242,37.25642094589455],[126.88498368543364,37.25649601632779],[126.88476420322475,37.25638514394297],[126.88406092278858,37.256369752581634],[126.88314056186243,37.256533203064656],[126.88312064537067,37.25656808026549],[126.88327021859088,37.25656803148723],[126.88318902460112,37.25673321834506],[126.88334023198993,37.256834627724906],[126.88335008540824,37.256927606413946],[126.8832784599292,37.25705774357546],[126.88306388424165,37.257154309364985],[126.88259797671994,37.25712904590647],[126.88199311105015,37.25692009949056],[126.88212313254462,37.25678814784202],[126.88231698722952,37.25673610108747],[126.88220663526353,37.25670444469859],[126.88217758674239,37.256568377064646],[126.88204973541342,37.256568410337415],[126.88203475383625,37.256790068012336],[126.88190021125115,37.25687967533348],[126.88069266907218,37.257229691108925],[126.8805382577029,37.257230335381465],[126.88033608061959,37.257416615984994],[126.88004469334015,37.25747552448469],[126.87947411278748,37.25740559412088],[126.8788722007238,37.25761076876129],[126.87848678828394,37.2576066927398],[126.87851962969319,37.2576801792671],[126.8775967034524,37.25795442931444],[126.87603191854254,37.25869773947282],[126.8749959527133,37.25955034096319],[126.874596431038,37.2600082789871],[126.87430939263167,37.2599729117084],[126.87428646986834,37.26008312872117],[126.87401492272842,37.26023358881878],[126.87331775757971,37.260188604289254],[126.87217375838831,37.25989931735333],[126.87155120165694,37.25982784138014],[126.87139602377493,37.25973358488147],[126.87124730303304,37.25954262718482],[126.87104608344052,37.25883657074858],[126.87084809617315,37.258656505809704],[126.86967527959723,37.25923592300678],[126.86830436350577,37.259511556124565],[126.86756034519696,37.259550578585134],[126.86743431888065,37.259605687421214],[126.86654040108942,37.26087859110866],[126.86626595179713,37.261444082760015],[126.86625611220649,37.26173307841439],[126.86649690162851,37.26213372798544],[126.86657134968306,37.26231076704653],[126.86654476958002,37.26239168570315],[126.86529988701396,37.26345030026328],[126.86503110515389,37.264082156488485],[126.8650095192926,37.264149276684584],[126.86519774144479,37.264587288073635],[126.86549917185944,37.26492080113798],[126.865453335136,37.265114074375504],[126.86526183000313,37.26522655551673],[126.86457913347044,37.26538074582844],[126.86448372294424,37.265698826637106],[126.86416723392092,37.26599144017877],[126.86401234305234,37.26604129482797],[126.86368957013575,37.26605612000052],[126.86347400461739,37.26597551466825],[126.8625720429787,37.265369757706765],[126.86186137114623,37.265553651653136],[126.86074818385522,37.26607377088225],[126.8600813847528,37.26830415226133],[126.85909360772227,37.26867261726672],[126.85873471152543,37.2697204654118],[126.85849875830368,37.26982392562616],[126.85827822219356,37.269781517703635],[126.85733446932637,37.26920216105096],[126.85569930112953,37.26952136798584],[126.85555600211967,37.26948768198802],[126.85408623105711,37.268000011688024],[126.8538210520573,37.26789685524647],[126.85241143505584,37.267673217998045],[126.85171412283867,37.26740123481709],[126.84984233290616,37.2659977803965],[126.84977727274054,37.26585127903047],[126.84987895125423,37.265614842830914],[126.85142233380098,37.264325663533526],[126.85108253060474,37.26397815394361],[126.85065038887545,37.26364812294661],[126.8488606538884,37.26173754640065],[126.84880394792336,37.26157662960564],[126.84880845487933,37.26148841512428],[126.84923128811725,37.26111239929135],[126.84972467000476,37.260379212110536],[126.85074284088284,37.260447558909675],[126.85081520498267,37.26038944418286],[126.85067135567243,37.26027402768542],[126.85063840618187,37.25966294894285],[126.85033525439074,37.25926947680719],[126.85033027593862,37.25909819271961],[126.85057061396832,37.25902321785814],[126.85055200487157,37.25898257547879],[126.85022623419384,37.259072785807575],[126.84993693014376,37.258324664896755],[126.85008435124958,37.25802173629963],[126.84965901607072,37.25750401545413],[126.849604770742,37.25702219838431],[126.84969359484397,37.256731440089276],[126.84963074599959,37.25639713845836],[126.8497791847478,37.25632182199392],[126.84980457359929,37.25616264157177],[126.84936333477266,37.2564182578286],[126.84906975097233,37.25689155450496],[126.84856943919594,37.25724681827962],[126.8482167463217,37.25795881071242],[126.84809267042684,37.258108221844395],[126.84733046782625,37.25869182337281],[126.84567826900022,37.25982217127185],[126.84539912453856,37.25989064263062],[126.8448772160147,37.25984583872721],[126.8448011053428,37.26035558852566],[126.8445680824581,37.26090440645426],[126.8448018856131,37.26126860794276],[126.84477415499789,37.26154008898483],[126.84431779613068,37.2625603199837],[126.84401566103851,37.26298280993485],[126.84387609902811,37.26304687697025],[126.84388275600783,37.26310364198104],[126.84409254711018,37.26296560331035],[126.84422207992752,37.26278557760188],[126.84481787594441,37.2633939619956],[126.8450415376865,37.26343865172727],[126.84502722070084,37.26350938201372],[126.84432520914068,37.26401648224771],[126.84422972015734,37.264180379694245],[126.84397471134358,37.264295075702144],[126.84170921711709,37.26595508711645],[126.84144015162434,37.26628805209787],[126.83932403901645,37.26451901083632],[126.83933825435949,37.264398363834246],[126.83860844350426,37.26402484749408],[126.83817153902999,37.26345617062078],[126.83748156092548,37.26283810748713],[126.8371577338172,37.261816678455254],[126.83662596335799,37.26144645196588],[126.83642676096787,37.2611241356809],[126.8365056895832,37.260956004537704],[126.83623742111781,37.26067937320845],[126.83614250143837,37.26021064864072],[126.83556967696455,37.25972883891966],[126.83506508877109,37.25906488805374],[126.83466049722614,37.25838583941821],[126.83444892698883,37.25787268104932],[126.8336969421726,37.25751341126218],[126.83339298594191,37.256713843105466],[126.83373892324818,37.25609924209599],[126.83418550767254,37.254591198452374],[126.83294948581266,37.25433040676637],[126.83233651345574,37.25365444978766],[126.83235060618536,37.253300254807456],[126.8313264938531,37.2536234755849],[126.83070092496888,37.253698090669715],[126.83038058001888,37.25323798287645],[126.82985103671204,37.25276190210052],[126.82863878305494,37.252586617135655],[126.8277120709485,37.25187150519164],[126.82741304577885,37.251929903578706],[126.82695614937147,37.25146038600159],[126.82733766373882,37.25052806022938],[126.82730495438085,37.25040546221038],[126.82711344389956,37.25024288572033],[126.82703700765454,37.25008848872765],[126.82640016189539,37.248573699859094],[126.82651965970526,37.247744679794195],[126.82666967034476,37.24756722599729],[126.8268491403569,37.246926808846005],[126.82675723562447,37.246659011344605],[126.8267690335432,37.24638680758001],[126.82655502181899,37.24581669404374],[126.82651434814169,37.24537200836419],[126.82668353025797,37.24472893597979],[126.82701737399566,37.24421193582243],[126.82708592387212,37.24365816936936],[126.82721288566889,37.24340355202829],[126.8273727579163,37.24331960332073],[126.82733098442776,37.243086858067315],[126.82652698106774,37.24227200923942],[126.82622011652442,37.24217402716567],[126.82631050475565,37.24115098798215],[126.82603485042848,37.24089316249031],[126.82590829937989,37.24018862489643],[126.82562950207787,37.23969463180906],[126.82551326804303,37.2389806300602],[126.82487455707748,37.238361513209206],[126.82461461027852,37.23819309969616],[126.82376510064863,37.23674552675468],[126.82437154364138,37.23632562352431],[126.82483097923364,37.23617307023524],[126.82539262100735,37.23583838715931],[126.82533598913625,37.235195844636415],[126.82694711110325,37.23530805777667],[126.82724067020193,37.23418348057553],[126.82732832665847,37.23327952545601],[126.82751213848228,37.2327723126388],[126.82784424845907,37.23221426417079],[126.8281169593938,37.232161817800424],[126.82820115517329,37.23085392988128],[126.82832053349105,37.23041073021897],[126.8288876072776,37.2301985253783],[126.82926102677172,37.229963086874605],[126.83049380598611,37.23046017447881],[126.83101059814084,37.23034634340348],[126.83169097136215,37.23055977686911],[126.83273058243317,37.230538556687485],[126.83330470861212,37.23057564925803]]]]}},{"type":"Feature","id":"41593330","properties":{"code":"41593330","name":"정남면","district":"효행구","city":"화성시","province":"경기도","fullName":"경기도 화성시 효행구 정남면","source":"VWorld LT_C_ADEMD_INFO"},"geometry":{"type":"MultiPolygon","coordinates":[[[[127.00590652232843,37.18681332714153],[127.00601850755876,37.18750056038544],[127.00564701981435,37.1877833674846],[127.00526487338888,37.18780104073872],[127.00493919556261,37.188323594649916],[127.00457191545883,37.18841698018827],[127.00405809740718,37.18873232265215],[127.00357182433639,37.18869188414259],[127.00297722146078,37.189311876137154],[127.00202384194142,37.18979330426857],[127.00170691792074,37.190285790172155],[127.00069216756057,37.19001491497152],[127.00010063459689,37.18967032223365],[126.9992635902146,37.18960220825151],[126.99878413962107,37.19048982804605],[126.99828747159185,37.19077208637754],[126.99784973085485,37.19118681626749],[126.99760720954684,37.19189319270712],[126.9970336796054,37.19221335016957],[126.99682359049622,37.192824296320815],[126.99572080024434,37.19319797443585],[126.99519409102764,37.19356942174097],[126.99471587387175,37.19420957934907],[126.99315509859855,37.19412315942605],[126.99127433274867,37.194445090735755],[126.99018747981845,37.19440291305119],[126.98965719275884,37.19481101689145],[126.98892200036722,37.19466709814788],[126.9883450668517,37.194472454639985],[126.98779222084671,37.19450474848901],[126.98687892182728,37.19481776164544],[126.98560095535488,37.194492139266536],[126.9849310528387,37.194151244905456],[126.98495986427164,37.19487186926096],[126.98447109683383,37.19572736982348],[126.98354557707115,37.196062908627255],[126.98274793002435,37.19618730049555],[126.98245095667707,37.19628718805524],[126.98203636234403,37.196986430988545],[126.9814796452228,37.1973522166505],[126.9809499361324,37.19758146897756],[126.98108082497733,37.19776918834794],[126.98110177998419,37.19796117766028],[126.9810621906937,37.197993743618895],[126.98075367307285,37.19793256307349],[126.9796830758838,37.198003066710775],[126.9791877645737,37.19797416802401],[126.97875670259812,37.19816702683747],[126.97611714733092,37.197794034551606],[126.9755406542468,37.197359479656996],[126.97529603985888,37.197238929008854],[126.97508533867757,37.196865768353575],[126.97432182643928,37.196564655484536],[126.97400039902568,37.196042930057146],[126.97373376960563,37.19589670926916],[126.973381085165,37.19582248804807],[126.97336943170109,37.19565968437775],[126.97312934034295,37.19533511556162],[126.9727507005389,37.19522262784253],[126.97205220279398,37.19544355481678],[126.9716103178413,37.19539565268296],[126.97136023098525,37.195444687286674],[126.97120818995508,37.195608566708344],[126.97119512361151,37.19586439721745],[126.97108409249712,37.1960815117079],[126.97055592687269,37.19675129315779],[126.96985298337401,37.19726591967753],[126.96910829277401,37.19818947892666],[126.96886450049085,37.19829610476158],[126.96777119752599,37.198275425865944],[126.96725400275332,37.1980739119052],[126.96636281476177,37.19789191009723],[126.96555218549857,37.19783498211652],[126.96476914063572,37.19761834688581],[126.96391212471438,37.1972807717631],[126.96264821590906,37.19728495929934],[126.96211798193325,37.19735353395891],[126.9618770083694,37.19716096330445],[126.96159244419889,37.19716481435764],[126.96068294832988,37.1970156698088],[126.95975428346163,37.19699307234363],[126.95878711042904,37.19714820292121],[126.95861358701671,37.19738235792602],[126.95844154131623,37.19747197654463],[126.9581750204649,37.197475150162454],[126.95750786421455,37.1973243486369],[126.95685638249964,37.197434032423715],[126.95576514837781,37.19725882238927],[126.95515390886241,37.197037846765085],[126.95379926399248,37.19675675958231],[126.95338449285643,37.1961252203593],[126.95244570226959,37.195043508688016],[126.95206442598683,37.19510262998141],[126.95130698886655,37.19448370764297],[126.95139455841584,37.1944517395719],[126.95108350581138,37.19399211936149],[126.95062766296697,37.193544573298894],[126.95031748842783,37.193465066574795],[126.9508984896609,37.192300993689685],[126.95078287551799,37.19173041993727],[126.9514281183152,37.19080839260316],[126.95181708814592,37.19049177554232],[126.95188720540327,37.18968790041784],[126.95260220574401,37.18917390742089],[126.95014929007488,37.18531082110302],[126.94961999146865,37.18424958951155],[126.94937297232475,37.18352191246384],[126.94951038557012,37.18316013926232],[126.94943680288378,37.18296367862259],[126.94926267708844,37.182835049546824],[126.94937776165865,37.18220622316568],[126.94977067447422,37.18180212236298],[126.94987712285086,37.18132861420872],[126.95026324526847,37.18046359579821],[126.95054388816544,37.180320621426546],[126.95037095311005,37.17993522283147],[126.95085960949301,37.17931522339386],[126.95079674919202,37.17889701112789],[126.95085124737953,37.17873468360166],[126.95175732665406,37.1781148580301],[126.95179981134626,37.17744752352141],[126.95187130313398,37.17724379944354],[126.95202675292862,37.17712688135284],[126.9515425722488,37.17685144397916],[126.95040367770255,37.176524301257466],[126.94944586300402,37.1760296592859],[126.94921090134268,37.17573855321431],[126.94908972922403,37.175313817485424],[126.94893232347562,37.17417331751113],[126.94812142713035,37.17375453497428],[126.94813367962165,37.173864414382784],[126.9474945612069,37.17377982268983],[126.94701868850746,37.173685165920816],[126.94643468343426,37.17347103202714],[126.94604268695231,37.17344191653471],[126.94568543007193,37.173287417145715],[126.94516141025225,37.17304754421733],[126.94442908764515,37.172549796737584],[126.94369913864658,37.17184583176467],[126.94389315537089,37.17165381356899],[126.94406498675866,37.17131658923883],[126.94447164533997,37.17123758342666],[126.94471952307913,37.17104785139957],[126.94492165717047,37.17035238311354],[126.94469766278942,37.169144500328365],[126.9448734309745,37.168679453676035],[126.94482540425908,37.16841575657668],[126.94486961738157,37.16817708065887],[126.94509613383443,37.1676881529909],[126.94573141666814,37.16729574915828],[126.94560032866205,37.16701815504479],[126.94534032215728,37.16673021876825],[126.94541654752054,37.16639262246384],[126.94537534037566,37.16579787393825],[126.9455602563915,37.1654922621291],[126.94553837561492,37.16511708157513],[126.9456540976597,37.16485117319919],[126.94505941625832,37.163480997724136],[126.94508226962502,37.16331635967168],[126.9452053660792,37.163170195752464],[126.94540124557142,37.162646607129815],[126.94529300699958,37.16252514829816],[126.94509407018943,37.16201117563964],[126.94470573809764,37.16164829026647],[126.94468962754073,37.16146773001459],[126.9446730784623,37.1606097686041],[126.9450662253538,37.15959214742109],[126.94477750745475,37.15928558016729],[126.94474274593908,37.158784714303934],[126.94382993477655,37.15825443755045],[126.9442432347826,37.15766584604058],[126.94376220834992,37.1571586001205],[126.94384253162713,37.1565801101843],[126.94379471948605,37.156182101502445],[126.94388994538755,37.1559163015974],[126.94373893326147,37.15536065772611],[126.94382290948971,37.15492069709076],[126.94390834897743,37.15370789594031],[126.94448578361306,37.15280564547905],[126.94470701178416,37.1521799890737],[126.94525206540642,37.15145575802363],[126.94635706333766,37.15046276802953],[126.9468046203238,37.150205310474824],[126.94761674821333,37.150015209003136],[126.94820442143403,37.15007552085345],[126.94898717885279,37.14947454387104],[126.9497423937626,37.14924908131726],[126.95017392908863,37.148819800281174],[126.95057720978764,37.14878808598306],[126.95081683600947,37.14885446111662],[126.95118113215533,37.14864139124175],[126.95236072787023,37.14843494140259],[126.95243498886266,37.148168792184826],[126.95241031463667,37.147438100236904],[126.9526858071506,37.14675836960467],[126.95257535846821,37.14650274939958],[126.9528083856317,37.145652305335055],[126.95301360469978,37.145420737711184],[126.95362361579758,37.14518946907982],[126.9540474043879,37.145142982968906],[126.95451610055534,37.14523720359988],[126.95491604987934,37.145051663410015],[126.95503337400527,37.1438846471902],[126.95540436061242,37.1434938790266],[126.95780704547192,37.14270923259436],[126.95836906001479,37.142578497327605],[126.95867376570527,37.143040713144096],[126.95942433007863,37.14352529822414],[126.95958891196076,37.14382637146144],[126.9596689805776,37.14385395396063],[126.95994970140231,37.14468786946225],[126.96068890687346,37.14434132889055],[126.96078470894676,37.144059476300875],[126.9620907459006,37.14393475242132],[126.96273723440042,37.14369614139992],[126.96328964677667,37.14361010797973],[126.96412559697346,37.14375359697639],[126.9646254405381,37.143559828810744],[126.96541110522384,37.143555727560525],[126.96564847680017,37.1436459500001],[126.96613859293474,37.143568822892504],[126.96712406623276,37.143740276930025],[126.96755835744518,37.1443599844467],[126.96774823337925,37.14430173150619],[126.96803153279417,37.14431664318222],[126.96918428735326,37.144629998042305],[126.96950614219776,37.1444508027771],[126.96973968311717,37.14402985740106],[126.97016117666304,37.1436683588267],[126.97084054600063,37.14365989541253],[126.97217502268607,37.14380353665415],[126.9730821737763,37.14352253884144],[126.9740928541217,37.143376797185006],[126.97463614124014,37.1427620606265],[126.97490033737195,37.14264372176667],[126.97561323087315,37.14278909342522],[126.97601622562581,37.143013011490986],[126.97721839738342,37.14292851078448],[126.97799422113683,37.142985667847306],[126.97857624791415,37.14341806230716],[126.97920960746983,37.14312019569816],[126.97972437712889,37.14218432190792],[126.98082975895753,37.14180659087368],[126.98190092118249,37.14174904234043],[126.982254851017,37.14159128076743],[126.98218677395184,37.14147820545736],[126.98214415733891,37.14087599715694],[126.9822709297678,37.140277546747924],[126.98212409096685,37.13998712212171],[126.98236645441115,37.139507755657675],[126.98240518577305,37.13895878562825],[126.98253126541914,37.1387248201069],[126.9825444028245,37.137855971555645],[126.98222664632841,37.136751867256926],[126.98200271607303,37.13564707454986],[126.98216328911111,37.13544567907636],[126.98226118239103,37.1348131995771],[126.98270999834068,37.13456182320413],[126.9830362659848,37.13407117797886],[126.98345305343413,37.13359764765704],[126.98380560174319,37.13363786984883],[126.9843715461053,37.133251373328974],[126.98451200899032,37.13274398235924],[126.98559663812105,37.132512579694634],[126.98559093395569,37.132397496154674],[126.98592723488368,37.13152140869973],[126.98642478344344,37.131091867832026],[126.98676961282595,37.13049387165248],[126.98703758305705,37.130148719279454],[126.98750722506651,37.129807500843555],[126.98855863068103,37.12955916322719],[126.98906012147135,37.12969488887989],[126.98936473328276,37.12968829770349],[126.98963921604182,37.129630657929184],[126.98985617989624,37.129511001229254],[126.99025703693333,37.12915954711151],[126.99072420967661,37.129183035982145],[126.991453694598,37.12908464170781],[126.99285808850628,37.129700759186434],[126.9928541965805,37.12978383623414],[126.99319251493652,37.12986063938816],[126.99391787172138,37.129663473973054],[126.99451468431484,37.12962028702157],[126.99518624957332,37.12948734691522],[126.99556917428583,37.12946649825414],[126.99566067205375,37.12952467495546],[126.99613338976647,37.12932773554678],[126.99674136524683,37.12869263434917],[126.99698681144056,37.12852823730855],[126.99736933268487,37.12796539769509],[126.99722861085453,37.12715703734887],[126.99681833453889,37.12620019033758],[126.99688752453014,37.125909169912255],[126.99682168212664,37.12574650865385],[126.99684329922651,37.12500950850207],[126.99676910491533,37.124717383074405],[126.99685706526935,37.12457895725378],[126.99731618869586,37.12419344833492],[126.99750127380162,37.124187525776755],[126.99760491620779,37.12431270400008],[126.99743900378701,37.12456066916896],[126.99742772974922,37.12495713360868],[126.997540238849,37.12532657053395],[126.99785530682365,37.12559689754499],[126.9981928951491,37.125587896891815],[126.99838419791388,37.125515817576435],[126.99925069111613,37.124894117337995],[126.99950951691929,37.12491213409292],[127.00013965944217,37.125173449371914],[127.00018466669283,37.12541673509426],[126.99998210809775,37.12573210237176],[126.99947571904522,37.125966360405044],[126.9992393998998,37.12618261863014],[126.99910435429788,37.12647997352472],[126.99910433422609,37.12675929191736],[126.99920562948382,37.12693049458486],[126.99941942421316,37.12705663737866],[126.99977952308362,37.12713774722132],[127.00052223624903,37.126777333265174],[127.00083732550628,37.12651602917718],[127.00106238737385,37.126425933624134],[127.00134371370122,37.126434935890494],[127.00152375135185,37.126516031052574],[127.00162502931435,37.126741295027855],[127.00162502964345,37.1269485379324],[127.00119742147366,37.127056664326005],[127.00099486397811,37.12718281147746],[127.00085982285489,37.12755224379093],[127.00111864532828,37.12786761450678],[127.00142248338959,37.1280117840566],[127.00213144042453,37.12799376130877],[127.00230023886482,37.12791266526166],[127.00360561988914,37.12795771112146],[127.0039994826401,37.1278946205607],[127.00451713526166,37.12794867189356],[127.00492226141895,37.12812887209179],[127.00512481963855,37.128101834402074],[127.0054286699559,37.12831807814993],[127.00556370515177,37.12822797702514],[127.00557495862681,37.12802072476921],[127.00570998685274,37.12802072005637],[127.00603634085647,37.12816487697747],[127.00637393904003,37.12814684247417],[127.00668904028521,37.12827297693929],[127.0078593704994,37.128083698245035],[127.00823071183258,37.12788545446463],[127.00853458678688,37.1282818924284],[127.0091422991239,37.128606234945906],[127.01097662757027,37.12883136653845],[127.01192195351435,37.12911962509266],[127.0127547076637,37.1291105384378],[127.01335112793261,37.12902938532313],[127.01346367366531,37.12910145848502],[127.01757137896497,37.13002906032592],[127.01821289086081,37.130290277774144],[127.01837048286471,37.13042541379399],[127.01832546301141,37.13045245185657],[127.01919213242277,37.13104702235526],[127.01950727335735,37.13120015434516],[127.0200587471989,37.131362250285555],[127.0212180781861,37.13205589382078],[127.02187082858231,37.13219093276538],[127.02226472516607,37.132226915665555],[127.02228721820366,37.132172839397505],[127.02280493061899,37.13228988469674],[127.02304129105472,37.1323889580726],[127.02413313479096,37.13310058829819],[127.02457204755677,37.13315456701706],[127.02476334731372,37.13305541357588],[127.02490964976296,37.13305538478274],[127.02514592282178,37.13285710576736],[127.02540476494035,37.13285705386771],[127.02604628435598,37.1330191217414],[127.02752077699112,37.13361349469027],[127.02775709477146,37.1335593792918],[127.02831982418897,37.13359529554653],[127.02866867114723,37.13354114381411],[127.02967032543266,37.13367607734006],[127.02998551975404,37.133856213041696],[127.03015440571421,37.13408143609632],[127.03027829932579,37.13427963818198],[127.03030085113221,37.1344238014956],[127.03019963445169,37.13461304756858],[127.03060492255412,37.13496436918514],[127.03159529885149,37.13495510238492],[127.03291221014517,37.13533321284046],[127.03349747916789,37.13543216335435],[127.0340152698846,37.1356662967218],[127.03520828565601,37.135747058476056],[127.0353771664023,37.13589117909473],[127.03570047161482,37.136488034977056],[127.03518629000578,37.13690491991469],[127.03479247953204,37.13713480005],[127.0339935119708,37.137396327502735],[127.03376291159668,37.13768022262379],[127.0335718304545,37.13827046507847],[127.03373526402687,37.1388335796836],[127.03370163490499,37.139153463068254],[127.03272841426278,37.13996016684535],[127.03264412707549,37.14023951577071],[127.03215471534777,37.140726212473766],[127.03207610681633,37.14116774919259],[127.03189051795773,37.14147415522208],[127.0316324459638,37.14218464793778],[127.03174460278665,37.142487878015835],[127.03175605555543,37.14298345459894],[127.03117678243875,37.14397025463013],[127.03087301746194,37.144326246381596],[127.03104770338157,37.144898371858275],[127.03111545762876,37.1454615132485],[127.03100863183724,37.14573185584773],[127.03128479731434,37.14674096627373],[127.0308010681696,37.14747093972495],[127.03015389109653,37.147610761108005],[127.02970941712115,37.148002825698576],[127.0300698254708,37.14855688686727],[127.03012025042041,37.14887647810945],[127.03013752649609,37.148989375840934],[127.02999692127557,37.149255220259064],[127.02994073018832,37.14949851796288],[127.0292039243091,37.150850271194855],[127.02876507424914,37.151296393858466],[127.02848371184633,37.15145414238942],[127.02779753611573,37.15285993802825],[127.02787640373175,37.15305815196674],[127.02787087064605,37.15333297407313],[127.02771902348204,37.15368892329355],[127.02784294680158,37.15396371666812],[127.02780362484962,37.15418898837807],[127.02883393760516,37.15497267039941],[127.02896358517148,37.15546371363376],[127.02966155661166,37.15553563402086],[127.03024777930118,37.15590999741462],[127.03060183315263,37.15628327978067],[127.03052884381796,37.15676536024769],[127.03002245554204,37.15730160878353],[127.03006206056378,37.15784223007367],[127.03002854300242,37.15852253186294],[127.02975858361445,37.15913531132729],[127.02949409440967,37.15932910007171],[127.02906071979564,37.15948238030538],[127.02832913448319,37.15999614723015],[127.0279858890715,37.16032060276984],[127.0272598634325,37.16070821465648],[127.02738408680995,37.161834501115706],[127.02729982002215,37.16230306584511],[127.02650086806344,37.16352866580047],[127.0261632008149,37.163803556919895],[127.02527971886495,37.164817419081096],[127.0247000340794,37.16527706956874],[127.02378243445607,37.165254719341526],[127.02364736557186,37.165380891680634],[127.02290427166267,37.16534048092046],[127.02227953787572,37.165818148658055],[127.02144085348083,37.16621024949016],[127.02135646909915,37.16643102091631],[127.02077103065606,37.16654374878197],[127.0205965615107,37.16672398701506],[127.0203995532478,37.16682313408421],[127.02005061988609,37.167219651173326],[127.01984232874261,37.16722869408248],[127.0196114860322,37.16709807733524],[127.01940882471058,37.16710711862241],[127.01913295523629,37.1670125497314],[127.01857006059534,37.16727393659556],[127.01759621282274,37.16758042977509],[127.01737106933369,37.16776968059632],[127.01676872222131,37.16786436993304],[127.01657927089849,37.167957031111506],[127.01598619017452,37.16776986690826],[127.01554140423333,37.167508606951394],[127.01506856616636,37.16770238772614],[127.01466356053497,37.16762584414617],[127.01414533295987,37.16781512101528],[127.01391450542066,37.16779712441188],[127.01324454353765,37.167535888208675],[127.01219183435089,37.16768466103083],[127.0116458086529,37.16801359219228],[127.01066061850908,37.1679415884061],[127.00987811910448,37.16808130898758],[127.00959664516202,37.1681444020228],[127.00913504546763,37.168432759548814],[127.00876911761416,37.16841927580489],[127.00823994079805,37.16852292777396],[127.00756438254705,37.168513953737786],[127.00711962556215,37.16831123944869],[127.00689444866248,37.16842838636793],[127.00624703116054,37.16828424607715],[127.00566159346927,37.16908169703417],[127.00525064094883,37.16937905710451],[127.00451316309204,37.16973500170093],[127.00414161287489,37.17009091609216],[127.00329715723056,37.170460362140226],[127.00312792192727,37.17080839490731],[127.0027229329012,37.17134790304459],[127.00194601488268,37.17170382293428],[127.00170393098826,37.172100285235494],[127.00163637299568,37.17264992529913],[127.00143369458564,37.17278508271051],[127.00118034603139,37.172843650474206],[127.00065676731931,37.17311846783526],[127.0003808856267,37.173190549458006],[126.99945755143442,37.173762703185034],[126.99841599389396,37.17378971207087],[126.99726743870548,37.17428525343719],[126.99677759816295,37.174672685891345],[126.9963215451015,37.17488891851912],[126.99579231194183,37.17491592564583],[126.99527434901003,37.17481678417778],[126.99514484545898,37.174947429364664],[126.99498154478557,37.17526278753462],[126.99491394937333,37.17565023471562],[126.99497017389777,37.176546781144445],[126.9951277699077,37.17715049218815],[126.99630723907255,37.17825658660701],[126.99670976782352,37.178930137095065],[126.99710387331127,37.17934012927416],[126.99750362185608,37.179592436902965],[126.99812295497645,37.17975013059568],[126.99852835189027,37.17997541248296],[126.99900130119256,37.18034936732883],[126.9992321437466,37.18064670877554],[126.99947425576107,37.18070077604628],[126.99982897181722,37.18057914013641],[127.00039204620465,37.17996192894313],[127.0004145725916,37.179655572835586],[127.00009927417473,37.17922306644837],[126.99924909247964,37.1787274768388],[126.99893379845383,37.17847517692444],[126.99877615709028,37.178213869415096],[126.99879868771396,37.17795707117929],[126.99895071358127,37.177763349172984],[127.0000148424419,37.177384927042816],[127.00072427144316,37.17743449150713],[127.00093259162007,37.17759217615867],[127.0015744481971,37.17783095533024],[127.00251331355257,37.178336664404185],[127.00310592874933,37.17920504304179],[127.00368587467386,37.17957896873687],[127.00454174440824,37.180268260614746],[127.00475570304143,37.18050702362479],[127.00505977980227,37.18110170647066],[127.00507104985262,37.18129092616586],[127.00492466416735,37.18150718193887],[127.00273999251381,37.18180457056634],[127.00233459018841,37.18209290033558],[127.00231770121754,37.18237223422529],[127.002542932907,37.182719135784545],[127.00324677984979,37.183133600383215],[127.00347201454623,37.18334535202616],[127.00355647999693,37.18350302488615],[127.00374229938225,37.18365171236993],[127.00393340864461,37.18403408608378],[127.00491916672496,37.18446713216253],[127.00530209061486,37.185016750318795],[127.00540910277853,37.185296071466134],[127.00552737485273,37.185949326660214],[127.00596098310345,37.18639082419128],[127.00594949054855,37.186491372454824],[127.00590652232843,37.18681332714153]]]]}}]}
